[2026-03-07T21:14:14.654+0000] {taskinstance.py:1956} INFO - Dependencies all met for dep_context=non-requeueable deps ti=<TaskInstance: insurance_claims_pipeline.stream_processing manual__2026-03-02T01:46:19+00:00 [queued]>
[2026-03-07T21:14:14.677+0000] {taskinstance.py:1956} INFO - Dependencies all met for dep_context=requeueable deps ti=<TaskInstance: insurance_claims_pipeline.stream_processing manual__2026-03-02T01:46:19+00:00 [queued]>
[2026-03-07T21:14:14.678+0000] {taskinstance.py:2170} INFO - Starting attempt 1 of 3
[2026-03-07T21:14:14.717+0000] {taskinstance.py:2191} INFO - Executing <Task(PythonOperator): stream_processing> on 2026-03-02 01:46:19+00:00
[2026-03-07T21:14:14.725+0000] {standard_task_runner.py:60} INFO - Started process 426 to run task
[2026-03-07T21:14:14.732+0000] {standard_task_runner.py:87} INFO - Running: ['airflow', 'tasks', 'run', 'insurance_claims_pipeline', 'stream_processing', 'manual__2026-03-02T01:46:19+00:00', '--job-id', '5', '--raw', '--subdir', 'DAGS_FOLDER/insurance_claims_pipeline.py', '--cfg-path', '/tmp/tmp8n5ydu23']
[2026-03-07T21:14:14.736+0000] {standard_task_runner.py:88} INFO - Job 5: Subtask stream_processing
[2026-03-07T21:14:14.870+0000] {task_command.py:423} INFO - Running <TaskInstance: insurance_claims_pipeline.stream_processing manual__2026-03-02T01:46:19+00:00 [running]> on host 9dc18f9f578f
[2026-03-07T21:14:15.085+0000] {taskinstance.py:2480} INFO - Exporting env vars: AIRFLOW_CTX_DAG_OWNER='insurance-pipeline-team' AIRFLOW_CTX_DAG_ID='insurance_claims_pipeline' AIRFLOW_CTX_TASK_ID='stream_processing' AIRFLOW_CTX_EXECUTION_DATE='2026-03-02T01:46:19+00:00' AIRFLOW_CTX_TRY_NUMBER='1' AIRFLOW_CTX_DAG_RUN_ID='manual__2026-03-02T01:46:19+00:00'
[2026-03-07T21:14:17.400+0000] {logging_mixin.py:188} INFO - 2026-03-07 21:14:17 [info     ] OTLP tracing exporter initialized endpoint=http://jaeger:4317
[2026-03-07T21:14:17.411+0000] {logging_mixin.py:188} INFO - 2026-03-07 21:14:17 [info     ] Tracing initialized            service=insurance-claims-pipeline
[2026-03-07T21:14:22.210+0000] {logging_mixin.py:188} INFO - 2026-03-07 21:14:22 [info     ] Stream processor started       max_messages=50 topic=insurance.claims.raw
[2026-03-07T21:14:26.725+0000] {logging_mixin.py:188} INFO - 2026-03-07 21:14:26 [debug    ] Lineage event recorded         claim_id=CLM-4E48EEDC641A latency_ms=4.174470901489258 source=src_claims_ingestion target=tx_validation
[2026-03-07T21:14:26.729+0000] {logging_mixin.py:188} INFO - 2026-03-07 21:14:26 [info     ] Claim validated                claim_id=CLM-4E48EEDC641A errors=0 latency_ms=4.17 valid=True
[2026-03-07T21:14:26.872+0000] {logging_mixin.py:188} INFO - 2026-03-07 21:14:26 [debug    ] Stored to S3                   key=validated/2026/03/07/CLM-4E48EEDC641A.json
[2026-03-07T21:14:26.932+0000] {logging_mixin.py:188} INFO - 2026-03-07 21:14:26 [debug    ] Lineage event recorded         claim_id=CLM-4E48EEDC641A latency_ms=0.5130767822265625 source=tx_validation target=tx_fraud_detection
[2026-03-07T21:14:26.933+0000] {logging_mixin.py:188} INFO - 2026-03-07 21:14:26 [info     ] Claim fraud scored             claim_id=CLM-4E48EEDC641A fraud_score=0.8022 risk_level=critical rules=['high_amount', 'weekend_filing', 'late_filing', 'excessive_amount_for_type']
[2026-03-07T21:14:26.945+0000] {logging_mixin.py:188} INFO - 2026-03-07 21:14:26 [debug    ] Stored to S3                   key=scored/2026/03/07/CLM-4E48EEDC641A.json
[2026-03-07T21:14:26.999+0000] {logging_mixin.py:188} INFO - 2026-03-07 21:14:26 [debug    ] Lineage event recorded         claim_id=CLM-4E48EEDC641A latency_ms=0.9138584136962891 source=tx_fraud_detection target=tx_enrichment
[2026-03-07T21:14:27.000+0000] {logging_mixin.py:188} INFO - 2026-03-07 21:14:27 [info     ] Claim enriched                 claim_id=CLM-4E48EEDC641A fields=['policy', 'claimant_history', 'geo_risk', 'category_analysis', 'adjuster_recommendation', 'reserve_estimate'] latency_ms=0.91
[2026-03-07T21:14:27.011+0000] {logging_mixin.py:188} INFO - 2026-03-07 21:14:27 [debug    ] Stored to S3                   key=enriched/2026/03/07/CLM-4E48EEDC641A.json
[2026-03-07T21:14:27.062+0000] {logging_mixin.py:188} INFO - 2026-03-07 21:14:27 [debug    ] Lineage event recorded         claim_id=CLM-4E48EEDC641A latency_ms=857.7356338500977 source=tx_enrichment target=sink_s3_datalake
[2026-03-07T21:14:27.110+0000] {logging_mixin.py:188} INFO - 2026-03-07 21:14:27 [debug    ] Stored to PostgreSQL           claim_id=CLM-4E48EEDC641A
[2026-03-07T21:14:27.145+0000] {logging_mixin.py:188} INFO - 2026-03-07 21:14:27 [debug    ] Lineage event recorded         claim_id=CLM-4E48EEDC641A latency_ms=0 source=tx_enrichment target=sink_postgres
[2026-03-07T21:14:27.177+0000] {logging_mixin.py:188} INFO - 2026-03-07 21:14:27 [debug    ] Lineage event recorded         claim_id=CLM-D8A703CC2536 latency_ms=0.10585784912109375 source=src_claims_ingestion target=tx_validation
[2026-03-07T21:14:27.178+0000] {logging_mixin.py:188} INFO - 2026-03-07 21:14:27 [info     ] Claim validated                claim_id=CLM-D8A703CC2536 errors=0 latency_ms=0.11 valid=True
[2026-03-07T21:14:27.192+0000] {logging_mixin.py:188} INFO - 2026-03-07 21:14:27 [debug    ] Stored to S3                   key=validated/2026/03/07/CLM-D8A703CC2536.json
[2026-03-07T21:14:27.246+0000] {logging_mixin.py:188} INFO - 2026-03-07 21:14:27 [debug    ] Lineage event recorded         claim_id=CLM-D8A703CC2536 latency_ms=0.16927719116210938 source=tx_validation target=tx_fraud_detection
[2026-03-07T21:14:27.247+0000] {logging_mixin.py:188} INFO - 2026-03-07 21:14:27 [info     ] Claim fraud scored             claim_id=CLM-D8A703CC2536 fraud_score=0.1951 risk_level=low rules=['high_amount', 'weekend_filing', 'late_filing']
[2026-03-07T21:14:27.260+0000] {logging_mixin.py:188} INFO - 2026-03-07 21:14:27 [debug    ] Stored to S3                   key=scored/2026/03/07/CLM-D8A703CC2536.json
[2026-03-07T21:14:27.300+0000] {logging_mixin.py:188} INFO - 2026-03-07 21:14:27 [debug    ] Lineage event recorded         claim_id=CLM-D8A703CC2536 latency_ms=0.4010200500488281 source=tx_fraud_detection target=tx_enrichment
[2026-03-07T21:14:27.303+0000] {logging_mixin.py:188} INFO - 2026-03-07 21:14:27 [info     ] Claim enriched                 claim_id=CLM-D8A703CC2536 fields=['policy', 'claimant_history', 'geo_risk', 'category_analysis', 'adjuster_recommendation', 'reserve_estimate'] latency_ms=0.4
[2026-03-07T21:14:27.316+0000] {logging_mixin.py:188} INFO - 2026-03-07 21:14:27 [debug    ] Stored to S3                   key=enriched/2026/03/07/CLM-D8A703CC2536.json
[2026-03-07T21:14:27.358+0000] {logging_mixin.py:188} INFO - 2026-03-07 21:14:27 [debug    ] Lineage event recorded         claim_id=CLM-D8A703CC2536 latency_ms=170.8204746246338 source=tx_enrichment target=sink_s3_datalake
[2026-03-07T21:14:27.412+0000] {logging_mixin.py:188} INFO - 2026-03-07 21:14:27 [debug    ] Stored to PostgreSQL           claim_id=CLM-D8A703CC2536
[2026-03-07T21:14:27.618+0000] {logging_mixin.py:188} INFO - 2026-03-07 21:14:27 [debug    ] Lineage event recorded         claim_id=CLM-D8A703CC2536 latency_ms=0 source=tx_enrichment target=sink_postgres
[2026-03-07T21:14:28.123+0000] {logging_mixin.py:188} INFO - 2026-03-07 21:14:28 [debug    ] Lineage event recorded         claim_id=CLM-DAE3A2E9B068 latency_ms=4.528999328613281 source=src_claims_ingestion target=tx_validation
[2026-03-07T21:14:28.126+0000] {logging_mixin.py:188} INFO - 2026-03-07 21:14:28 [info     ] Claim validated                claim_id=CLM-DAE3A2E9B068 errors=1 latency_ms=4.53 valid=False
[2026-03-07T21:14:28.160+0000] {logging_mixin.py:188} INFO - 2026-03-07 21:14:28 [debug    ] Stored to S3                   key=rejected/2026/03/07/CLM-DAE3A2E9B068.json
[2026-03-07T21:14:28.244+0000] {logging_mixin.py:188} INFO - 2026-03-07 21:14:28 [debug    ] Lineage event recorded         claim_id=CLM-DAC48E9B2C08 latency_ms=0.2834796905517578 source=src_claims_ingestion target=tx_validation
[2026-03-07T21:14:28.247+0000] {logging_mixin.py:188} INFO - 2026-03-07 21:14:28 [info     ] Claim validated                claim_id=CLM-DAC48E9B2C08 errors=0 latency_ms=0.28 valid=True
[2026-03-07T21:14:28.272+0000] {logging_mixin.py:188} INFO - 2026-03-07 21:14:28 [debug    ] Stored to S3                   key=validated/2026/03/07/CLM-DAC48E9B2C08.json
[2026-03-07T21:14:28.323+0000] {logging_mixin.py:188} INFO - 2026-03-07 21:14:28 [debug    ] Lineage event recorded         claim_id=CLM-DAC48E9B2C08 latency_ms=0.32782554626464844 source=tx_validation target=tx_fraud_detection
[2026-03-07T21:14:28.324+0000] {logging_mixin.py:188} INFO - 2026-03-07 21:14:28 [info     ] Claim fraud scored             claim_id=CLM-DAC48E9B2C08 fraud_score=0.4983 risk_level=medium rules=['high_amount', 'weekend_filing', 'late_filing', 'excessive_amount_for_type']
[2026-03-07T21:14:28.340+0000] {logging_mixin.py:188} INFO - 2026-03-07 21:14:28 [debug    ] Stored to S3                   key=scored/2026/03/07/CLM-DAC48E9B2C08.json
[2026-03-07T21:14:28.391+0000] {logging_mixin.py:188} INFO - 2026-03-07 21:14:28 [debug    ] Lineage event recorded         claim_id=CLM-DAC48E9B2C08 latency_ms=0.3879070281982422 source=tx_fraud_detection target=tx_enrichment
[2026-03-07T21:14:28.393+0000] {logging_mixin.py:188} INFO - 2026-03-07 21:14:28 [info     ] Claim enriched                 claim_id=CLM-DAC48E9B2C08 fields=['policy', 'claimant_history', 'geo_risk', 'category_analysis', 'adjuster_recommendation', 'reserve_estimate'] latency_ms=0.39
[2026-03-07T21:14:28.404+0000] {logging_mixin.py:188} INFO - 2026-03-07 21:14:28 [debug    ] Stored to S3                   key=enriched/2026/03/07/CLM-DAC48E9B2C08.json
[2026-03-07T21:14:28.471+0000] {logging_mixin.py:188} INFO - 2026-03-07 21:14:28 [debug    ] Lineage event recorded         claim_id=CLM-DAC48E9B2C08 latency_ms=246.05274200439453 source=tx_enrichment target=sink_s3_datalake
[2026-03-07T21:14:28.543+0000] {logging_mixin.py:188} INFO - 2026-03-07 21:14:28 [debug    ] Stored to PostgreSQL           claim_id=CLM-DAC48E9B2C08
[2026-03-07T21:14:28.631+0000] {logging_mixin.py:188} INFO - 2026-03-07 21:14:28 [debug    ] Lineage event recorded         claim_id=CLM-DAC48E9B2C08 latency_ms=0 source=tx_enrichment target=sink_postgres
[2026-03-07T21:14:28.687+0000] {logging_mixin.py:188} INFO - 2026-03-07 21:14:28 [debug    ] Lineage event recorded         claim_id=CLM-1D54BD80F59B latency_ms=0.2543926239013672 source=src_claims_ingestion target=tx_validation
[2026-03-07T21:14:28.690+0000] {logging_mixin.py:188} INFO - 2026-03-07 21:14:28 [info     ] Claim validated                claim_id=CLM-1D54BD80F59B errors=0 latency_ms=0.25 valid=True
[2026-03-07T21:14:28.712+0000] {logging_mixin.py:188} INFO - 2026-03-07 21:14:28 [debug    ] Stored to S3                   key=validated/2026/03/07/CLM-1D54BD80F59B.json
[2026-03-07T21:14:28.773+0000] {logging_mixin.py:188} INFO - 2026-03-07 21:14:28 [debug    ] Lineage event recorded         claim_id=CLM-1D54BD80F59B latency_ms=0.3962516784667969 source=tx_validation target=tx_fraud_detection
[2026-03-07T21:14:28.774+0000] {logging_mixin.py:188} INFO - 2026-03-07 21:14:28 [info     ] Claim fraud scored             claim_id=CLM-1D54BD80F59B fraud_score=0.2232 risk_level=low rules=['high_amount', 'weekend_filing', 'late_filing']
[2026-03-07T21:14:28.799+0000] {logging_mixin.py:188} INFO - 2026-03-07 21:14:28 [debug    ] Stored to S3                   key=scored/2026/03/07/CLM-1D54BD80F59B.json
[2026-03-07T21:14:28.847+0000] {logging_mixin.py:188} INFO - 2026-03-07 21:14:28 [debug    ] Lineage event recorded         claim_id=CLM-1D54BD80F59B latency_ms=0.5884170532226562 source=tx_fraud_detection target=tx_enrichment
[2026-03-07T21:14:28.848+0000] {logging_mixin.py:188} INFO - 2026-03-07 21:14:28 [info     ] Claim enriched                 claim_id=CLM-1D54BD80F59B fields=['policy', 'claimant_history', 'geo_risk', 'category_analysis', 'adjuster_recommendation', 'reserve_estimate'] latency_ms=0.59
[2026-03-07T21:14:28.869+0000] {logging_mixin.py:188} INFO - 2026-03-07 21:14:28 [debug    ] Stored to S3                   key=enriched/2026/03/07/CLM-1D54BD80F59B.json
[2026-03-07T21:14:28.909+0000] {logging_mixin.py:188} INFO - 2026-03-07 21:14:28 [debug    ] Lineage event recorded         claim_id=CLM-1D54BD80F59B latency_ms=237.08534240722656 source=tx_enrichment target=sink_s3_datalake
[2026-03-07T21:14:28.941+0000] {logging_mixin.py:188} INFO - 2026-03-07 21:14:28 [debug    ] Stored to PostgreSQL           claim_id=CLM-1D54BD80F59B
[2026-03-07T21:14:28.967+0000] {logging_mixin.py:188} INFO - 2026-03-07 21:14:28 [debug    ] Lineage event recorded         claim_id=CLM-1D54BD80F59B latency_ms=0 source=tx_enrichment target=sink_postgres
[2026-03-07T21:14:29.022+0000] {logging_mixin.py:188} INFO - 2026-03-07 21:14:29 [debug    ] Lineage event recorded         claim_id=CLM-F184F6BE2D2D latency_ms=0.3223419189453125 source=src_claims_ingestion target=tx_validation
[2026-03-07T21:14:29.025+0000] {logging_mixin.py:188} INFO - 2026-03-07 21:14:29 [info     ] Claim validated                claim_id=CLM-F184F6BE2D2D errors=1 latency_ms=0.32 valid=False
[2026-03-07T21:14:29.049+0000] {logging_mixin.py:188} INFO - 2026-03-07 21:14:29 [debug    ] Stored to S3                   key=rejected/2026/03/07/CLM-F184F6BE2D2D.json
[2026-03-07T21:14:29.109+0000] {logging_mixin.py:188} INFO - 2026-03-07 21:14:29 [debug    ] Lineage event recorded         claim_id=CLM-14BF0EE00F9E latency_ms=0.11181831359863281 source=src_claims_ingestion target=tx_validation
[2026-03-07T21:14:29.111+0000] {logging_mixin.py:188} INFO - 2026-03-07 21:14:29 [info     ] Claim validated                claim_id=CLM-14BF0EE00F9E errors=0 latency_ms=0.11 valid=True
[2026-03-07T21:14:29.134+0000] {logging_mixin.py:188} INFO - 2026-03-07 21:14:29 [debug    ] Stored to S3                   key=validated/2026/03/07/CLM-14BF0EE00F9E.json
[2026-03-07T21:14:29.164+0000] {logging_mixin.py:188} INFO - 2026-03-07 21:14:29 [debug    ] Lineage event recorded         claim_id=CLM-14BF0EE00F9E latency_ms=0.2791881561279297 source=tx_validation target=tx_fraud_detection
[2026-03-07T21:14:29.165+0000] {logging_mixin.py:188} INFO - 2026-03-07 21:14:29 [info     ] Claim fraud scored             claim_id=CLM-14BF0EE00F9E fraud_score=0.1833 risk_level=low rules=['high_amount', 'weekend_filing', 'late_filing']
[2026-03-07T21:14:29.177+0000] {logging_mixin.py:188} INFO - 2026-03-07 21:14:29 [debug    ] Stored to S3                   key=scored/2026/03/07/CLM-14BF0EE00F9E.json
[2026-03-07T21:14:29.230+0000] {logging_mixin.py:188} INFO - 2026-03-07 21:14:29 [debug    ] Lineage event recorded         claim_id=CLM-14BF0EE00F9E latency_ms=0.45609474182128906 source=tx_fraud_detection target=tx_enrichment
[2026-03-07T21:14:29.231+0000] {logging_mixin.py:188} INFO - 2026-03-07 21:14:29 [info     ] Claim enriched                 claim_id=CLM-14BF0EE00F9E fields=['policy', 'claimant_history', 'geo_risk', 'category_analysis', 'adjuster_recommendation', 'reserve_estimate'] latency_ms=0.46
[2026-03-07T21:14:29.246+0000] {logging_mixin.py:188} INFO - 2026-03-07 21:14:29 [debug    ] Stored to S3                   key=enriched/2026/03/07/CLM-14BF0EE00F9E.json
[2026-03-07T21:14:29.288+0000] {logging_mixin.py:188} INFO - 2026-03-07 21:14:29 [debug    ] Lineage event recorded         claim_id=CLM-14BF0EE00F9E latency_ms=197.0219612121582 source=tx_enrichment target=sink_s3_datalake
[2026-03-07T21:14:29.328+0000] {logging_mixin.py:188} INFO - 2026-03-07 21:14:29 [debug    ] Stored to PostgreSQL           claim_id=CLM-14BF0EE00F9E
[2026-03-07T21:14:29.370+0000] {logging_mixin.py:188} INFO - 2026-03-07 21:14:29 [debug    ] Lineage event recorded         claim_id=CLM-14BF0EE00F9E latency_ms=0 source=tx_enrichment target=sink_postgres
[2026-03-07T21:14:29.411+0000] {logging_mixin.py:188} INFO - 2026-03-07 21:14:29 [debug    ] Lineage event recorded         claim_id=CLM-4EE06A6D8753 latency_ms=0.5643367767333984 source=src_claims_ingestion target=tx_validation
[2026-03-07T21:14:29.412+0000] {logging_mixin.py:188} INFO - 2026-03-07 21:14:29 [info     ] Claim validated                claim_id=CLM-4EE06A6D8753 errors=0 latency_ms=0.56 valid=True
[2026-03-07T21:14:29.427+0000] {logging_mixin.py:188} INFO - 2026-03-07 21:14:29 [debug    ] Stored to S3                   key=validated/2026/03/07/CLM-4EE06A6D8753.json
[2026-03-07T21:14:29.473+0000] {logging_mixin.py:188} INFO - 2026-03-07 21:14:29 [debug    ] Lineage event recorded         claim_id=CLM-4EE06A6D8753 latency_ms=0.31638145446777344 source=tx_validation target=tx_fraud_detection
[2026-03-07T21:14:29.474+0000] {logging_mixin.py:188} INFO - 2026-03-07 21:14:29 [info     ] Claim fraud scored             claim_id=CLM-4EE06A6D8753 fraud_score=0.1948 risk_level=low rules=['high_amount', 'weekend_filing', 'late_filing']
[2026-03-07T21:14:29.487+0000] {logging_mixin.py:188} INFO - 2026-03-07 21:14:29 [debug    ] Stored to S3                   key=scored/2026/03/07/CLM-4EE06A6D8753.json
[2026-03-07T21:14:29.515+0000] {logging_mixin.py:188} INFO - 2026-03-07 21:14:29 [debug    ] Lineage event recorded         claim_id=CLM-4EE06A6D8753 latency_ms=0.35643577575683594 source=tx_fraud_detection target=tx_enrichment
[2026-03-07T21:14:29.516+0000] {logging_mixin.py:188} INFO - 2026-03-07 21:14:29 [info     ] Claim enriched                 claim_id=CLM-4EE06A6D8753 fields=['policy', 'claimant_history', 'geo_risk', 'category_analysis', 'adjuster_recommendation', 'reserve_estimate'] latency_ms=0.36
[2026-03-07T21:14:29.527+0000] {logging_mixin.py:188} INFO - 2026-03-07 21:14:29 [debug    ] Stored to S3                   key=enriched/2026/03/07/CLM-4EE06A6D8753.json
[2026-03-07T21:14:29.556+0000] {logging_mixin.py:188} INFO - 2026-03-07 21:14:29 [debug    ] Lineage event recorded         claim_id=CLM-4EE06A6D8753 latency_ms=160.10189056396484 source=tx_enrichment target=sink_s3_datalake
[2026-03-07T21:14:29.586+0000] {logging_mixin.py:188} INFO - 2026-03-07 21:14:29 [debug    ] Stored to PostgreSQL           claim_id=CLM-4EE06A6D8753
[2026-03-07T21:14:29.615+0000] {logging_mixin.py:188} INFO - 2026-03-07 21:14:29 [debug    ] Lineage event recorded         claim_id=CLM-4EE06A6D8753 latency_ms=0 source=tx_enrichment target=sink_postgres
[2026-03-07T21:14:29.646+0000] {logging_mixin.py:188} INFO - 2026-03-07 21:14:29 [debug    ] Lineage event recorded         claim_id=CLM-DDA0B2E7A507 latency_ms=0.11515617370605469 source=src_claims_ingestion target=tx_validation
[2026-03-07T21:14:29.647+0000] {logging_mixin.py:188} INFO - 2026-03-07 21:14:29 [info     ] Claim validated                claim_id=CLM-DDA0B2E7A507 errors=0 latency_ms=0.12 valid=True
[2026-03-07T21:14:29.655+0000] {logging_mixin.py:188} INFO - 2026-03-07 21:14:29 [debug    ] Stored to S3                   key=validated/2026/03/07/CLM-DDA0B2E7A507.json
[2026-03-07T21:14:29.700+0000] {logging_mixin.py:188} INFO - 2026-03-07 21:14:29 [debug    ] Lineage event recorded         claim_id=CLM-DDA0B2E7A507 latency_ms=0.2486705780029297 source=tx_validation target=tx_fraud_detection
[2026-03-07T21:14:29.701+0000] {logging_mixin.py:188} INFO - 2026-03-07 21:14:29 [info     ] Claim fraud scored             claim_id=CLM-DDA0B2E7A507 fraud_score=0.4371 risk_level=medium rules=['high_amount', 'weekend_filing', 'late_filing', 'excessive_amount_for_type']
[2026-03-07T21:14:29.714+0000] {logging_mixin.py:188} INFO - 2026-03-07 21:14:29 [debug    ] Stored to S3                   key=scored/2026/03/07/CLM-DDA0B2E7A507.json
[2026-03-07T21:14:29.770+0000] {logging_mixin.py:188} INFO - 2026-03-07 21:14:29 [debug    ] Lineage event recorded         claim_id=CLM-DDA0B2E7A507 latency_ms=0.4379749298095703 source=tx_fraud_detection target=tx_enrichment
[2026-03-07T21:14:29.771+0000] {logging_mixin.py:188} INFO - 2026-03-07 21:14:29 [info     ] Claim enriched                 claim_id=CLM-DDA0B2E7A507 fields=['policy', 'claimant_history', 'geo_risk', 'category_analysis', 'adjuster_recommendation', 'reserve_estimate'] latency_ms=0.44
[2026-03-07T21:14:29.788+0000] {logging_mixin.py:188} INFO - 2026-03-07 21:14:29 [debug    ] Stored to S3                   key=enriched/2026/03/07/CLM-DDA0B2E7A507.json
[2026-03-07T21:14:29.845+0000] {logging_mixin.py:188} INFO - 2026-03-07 21:14:29 [debug    ] Lineage event recorded         claim_id=CLM-DDA0B2E7A507 latency_ms=174.23343658447266 source=tx_enrichment target=sink_s3_datalake
[2026-03-07T21:14:29.906+0000] {logging_mixin.py:188} INFO - 2026-03-07 21:14:29 [debug    ] Stored to PostgreSQL           claim_id=CLM-DDA0B2E7A507
[2026-03-07T21:14:29.992+0000] {logging_mixin.py:188} INFO - 2026-03-07 21:14:29 [debug    ] Lineage event recorded         claim_id=CLM-DDA0B2E7A507 latency_ms=0 source=tx_enrichment target=sink_postgres
[2026-03-07T21:14:30.104+0000] {logging_mixin.py:188} INFO - 2026-03-07 21:14:30 [debug    ] Lineage event recorded         claim_id=CLM-64D956B30268 latency_ms=0.17595291137695312 source=src_claims_ingestion target=tx_validation
[2026-03-07T21:14:30.105+0000] {logging_mixin.py:188} INFO - 2026-03-07 21:14:30 [info     ] Claim validated                claim_id=CLM-64D956B30268 errors=1 latency_ms=0.18 valid=False
[2026-03-07T21:14:30.113+0000] {logging_mixin.py:188} INFO - 2026-03-07 21:14:30 [debug    ] Stored to S3                   key=rejected/2026/03/07/CLM-64D956B30268.json
[2026-03-07T21:14:30.114+0000] {logging_mixin.py:188} INFO - 2026-03-07 21:14:30 [info     ] Processed 10 claims            throughput=1.27/s
[2026-03-07T21:14:30.151+0000] {logging_mixin.py:188} INFO - 2026-03-07 21:14:30 [debug    ] Lineage event recorded         claim_id=CLM-62242EE1239B latency_ms=0.12564659118652344 source=src_claims_ingestion target=tx_validation
[2026-03-07T21:14:30.151+0000] {logging_mixin.py:188} INFO - 2026-03-07 21:14:30 [info     ] Claim validated                claim_id=CLM-62242EE1239B errors=1 latency_ms=0.13 valid=False
[2026-03-07T21:14:30.160+0000] {logging_mixin.py:188} INFO - 2026-03-07 21:14:30 [debug    ] Stored to S3                   key=rejected/2026/03/07/CLM-62242EE1239B.json
[2026-03-07T21:14:30.188+0000] {logging_mixin.py:188} INFO - 2026-03-07 21:14:30 [debug    ] Lineage event recorded         claim_id=CLM-F4168A4D4B13 latency_ms=0.10061264038085938 source=src_claims_ingestion target=tx_validation
[2026-03-07T21:14:30.189+0000] {logging_mixin.py:188} INFO - 2026-03-07 21:14:30 [info     ] Claim validated                claim_id=CLM-F4168A4D4B13 errors=1 latency_ms=0.1 valid=False
[2026-03-07T21:14:30.201+0000] {logging_mixin.py:188} INFO - 2026-03-07 21:14:30 [debug    ] Stored to S3                   key=rejected/2026/03/07/CLM-F4168A4D4B13.json
[2026-03-07T21:14:30.226+0000] {logging_mixin.py:188} INFO - 2026-03-07 21:14:30 [debug    ] Lineage event recorded         claim_id=CLM-EDEF7E0C32D4 latency_ms=0.1685619354248047 source=src_claims_ingestion target=tx_validation
[2026-03-07T21:14:30.227+0000] {logging_mixin.py:188} INFO - 2026-03-07 21:14:30 [info     ] Claim validated                claim_id=CLM-EDEF7E0C32D4 errors=0 latency_ms=0.17 valid=True
[2026-03-07T21:14:30.235+0000] {logging_mixin.py:188} INFO - 2026-03-07 21:14:30 [debug    ] Stored to S3                   key=validated/2026/03/07/CLM-EDEF7E0C32D4.json
[2026-03-07T21:14:30.285+0000] {logging_mixin.py:188} INFO - 2026-03-07 21:14:30 [debug    ] Lineage event recorded         claim_id=CLM-EDEF7E0C32D4 latency_ms=0.27108192443847656 source=tx_validation target=tx_fraud_detection
[2026-03-07T21:14:30.286+0000] {logging_mixin.py:188} INFO - 2026-03-07 21:14:30 [info     ] Claim fraud scored             claim_id=CLM-EDEF7E0C32D4 fraud_score=0.4959 risk_level=medium rules=['high_amount', 'weekend_filing', 'late_filing', 'excessive_amount_for_type']
[2026-03-07T21:14:30.297+0000] {logging_mixin.py:188} INFO - 2026-03-07 21:14:30 [debug    ] Stored to S3                   key=scored/2026/03/07/CLM-EDEF7E0C32D4.json
[2026-03-07T21:14:30.326+0000] {logging_mixin.py:188} INFO - 2026-03-07 21:14:30 [debug    ] Lineage event recorded         claim_id=CLM-EDEF7E0C32D4 latency_ms=0.30994415283203125 source=tx_fraud_detection target=tx_enrichment
[2026-03-07T21:14:30.326+0000] {logging_mixin.py:188} INFO - 2026-03-07 21:14:30 [info     ] Claim enriched                 claim_id=CLM-EDEF7E0C32D4 fields=['policy', 'claimant_history', 'geo_risk', 'category_analysis', 'adjuster_recommendation', 'reserve_estimate'] latency_ms=0.31
[2026-03-07T21:14:30.335+0000] {logging_mixin.py:188} INFO - 2026-03-07 21:14:30 [debug    ] Stored to S3                   key=enriched/2026/03/07/CLM-EDEF7E0C32D4.json
[2026-03-07T21:14:30.360+0000] {logging_mixin.py:188} INFO - 2026-03-07 21:14:30 [debug    ] Lineage event recorded         claim_id=CLM-EDEF7E0C32D4 latency_ms=134.39345359802246 source=tx_enrichment target=sink_s3_datalake
[2026-03-07T21:14:30.390+0000] {logging_mixin.py:188} INFO - 2026-03-07 21:14:30 [debug    ] Stored to PostgreSQL           claim_id=CLM-EDEF7E0C32D4
[2026-03-07T21:14:30.427+0000] {logging_mixin.py:188} INFO - 2026-03-07 21:14:30 [debug    ] Lineage event recorded         claim_id=CLM-EDEF7E0C32D4 latency_ms=0 source=tx_enrichment target=sink_postgres
[2026-03-07T21:14:30.463+0000] {logging_mixin.py:188} INFO - 2026-03-07 21:14:30 [debug    ] Lineage event recorded         claim_id=CLM-C43D04C78450 latency_ms=0.1399517059326172 source=src_claims_ingestion target=tx_validation
[2026-03-07T21:14:30.464+0000] {logging_mixin.py:188} INFO - 2026-03-07 21:14:30 [info     ] Claim validated                claim_id=CLM-C43D04C78450 errors=0 latency_ms=0.14 valid=True
[2026-03-07T21:14:30.475+0000] {logging_mixin.py:188} INFO - 2026-03-07 21:14:30 [debug    ] Stored to S3                   key=validated/2026/03/07/CLM-C43D04C78450.json
[2026-03-07T21:14:30.510+0000] {logging_mixin.py:188} INFO - 2026-03-07 21:14:30 [debug    ] Lineage event recorded         claim_id=CLM-C43D04C78450 latency_ms=0.2205371856689453 source=tx_validation target=tx_fraud_detection
[2026-03-07T21:14:30.511+0000] {logging_mixin.py:188} INFO - 2026-03-07 21:14:30 [info     ] Claim fraud scored             claim_id=CLM-C43D04C78450 fraud_score=0.2412 risk_level=low rules=['high_amount', 'weekend_filing', 'late_filing']
[2026-03-07T21:14:30.526+0000] {logging_mixin.py:188} INFO - 2026-03-07 21:14:30 [debug    ] Stored to S3                   key=scored/2026/03/07/CLM-C43D04C78450.json
[2026-03-07T21:14:30.556+0000] {logging_mixin.py:188} INFO - 2026-03-07 21:14:30 [debug    ] Lineage event recorded         claim_id=CLM-C43D04C78450 latency_ms=0.5080699920654297 source=tx_fraud_detection target=tx_enrichment
[2026-03-07T21:14:30.557+0000] {logging_mixin.py:188} INFO - 2026-03-07 21:14:30 [info     ] Claim enriched                 claim_id=CLM-C43D04C78450 fields=['policy', 'claimant_history', 'geo_risk', 'category_analysis', 'adjuster_recommendation', 'reserve_estimate'] latency_ms=0.51
[2026-03-07T21:14:30.566+0000] {logging_mixin.py:188} INFO - 2026-03-07 21:14:30 [debug    ] Stored to S3                   key=enriched/2026/03/07/CLM-C43D04C78450.json
[2026-03-07T21:14:30.591+0000] {logging_mixin.py:188} INFO - 2026-03-07 21:14:30 [debug    ] Lineage event recorded         claim_id=CLM-C43D04C78450 latency_ms=138.63825798034668 source=tx_enrichment target=sink_s3_datalake
[2026-03-07T21:14:30.616+0000] {logging_mixin.py:188} INFO - 2026-03-07 21:14:30 [debug    ] Stored to PostgreSQL           claim_id=CLM-C43D04C78450
[2026-03-07T21:14:30.638+0000] {logging_mixin.py:188} INFO - 2026-03-07 21:14:30 [debug    ] Lineage event recorded         claim_id=CLM-C43D04C78450 latency_ms=0 source=tx_enrichment target=sink_postgres
[2026-03-07T21:14:30.664+0000] {logging_mixin.py:188} INFO - 2026-03-07 21:14:30 [debug    ] Lineage event recorded         claim_id=CLM-6F55F7816113 latency_ms=0.087738037109375 source=src_claims_ingestion target=tx_validation
[2026-03-07T21:14:30.665+0000] {logging_mixin.py:188} INFO - 2026-03-07 21:14:30 [info     ] Claim validated                claim_id=CLM-6F55F7816113 errors=0 latency_ms=0.09 valid=True
[2026-03-07T21:14:30.672+0000] {logging_mixin.py:188} INFO - 2026-03-07 21:14:30 [debug    ] Stored to S3                   key=validated/2026/03/07/CLM-6F55F7816113.json
[2026-03-07T21:14:30.697+0000] {logging_mixin.py:188} INFO - 2026-03-07 21:14:30 [debug    ] Lineage event recorded         claim_id=CLM-6F55F7816113 latency_ms=0.3170967102050781 source=tx_validation target=tx_fraud_detection
[2026-03-07T21:14:30.698+0000] {logging_mixin.py:188} INFO - 2026-03-07 21:14:30 [info     ] Claim fraud scored             claim_id=CLM-6F55F7816113 fraud_score=0.1028 risk_level=low rules=['weekend_filing', 'late_filing']
[2026-03-07T21:14:30.707+0000] {logging_mixin.py:188} INFO - 2026-03-07 21:14:30 [debug    ] Stored to S3                   key=scored/2026/03/07/CLM-6F55F7816113.json
[2026-03-07T21:14:30.729+0000] {logging_mixin.py:188} INFO - 2026-03-07 21:14:30 [debug    ] Lineage event recorded         claim_id=CLM-6F55F7816113 latency_ms=0.27108192443847656 source=tx_fraud_detection target=tx_enrichment
[2026-03-07T21:14:30.729+0000] {logging_mixin.py:188} INFO - 2026-03-07 21:14:30 [info     ] Claim enriched                 claim_id=CLM-6F55F7816113 fields=['policy', 'claimant_history', 'geo_risk', 'category_analysis', 'adjuster_recommendation', 'reserve_estimate'] latency_ms=0.27
[2026-03-07T21:14:30.736+0000] {logging_mixin.py:188} INFO - 2026-03-07 21:14:30 [debug    ] Stored to S3                   key=enriched/2026/03/07/CLM-6F55F7816113.json
[2026-03-07T21:14:30.759+0000] {logging_mixin.py:188} INFO - 2026-03-07 21:14:30 [debug    ] Lineage event recorded         claim_id=CLM-6F55F7816113 latency_ms=97.93210029602051 source=tx_enrichment target=sink_s3_datalake
[2026-03-07T21:14:30.790+0000] {logging_mixin.py:188} INFO - 2026-03-07 21:14:30 [debug    ] Stored to PostgreSQL           claim_id=CLM-6F55F7816113
[2026-03-07T21:14:30.811+0000] {logging_mixin.py:188} INFO - 2026-03-07 21:14:30 [debug    ] Lineage event recorded         claim_id=CLM-6F55F7816113 latency_ms=0 source=tx_enrichment target=sink_postgres
[2026-03-07T21:14:30.836+0000] {logging_mixin.py:188} INFO - 2026-03-07 21:14:30 [debug    ] Lineage event recorded         claim_id=CLM-CF11D9B1EF3F latency_ms=0.1049041748046875 source=src_claims_ingestion target=tx_validation
[2026-03-07T21:14:30.837+0000] {logging_mixin.py:188} INFO - 2026-03-07 21:14:30 [info     ] Claim validated                claim_id=CLM-CF11D9B1EF3F errors=1 latency_ms=0.1 valid=False
[2026-03-07T21:14:30.846+0000] {logging_mixin.py:188} INFO - 2026-03-07 21:14:30 [debug    ] Stored to S3                   key=rejected/2026/03/07/CLM-CF11D9B1EF3F.json
[2026-03-07T21:14:30.872+0000] {logging_mixin.py:188} INFO - 2026-03-07 21:14:30 [debug    ] Lineage event recorded         claim_id=CLM-D32EEC008038 latency_ms=0.16236305236816406 source=src_claims_ingestion target=tx_validation
[2026-03-07T21:14:30.873+0000] {logging_mixin.py:188} INFO - 2026-03-07 21:14:30 [info     ] Claim validated                claim_id=CLM-D32EEC008038 errors=0 latency_ms=0.16 valid=True
[2026-03-07T21:14:30.882+0000] {logging_mixin.py:188} INFO - 2026-03-07 21:14:30 [debug    ] Stored to S3                   key=validated/2026/03/07/CLM-D32EEC008038.json
[2026-03-07T21:14:30.903+0000] {logging_mixin.py:188} INFO - 2026-03-07 21:14:30 [debug    ] Lineage event recorded         claim_id=CLM-D32EEC008038 latency_ms=0.3027915954589844 source=tx_validation target=tx_fraud_detection
[2026-03-07T21:14:30.903+0000] {logging_mixin.py:188} INFO - 2026-03-07 21:14:30 [info     ] Claim fraud scored             claim_id=CLM-D32EEC008038 fraud_score=0.153 risk_level=low rules=['high_amount', 'weekend_filing']
[2026-03-07T21:14:30.910+0000] {logging_mixin.py:188} INFO - 2026-03-07 21:14:30 [debug    ] Stored to S3                   key=scored/2026/03/07/CLM-D32EEC008038.json
[2026-03-07T21:14:30.935+0000] {logging_mixin.py:188} INFO - 2026-03-07 21:14:30 [debug    ] Lineage event recorded         claim_id=CLM-D32EEC008038 latency_ms=0.2892017364501953 source=tx_fraud_detection target=tx_enrichment
[2026-03-07T21:14:30.936+0000] {logging_mixin.py:188} INFO - 2026-03-07 21:14:30 [info     ] Claim enriched                 claim_id=CLM-D32EEC008038 fields=['policy', 'claimant_history', 'geo_risk', 'category_analysis', 'adjuster_recommendation', 'reserve_estimate'] latency_ms=0.29
[2026-03-07T21:14:30.946+0000] {logging_mixin.py:188} INFO - 2026-03-07 21:14:30 [debug    ] Stored to S3                   key=enriched/2026/03/07/CLM-D32EEC008038.json
[2026-03-07T21:14:30.970+0000] {logging_mixin.py:188} INFO - 2026-03-07 21:14:30 [debug    ] Lineage event recorded         claim_id=CLM-D32EEC008038 latency_ms=98.85740280151367 source=tx_enrichment target=sink_s3_datalake
[2026-03-07T21:14:31.001+0000] {logging_mixin.py:188} INFO - 2026-03-07 21:14:31 [debug    ] Stored to PostgreSQL           claim_id=CLM-D32EEC008038
[2026-03-07T21:14:31.023+0000] {logging_mixin.py:188} INFO - 2026-03-07 21:14:31 [debug    ] Lineage event recorded         claim_id=CLM-D32EEC008038 latency_ms=0 source=tx_enrichment target=sink_postgres
[2026-03-07T21:14:31.056+0000] {logging_mixin.py:188} INFO - 2026-03-07 21:14:31 [debug    ] Lineage event recorded         claim_id=CLM-73CA3691ABA9 latency_ms=0.1704692840576172 source=src_claims_ingestion target=tx_validation
[2026-03-07T21:14:31.057+0000] {logging_mixin.py:188} INFO - 2026-03-07 21:14:31 [info     ] Claim validated                claim_id=CLM-73CA3691ABA9 errors=1 latency_ms=0.17 valid=False
[2026-03-07T21:14:31.067+0000] {logging_mixin.py:188} INFO - 2026-03-07 21:14:31 [debug    ] Stored to S3                   key=rejected/2026/03/07/CLM-73CA3691ABA9.json
[2026-03-07T21:14:31.112+0000] {logging_mixin.py:188} INFO - 2026-03-07 21:14:31 [debug    ] Lineage event recorded         claim_id=CLM-CBA1BF41EA56 latency_ms=0.14734268188476562 source=src_claims_ingestion target=tx_validation
[2026-03-07T21:14:31.113+0000] {logging_mixin.py:188} INFO - 2026-03-07 21:14:31 [info     ] Claim validated                claim_id=CLM-CBA1BF41EA56 errors=0 latency_ms=0.15 valid=True
[2026-03-07T21:14:31.131+0000] {logging_mixin.py:188} INFO - 2026-03-07 21:14:31 [debug    ] Stored to S3                   key=validated/2026/03/07/CLM-CBA1BF41EA56.json
[2026-03-07T21:14:31.167+0000] {logging_mixin.py:188} INFO - 2026-03-07 21:14:31 [debug    ] Lineage event recorded         claim_id=CLM-CBA1BF41EA56 latency_ms=0.4067420959472656 source=tx_validation target=tx_fraud_detection
[2026-03-07T21:14:31.168+0000] {logging_mixin.py:188} INFO - 2026-03-07 21:14:31 [info     ] Claim fraud scored             claim_id=CLM-CBA1BF41EA56 fraud_score=0.2437 risk_level=low rules=['high_amount', 'weekend_filing', 'late_filing']
[2026-03-07T21:14:31.181+0000] {logging_mixin.py:188} INFO - 2026-03-07 21:14:31 [debug    ] Stored to S3                   key=scored/2026/03/07/CLM-CBA1BF41EA56.json
[2026-03-07T21:14:31.203+0000] {logging_mixin.py:188} INFO - 2026-03-07 21:14:31 [debug    ] Lineage event recorded         claim_id=CLM-CBA1BF41EA56 latency_ms=0.3311634063720703 source=tx_fraud_detection target=tx_enrichment
[2026-03-07T21:14:31.204+0000] {logging_mixin.py:188} INFO - 2026-03-07 21:14:31 [info     ] Claim enriched                 claim_id=CLM-CBA1BF41EA56 fields=['policy', 'claimant_history', 'geo_risk', 'category_analysis', 'adjuster_recommendation', 'reserve_estimate'] latency_ms=0.33
[2026-03-07T21:14:31.211+0000] {logging_mixin.py:188} INFO - 2026-03-07 21:14:31 [debug    ] Stored to S3                   key=enriched/2026/03/07/CLM-CBA1BF41EA56.json
[2026-03-07T21:14:31.235+0000] {logging_mixin.py:188} INFO - 2026-03-07 21:14:31 [debug    ] Lineage event recorded         claim_id=CLM-CBA1BF41EA56 latency_ms=144.06967163085938 source=tx_enrichment target=sink_s3_datalake
[2026-03-07T21:14:31.258+0000] {logging_mixin.py:188} INFO - 2026-03-07 21:14:31 [debug    ] Stored to PostgreSQL           claim_id=CLM-CBA1BF41EA56
[2026-03-07T21:14:31.284+0000] {logging_mixin.py:188} INFO - 2026-03-07 21:14:31 [debug    ] Lineage event recorded         claim_id=CLM-CBA1BF41EA56 latency_ms=0 source=tx_enrichment target=sink_postgres
[2026-03-07T21:14:31.330+0000] {logging_mixin.py:188} INFO - 2026-03-07 21:14:31 [debug    ] Lineage event recorded         claim_id=CLM-A21634DC45FF latency_ms=0.10204315185546875 source=src_claims_ingestion target=tx_validation
[2026-03-07T21:14:31.332+0000] {logging_mixin.py:188} INFO - 2026-03-07 21:14:31 [info     ] Claim validated                claim_id=CLM-A21634DC45FF errors=0 latency_ms=0.1 valid=True
[2026-03-07T21:14:31.347+0000] {logging_mixin.py:188} INFO - 2026-03-07 21:14:31 [debug    ] Stored to S3                   key=validated/2026/03/07/CLM-A21634DC45FF.json
[2026-03-07T21:14:31.404+0000] {logging_mixin.py:188} INFO - 2026-03-07 21:14:31 [debug    ] Lineage event recorded         claim_id=CLM-A21634DC45FF latency_ms=0.2086162567138672 source=tx_validation target=tx_fraud_detection
[2026-03-07T21:14:31.409+0000] {logging_mixin.py:188} INFO - 2026-03-07 21:14:31 [info     ] Claim fraud scored             claim_id=CLM-A21634DC45FF fraud_score=0.1822 risk_level=low rules=['high_amount', 'weekend_filing', 'late_filing']
[2026-03-07T21:14:31.436+0000] {logging_mixin.py:188} INFO - 2026-03-07 21:14:31 [debug    ] Stored to S3                   key=scored/2026/03/07/CLM-A21634DC45FF.json
[2026-03-07T21:14:31.495+0000] {logging_mixin.py:188} INFO - 2026-03-07 21:14:31 [debug    ] Lineage event recorded         claim_id=CLM-A21634DC45FF latency_ms=0.5090236663818359 source=tx_fraud_detection target=tx_enrichment
[2026-03-07T21:14:31.496+0000] {logging_mixin.py:188} INFO - 2026-03-07 21:14:31 [info     ] Claim enriched                 claim_id=CLM-A21634DC45FF fields=['policy', 'claimant_history', 'geo_risk', 'category_analysis', 'adjuster_recommendation', 'reserve_estimate'] latency_ms=0.51
[2026-03-07T21:14:31.514+0000] {logging_mixin.py:188} INFO - 2026-03-07 21:14:31 [debug    ] Stored to S3                   key=enriched/2026/03/07/CLM-A21634DC45FF.json
[2026-03-07T21:14:31.548+0000] {logging_mixin.py:188} INFO - 2026-03-07 21:14:31 [debug    ] Lineage event recorded         claim_id=CLM-A21634DC45FF latency_ms=229.76303100585938 source=tx_enrichment target=sink_s3_datalake
[2026-03-07T21:14:31.592+0000] {logging_mixin.py:188} INFO - 2026-03-07 21:14:31 [debug    ] Stored to PostgreSQL           claim_id=CLM-A21634DC45FF
[2026-03-07T21:14:31.628+0000] {logging_mixin.py:188} INFO - 2026-03-07 21:14:31 [debug    ] Lineage event recorded         claim_id=CLM-A21634DC45FF latency_ms=0 source=tx_enrichment target=sink_postgres
[2026-03-07T21:14:31.629+0000] {logging_mixin.py:188} INFO - 2026-03-07 21:14:31 [info     ] Processed 20 claims            throughput=2.12/s
[2026-03-07T21:14:31.670+0000] {logging_mixin.py:188} INFO - 2026-03-07 21:14:31 [debug    ] Lineage event recorded         claim_id=CLM-325F0E3EB31D latency_ms=0.11301040649414062 source=src_claims_ingestion target=tx_validation
[2026-03-07T21:14:31.670+0000] {logging_mixin.py:188} INFO - 2026-03-07 21:14:31 [info     ] Claim validated                claim_id=CLM-325F0E3EB31D errors=0 latency_ms=0.11 valid=True
[2026-03-07T21:14:31.681+0000] {logging_mixin.py:188} INFO - 2026-03-07 21:14:31 [debug    ] Stored to S3                   key=validated/2026/03/07/CLM-325F0E3EB31D.json
[2026-03-07T21:14:31.711+0000] {logging_mixin.py:188} INFO - 2026-03-07 21:14:31 [debug    ] Lineage event recorded         claim_id=CLM-325F0E3EB31D latency_ms=0.1220703125 source=tx_validation target=tx_fraud_detection
[2026-03-07T21:14:31.712+0000] {logging_mixin.py:188} INFO - 2026-03-07 21:14:31 [info     ] Claim fraud scored             claim_id=CLM-325F0E3EB31D fraud_score=0.6916 risk_level=high rules=['high_amount', 'weekend_filing', 'late_filing', 'excessive_amount_for_type']
[2026-03-07T21:14:31.727+0000] {logging_mixin.py:188} INFO - 2026-03-07 21:14:31 [debug    ] Stored to S3                   key=scored/2026/03/07/CLM-325F0E3EB31D.json
[2026-03-07T21:14:31.772+0000] {logging_mixin.py:188} INFO - 2026-03-07 21:14:31 [debug    ] Lineage event recorded         claim_id=CLM-325F0E3EB31D latency_ms=0.4360675811767578 source=tx_fraud_detection target=tx_enrichment
[2026-03-07T21:14:31.773+0000] {logging_mixin.py:188} INFO - 2026-03-07 21:14:31 [info     ] Claim enriched                 claim_id=CLM-325F0E3EB31D fields=['policy', 'claimant_history', 'geo_risk', 'category_analysis', 'adjuster_recommendation', 'reserve_estimate'] latency_ms=0.44
[2026-03-07T21:14:31.801+0000] {logging_mixin.py:188} INFO - 2026-03-07 21:14:31 [debug    ] Stored to S3                   key=enriched/2026/03/07/CLM-325F0E3EB31D.json
[2026-03-07T21:14:31.930+0000] {logging_mixin.py:188} INFO - 2026-03-07 21:14:31 [debug    ] Lineage event recorded         claim_id=CLM-325F0E3EB31D latency_ms=171.8153953552246 source=tx_enrichment target=sink_s3_datalake
[2026-03-07T21:14:31.992+0000] {logging_mixin.py:188} INFO - 2026-03-07 21:14:31 [debug    ] Stored to PostgreSQL           claim_id=CLM-325F0E3EB31D
[2026-03-07T21:14:32.027+0000] {logging_mixin.py:188} INFO - 2026-03-07 21:14:32 [debug    ] Lineage event recorded         claim_id=CLM-325F0E3EB31D latency_ms=0 source=tx_enrichment target=sink_postgres
[2026-03-07T21:14:32.160+0000] {logging_mixin.py:188} INFO - 2026-03-07 21:14:32 [debug    ] Lineage event recorded         claim_id=CLM-B98A5004D2A6 latency_ms=0.1323223114013672 source=src_claims_ingestion target=tx_validation
[2026-03-07T21:14:32.164+0000] {logging_mixin.py:188} INFO - 2026-03-07 21:14:32 [info     ] Claim validated                claim_id=CLM-B98A5004D2A6 errors=0 latency_ms=0.13 valid=True
[2026-03-07T21:14:32.198+0000] {logging_mixin.py:188} INFO - 2026-03-07 21:14:32 [debug    ] Stored to S3                   key=validated/2026/03/07/CLM-B98A5004D2A6.json
[2026-03-07T21:14:32.279+0000] {logging_mixin.py:188} INFO - 2026-03-07 21:14:32 [debug    ] Lineage event recorded         claim_id=CLM-B98A5004D2A6 latency_ms=4.644870758056641 source=tx_validation target=tx_fraud_detection
[2026-03-07T21:14:32.281+0000] {logging_mixin.py:188} INFO - 2026-03-07 21:14:32 [info     ] Claim fraud scored             claim_id=CLM-B98A5004D2A6 fraud_score=0.0759 risk_level=low rules=['weekend_filing']
[2026-03-07T21:14:32.295+0000] {logging_mixin.py:188} INFO - 2026-03-07 21:14:32 [debug    ] Stored to S3                   key=scored/2026/03/07/CLM-B98A5004D2A6.json
[2026-03-07T21:14:32.335+0000] {logging_mixin.py:188} INFO - 2026-03-07 21:14:32 [debug    ] Lineage event recorded         claim_id=CLM-B98A5004D2A6 latency_ms=0.5338191986083984 source=tx_fraud_detection target=tx_enrichment
[2026-03-07T21:14:32.336+0000] {logging_mixin.py:188} INFO - 2026-03-07 21:14:32 [info     ] Claim enriched                 claim_id=CLM-B98A5004D2A6 fields=['policy', 'claimant_history', 'geo_risk', 'category_analysis', 'adjuster_recommendation', 'reserve_estimate'] latency_ms=0.53
[2026-03-07T21:14:32.349+0000] {logging_mixin.py:188} INFO - 2026-03-07 21:14:32 [debug    ] Stored to S3                   key=enriched/2026/03/07/CLM-B98A5004D2A6.json
[2026-03-07T21:14:32.388+0000] {logging_mixin.py:188} INFO - 2026-03-07 21:14:32 [debug    ] Lineage event recorded         claim_id=CLM-B98A5004D2A6 latency_ms=321.8228816986084 source=tx_enrichment target=sink_s3_datalake
[2026-03-07T21:14:32.441+0000] {logging_mixin.py:188} INFO - 2026-03-07 21:14:32 [debug    ] Stored to PostgreSQL           claim_id=CLM-B98A5004D2A6
[2026-03-07T21:14:32.482+0000] {logging_mixin.py:188} INFO - 2026-03-07 21:14:32 [debug    ] Lineage event recorded         claim_id=CLM-B98A5004D2A6 latency_ms=0 source=tx_enrichment target=sink_postgres
[2026-03-07T21:14:32.544+0000] {logging_mixin.py:188} INFO - 2026-03-07 21:14:32 [debug    ] Lineage event recorded         claim_id=CLM-5746A4C763F4 latency_ms=0.3554821014404297 source=src_claims_ingestion target=tx_validation
[2026-03-07T21:14:32.545+0000] {logging_mixin.py:188} INFO - 2026-03-07 21:14:32 [info     ] Claim validated                claim_id=CLM-5746A4C763F4 errors=0 latency_ms=0.36 valid=True
[2026-03-07T21:14:32.558+0000] {logging_mixin.py:188} INFO - 2026-03-07 21:14:32 [debug    ] Stored to S3                   key=validated/2026/03/07/CLM-5746A4C763F4.json
[2026-03-07T21:14:32.618+0000] {logging_mixin.py:188} INFO - 2026-03-07 21:14:32 [debug    ] Lineage event recorded         claim_id=CLM-5746A4C763F4 latency_ms=0.28514862060546875 source=tx_validation target=tx_fraud_detection
[2026-03-07T21:14:32.620+0000] {logging_mixin.py:188} INFO - 2026-03-07 21:14:32 [info     ] Claim fraud scored             claim_id=CLM-5746A4C763F4 fraud_score=0.1357 risk_level=low rules=['weekend_filing', 'excessive_amount_for_type']
[2026-03-07T21:14:32.650+0000] {logging_mixin.py:188} INFO - 2026-03-07 21:14:32 [debug    ] Stored to S3                   key=scored/2026/03/07/CLM-5746A4C763F4.json
[2026-03-07T21:14:32.738+0000] {logging_mixin.py:188} INFO - 2026-03-07 21:14:32 [debug    ] Lineage event recorded         claim_id=CLM-5746A4C763F4 latency_ms=0.5538463592529297 source=tx_fraud_detection target=tx_enrichment
[2026-03-07T21:14:32.740+0000] {logging_mixin.py:188} INFO - 2026-03-07 21:14:32 [info     ] Claim enriched                 claim_id=CLM-5746A4C763F4 fields=['policy', 'claimant_history', 'geo_risk', 'category_analysis', 'adjuster_recommendation', 'reserve_estimate'] latency_ms=0.55
[2026-03-07T21:14:32.757+0000] {logging_mixin.py:188} INFO - 2026-03-07 21:14:32 [debug    ] Stored to S3                   key=enriched/2026/03/07/CLM-5746A4C763F4.json
[2026-03-07T21:14:32.789+0000] {logging_mixin.py:188} INFO - 2026-03-07 21:14:32 [debug    ] Lineage event recorded         claim_id=CLM-5746A4C763F4 latency_ms=274.1429805755615 source=tx_enrichment target=sink_s3_datalake
[2026-03-07T21:14:32.821+0000] {logging_mixin.py:188} INFO - 2026-03-07 21:14:32 [debug    ] Stored to PostgreSQL           claim_id=CLM-5746A4C763F4
[2026-03-07T21:14:32.853+0000] {logging_mixin.py:188} INFO - 2026-03-07 21:14:32 [debug    ] Lineage event recorded         claim_id=CLM-5746A4C763F4 latency_ms=0 source=tx_enrichment target=sink_postgres
[2026-03-07T21:14:32.911+0000] {logging_mixin.py:188} INFO - 2026-03-07 21:14:32 [debug    ] Lineage event recorded         claim_id=CLM-62A1EBF7E10D latency_ms=0.4725456237792969 source=src_claims_ingestion target=tx_validation
[2026-03-07T21:14:32.913+0000] {logging_mixin.py:188} INFO - 2026-03-07 21:14:32 [info     ] Claim validated                claim_id=CLM-62A1EBF7E10D errors=0 latency_ms=0.47 valid=True
[2026-03-07T21:14:32.981+0000] {logging_mixin.py:188} INFO - 2026-03-07 21:14:32 [debug    ] Stored to S3                   key=validated/2026/03/07/CLM-62A1EBF7E10D.json
[2026-03-07T21:14:33.059+0000] {logging_mixin.py:188} INFO - 2026-03-07 21:14:33 [debug    ] Lineage event recorded         claim_id=CLM-62A1EBF7E10D latency_ms=0.46563148498535156 source=tx_validation target=tx_fraud_detection
[2026-03-07T21:14:33.060+0000] {logging_mixin.py:188} INFO - 2026-03-07 21:14:33 [info     ] Claim fraud scored             claim_id=CLM-62A1EBF7E10D fraud_score=0.1096 risk_level=low rules=['weekend_filing', 'late_filing']
[2026-03-07T21:14:33.081+0000] {logging_mixin.py:188} INFO - 2026-03-07 21:14:33 [debug    ] Stored to S3                   key=scored/2026/03/07/CLM-62A1EBF7E10D.json
[2026-03-07T21:14:33.161+0000] {logging_mixin.py:188} INFO - 2026-03-07 21:14:33 [debug    ] Lineage event recorded         claim_id=CLM-62A1EBF7E10D latency_ms=0.5445480346679688 source=tx_fraud_detection target=tx_enrichment
[2026-03-07T21:14:33.163+0000] {logging_mixin.py:188} INFO - 2026-03-07 21:14:33 [info     ] Claim enriched                 claim_id=CLM-62A1EBF7E10D fields=['policy', 'claimant_history', 'geo_risk', 'category_analysis', 'adjuster_recommendation', 'reserve_estimate'] latency_ms=0.54
[2026-03-07T21:14:33.199+0000] {logging_mixin.py:188} INFO - 2026-03-07 21:14:33 [debug    ] Stored to S3                   key=enriched/2026/03/07/CLM-62A1EBF7E10D.json
[2026-03-07T21:14:33.272+0000] {logging_mixin.py:188} INFO - 2026-03-07 21:14:33 [debug    ] Lineage event recorded         claim_id=CLM-62A1EBF7E10D latency_ms=342.6096439361572 source=tx_enrichment target=sink_s3_datalake
[2026-03-07T21:14:33.328+0000] {logging_mixin.py:188} INFO - 2026-03-07 21:14:33 [debug    ] Stored to PostgreSQL           claim_id=CLM-62A1EBF7E10D
[2026-03-07T21:14:33.477+0000] {logging_mixin.py:188} INFO - 2026-03-07 21:14:33 [debug    ] Lineage event recorded         claim_id=CLM-62A1EBF7E10D latency_ms=0 source=tx_enrichment target=sink_postgres
[2026-03-07T21:14:33.569+0000] {logging_mixin.py:188} INFO - 2026-03-07 21:14:33 [debug    ] Lineage event recorded         claim_id=CLM-A422E062AD26 latency_ms=0.3032684326171875 source=src_claims_ingestion target=tx_validation
[2026-03-07T21:14:33.571+0000] {logging_mixin.py:188} INFO - 2026-03-07 21:14:33 [info     ] Claim validated                claim_id=CLM-A422E062AD26 errors=0 latency_ms=0.3 valid=True
[2026-03-07T21:14:33.585+0000] {logging_mixin.py:188} INFO - 2026-03-07 21:14:33 [debug    ] Stored to S3                   key=validated/2026/03/07/CLM-A422E062AD26.json
[2026-03-07T21:14:33.628+0000] {logging_mixin.py:188} INFO - 2026-03-07 21:14:33 [debug    ] Lineage event recorded         claim_id=CLM-A422E062AD26 latency_ms=0.6275177001953125 source=tx_validation target=tx_fraud_detection
[2026-03-07T21:14:33.629+0000] {logging_mixin.py:188} INFO - 2026-03-07 21:14:33 [info     ] Claim fraud scored             claim_id=CLM-A422E062AD26 fraud_score=0.2099 risk_level=low rules=['high_amount', 'weekend_filing', 'late_filing']
[2026-03-07T21:14:33.641+0000] {logging_mixin.py:188} INFO - 2026-03-07 21:14:33 [debug    ] Stored to S3                   key=scored/2026/03/07/CLM-A422E062AD26.json
[2026-03-07T21:14:33.711+0000] {logging_mixin.py:188} INFO - 2026-03-07 21:14:33 [debug    ] Lineage event recorded         claim_id=CLM-A422E062AD26 latency_ms=0.48995018005371094 source=tx_fraud_detection target=tx_enrichment
[2026-03-07T21:14:33.713+0000] {logging_mixin.py:188} INFO - 2026-03-07 21:14:33 [info     ] Claim enriched                 claim_id=CLM-A422E062AD26 fields=['policy', 'claimant_history', 'geo_risk', 'category_analysis', 'adjuster_recommendation', 'reserve_estimate'] latency_ms=0.49
[2026-03-07T21:14:33.738+0000] {logging_mixin.py:188} INFO - 2026-03-07 21:14:33 [debug    ] Stored to S3                   key=enriched/2026/03/07/CLM-A422E062AD26.json
[2026-03-07T21:14:33.912+0000] {logging_mixin.py:188} INFO - 2026-03-07 21:14:33 [debug    ] Lineage event recorded         claim_id=CLM-A422E062AD26 latency_ms=250.66733360290527 source=tx_enrichment target=sink_s3_datalake
[2026-03-07T21:14:33.995+0000] {logging_mixin.py:188} INFO - 2026-03-07 21:14:33 [debug    ] Stored to PostgreSQL           claim_id=CLM-A422E062AD26
[2026-03-07T21:14:34.067+0000] {logging_mixin.py:188} INFO - 2026-03-07 21:14:34 [debug    ] Lineage event recorded         claim_id=CLM-A422E062AD26 latency_ms=0 source=tx_enrichment target=sink_postgres
[2026-03-07T21:14:34.155+0000] {logging_mixin.py:188} INFO - 2026-03-07 21:14:34 [debug    ] Lineage event recorded         claim_id=CLM-F2D27926B93B latency_ms=0.2319812774658203 source=src_claims_ingestion target=tx_validation
[2026-03-07T21:14:34.158+0000] {logging_mixin.py:188} INFO - 2026-03-07 21:14:34 [info     ] Claim validated                claim_id=CLM-F2D27926B93B errors=0 latency_ms=0.23 valid=True
[2026-03-07T21:14:34.182+0000] {logging_mixin.py:188} INFO - 2026-03-07 21:14:34 [debug    ] Stored to S3                   key=validated/2026/03/07/CLM-F2D27926B93B.json
[2026-03-07T21:14:34.257+0000] {logging_mixin.py:188} INFO - 2026-03-07 21:14:34 [debug    ] Lineage event recorded         claim_id=CLM-F2D27926B93B latency_ms=0.43845176696777344 source=tx_validation target=tx_fraud_detection
[2026-03-07T21:14:34.260+0000] {logging_mixin.py:188} INFO - 2026-03-07 21:14:34 [info     ] Claim fraud scored             claim_id=CLM-F2D27926B93B fraud_score=0.0759 risk_level=low rules=['weekend_filing']
[2026-03-07T21:14:34.304+0000] {logging_mixin.py:188} INFO - 2026-03-07 21:14:34 [debug    ] Stored to S3                   key=scored/2026/03/07/CLM-F2D27926B93B.json
[2026-03-07T21:14:34.349+0000] {logging_mixin.py:188} INFO - 2026-03-07 21:14:34 [debug    ] Lineage event recorded         claim_id=CLM-F2D27926B93B latency_ms=2.366304397583008 source=tx_fraud_detection target=tx_enrichment
[2026-03-07T21:14:34.349+0000] {logging_mixin.py:188} INFO - 2026-03-07 21:14:34 [info     ] Claim enriched                 claim_id=CLM-F2D27926B93B fields=['policy', 'claimant_history', 'geo_risk', 'category_analysis', 'adjuster_recommendation', 'reserve_estimate'] latency_ms=2.37
[2026-03-07T21:14:34.360+0000] {logging_mixin.py:188} INFO - 2026-03-07 21:14:34 [debug    ] Stored to S3                   key=enriched/2026/03/07/CLM-F2D27926B93B.json
[2026-03-07T21:14:34.393+0000] {logging_mixin.py:188} INFO - 2026-03-07 21:14:34 [debug    ] Lineage event recorded         claim_id=CLM-F2D27926B93B latency_ms=291.1679744720459 source=tx_enrichment target=sink_s3_datalake
[2026-03-07T21:14:34.440+0000] {logging_mixin.py:188} INFO - 2026-03-07 21:14:34 [debug    ] Stored to PostgreSQL           claim_id=CLM-F2D27926B93B
[2026-03-07T21:14:34.496+0000] {logging_mixin.py:188} INFO - 2026-03-07 21:14:34 [debug    ] Lineage event recorded         claim_id=CLM-F2D27926B93B latency_ms=0 source=tx_enrichment target=sink_postgres
[2026-03-07T21:14:34.604+0000] {logging_mixin.py:188} INFO - 2026-03-07 21:14:34 [debug    ] Lineage event recorded         claim_id=CLM-C4EAA10A24DE latency_ms=0.22459030151367188 source=src_claims_ingestion target=tx_validation
[2026-03-07T21:14:34.606+0000] {logging_mixin.py:188} INFO - 2026-03-07 21:14:34 [info     ] Claim validated                claim_id=CLM-C4EAA10A24DE errors=0 latency_ms=0.22 valid=True
[2026-03-07T21:14:34.633+0000] {logging_mixin.py:188} INFO - 2026-03-07 21:14:34 [debug    ] Stored to S3                   key=validated/2026/03/07/CLM-C4EAA10A24DE.json
[2026-03-07T21:14:34.687+0000] {logging_mixin.py:188} INFO - 2026-03-07 21:14:34 [debug    ] Lineage event recorded         claim_id=CLM-C4EAA10A24DE latency_ms=0.6976127624511719 source=tx_validation target=tx_fraud_detection
[2026-03-07T21:14:34.689+0000] {logging_mixin.py:188} INFO - 2026-03-07 21:14:34 [info     ] Claim fraud scored             claim_id=CLM-C4EAA10A24DE fraud_score=0.1483 risk_level=low rules=['high_amount', 'weekend_filing']
[2026-03-07T21:14:34.710+0000] {logging_mixin.py:188} INFO - 2026-03-07 21:14:34 [debug    ] Stored to S3                   key=scored/2026/03/07/CLM-C4EAA10A24DE.json
[2026-03-07T21:14:34.905+0000] {logging_mixin.py:188} INFO - 2026-03-07 21:14:34 [debug    ] Lineage event recorded         claim_id=CLM-C4EAA10A24DE latency_ms=0.9157657623291016 source=tx_fraud_detection target=tx_enrichment
[2026-03-07T21:14:34.917+0000] {logging_mixin.py:188} INFO - 2026-03-07 21:14:34 [info     ] Claim enriched                 claim_id=CLM-C4EAA10A24DE fields=['policy', 'claimant_history', 'geo_risk', 'category_analysis', 'adjuster_recommendation', 'reserve_estimate'] latency_ms=0.92
[2026-03-07T21:14:34.955+0000] {logging_mixin.py:188} INFO - 2026-03-07 21:14:34 [debug    ] Stored to S3                   key=enriched/2026/03/07/CLM-C4EAA10A24DE.json
[2026-03-07T21:14:35.085+0000] {logging_mixin.py:188} INFO - 2026-03-07 21:14:35 [debug    ] Lineage event recorded         claim_id=CLM-C4EAA10A24DE latency_ms=456.1030864715576 source=tx_enrichment target=sink_s3_datalake
[2026-03-07T21:14:35.355+0000] {logging_mixin.py:188} INFO - 2026-03-07 21:14:35 [debug    ] Stored to PostgreSQL           claim_id=CLM-C4EAA10A24DE
[2026-03-07T21:14:35.916+0000] {logging_mixin.py:188} INFO - 2026-03-07 21:14:35 [debug    ] Lineage event recorded         claim_id=CLM-C4EAA10A24DE latency_ms=0 source=tx_enrichment target=sink_postgres
[2026-03-07T21:14:36.095+0000] {logging_mixin.py:188} INFO - 2026-03-07 21:14:36 [debug    ] Lineage event recorded         claim_id=CLM-8CA4B12E6B1B latency_ms=5.6858062744140625 source=src_claims_ingestion target=tx_validation
[2026-03-07T21:14:36.098+0000] {logging_mixin.py:188} INFO - 2026-03-07 21:14:36 [info     ] Claim validated                claim_id=CLM-8CA4B12E6B1B errors=1 latency_ms=5.69 valid=False
[2026-03-07T21:14:36.147+0000] {logging_mixin.py:188} INFO - 2026-03-07 21:14:36 [debug    ] Stored to S3                   key=rejected/2026/03/07/CLM-8CA4B12E6B1B.json
[2026-03-07T21:14:36.248+0000] {logging_mixin.py:188} INFO - 2026-03-07 21:14:36 [debug    ] Lineage event recorded         claim_id=CLM-1ACC4317F7A7 latency_ms=0.3750324249267578 source=src_claims_ingestion target=tx_validation
[2026-03-07T21:14:36.249+0000] {logging_mixin.py:188} INFO - 2026-03-07 21:14:36 [info     ] Claim validated                claim_id=CLM-1ACC4317F7A7 errors=0 latency_ms=0.38 valid=True
[2026-03-07T21:14:36.298+0000] {logging_mixin.py:188} INFO - 2026-03-07 21:14:36 [debug    ] Stored to S3                   key=validated/2026/03/07/CLM-1ACC4317F7A7.json
[2026-03-07T21:14:36.375+0000] {logging_mixin.py:188} INFO - 2026-03-07 21:14:36 [debug    ] Lineage event recorded         claim_id=CLM-1ACC4317F7A7 latency_ms=0.8511543273925781 source=tx_validation target=tx_fraud_detection
[2026-03-07T21:14:36.377+0000] {logging_mixin.py:188} INFO - 2026-03-07 21:14:36 [info     ] Claim fraud scored             claim_id=CLM-1ACC4317F7A7 fraud_score=0.7995 risk_level=high rules=['high_amount', 'weekend_filing', 'late_filing', 'excessive_amount_for_type']
[2026-03-07T21:14:36.388+0000] {logging_mixin.py:188} INFO - 2026-03-07 21:14:36 [debug    ] Stored to S3                   key=scored/2026/03/07/CLM-1ACC4317F7A7.json
[2026-03-07T21:14:36.411+0000] {logging_mixin.py:188} INFO - 2026-03-07 21:14:36 [debug    ] Lineage event recorded         claim_id=CLM-1ACC4317F7A7 latency_ms=0.38170814514160156 source=tx_fraud_detection target=tx_enrichment
[2026-03-07T21:14:36.412+0000] {logging_mixin.py:188} INFO - 2026-03-07 21:14:36 [info     ] Claim enriched                 claim_id=CLM-1ACC4317F7A7 fields=['policy', 'claimant_history', 'geo_risk', 'category_analysis', 'adjuster_recommendation', 'reserve_estimate'] latency_ms=0.38
[2026-03-07T21:14:36.420+0000] {logging_mixin.py:188} INFO - 2026-03-07 21:14:36 [debug    ] Stored to S3                   key=enriched/2026/03/07/CLM-1ACC4317F7A7.json
[2026-03-07T21:14:36.456+0000] {logging_mixin.py:188} INFO - 2026-03-07 21:14:36 [debug    ] Lineage event recorded         claim_id=CLM-1ACC4317F7A7 latency_ms=270.81990242004395 source=tx_enrichment target=sink_s3_datalake
[2026-03-07T21:14:36.527+0000] {logging_mixin.py:188} INFO - 2026-03-07 21:14:36 [debug    ] Stored to PostgreSQL           claim_id=CLM-1ACC4317F7A7
[2026-03-07T21:14:36.972+0000] {logging_mixin.py:188} INFO - 2026-03-07 21:14:36 [debug    ] Lineage event recorded         claim_id=CLM-1ACC4317F7A7 latency_ms=0 source=tx_enrichment target=sink_postgres
[2026-03-07T21:14:37.199+0000] {logging_mixin.py:188} INFO - 2026-03-07 21:14:37 [debug    ] Lineage event recorded         claim_id=CLM-4FD28C035B44 latency_ms=0.43201446533203125 source=src_claims_ingestion target=tx_validation
[2026-03-07T21:14:37.200+0000] {logging_mixin.py:188} INFO - 2026-03-07 21:14:37 [info     ] Claim validated                claim_id=CLM-4FD28C035B44 errors=0 latency_ms=0.43 valid=True
[2026-03-07T21:14:37.233+0000] {logging_mixin.py:188} INFO - 2026-03-07 21:14:37 [debug    ] Stored to S3                   key=validated/2026/03/07/CLM-4FD28C035B44.json
[2026-03-07T21:14:37.335+0000] {logging_mixin.py:188} INFO - 2026-03-07 21:14:37 [debug    ] Lineage event recorded         claim_id=CLM-4FD28C035B44 latency_ms=1.0101795196533203 source=tx_validation target=tx_fraud_detection
[2026-03-07T21:14:37.341+0000] {logging_mixin.py:188} INFO - 2026-03-07 21:14:37 [info     ] Claim fraud scored             claim_id=CLM-4FD28C035B44 fraud_score=0.2398 risk_level=low rules=['weekend_filing', 'late_filing', 'excessive_amount_for_type']
[2026-03-07T21:14:37.371+0000] {logging_mixin.py:188} INFO - 2026-03-07 21:14:37 [debug    ] Stored to S3                   key=scored/2026/03/07/CLM-4FD28C035B44.json
[2026-03-07T21:14:37.439+0000] {logging_mixin.py:188} INFO - 2026-03-07 21:14:37 [debug    ] Lineage event recorded         claim_id=CLM-4FD28C035B44 latency_ms=0.4811286926269531 source=tx_fraud_detection target=tx_enrichment
[2026-03-07T21:14:37.441+0000] {logging_mixin.py:188} INFO - 2026-03-07 21:14:37 [info     ] Claim enriched                 claim_id=CLM-4FD28C035B44 fields=['policy', 'claimant_history', 'geo_risk', 'category_analysis', 'adjuster_recommendation', 'reserve_estimate'] latency_ms=0.48
[2026-03-07T21:14:37.462+0000] {logging_mixin.py:188} INFO - 2026-03-07 21:14:37 [debug    ] Stored to S3                   key=enriched/2026/03/07/CLM-4FD28C035B44.json
[2026-03-07T21:14:37.526+0000] {logging_mixin.py:188} INFO - 2026-03-07 21:14:37 [debug    ] Lineage event recorded         claim_id=CLM-4FD28C035B44 latency_ms=484.8933219909668 source=tx_enrichment target=sink_s3_datalake
[2026-03-07T21:14:37.717+0000] {logging_mixin.py:188} INFO - 2026-03-07 21:14:37 [debug    ] Stored to PostgreSQL           claim_id=CLM-4FD28C035B44
[2026-03-07T21:14:38.059+0000] {logging_mixin.py:188} INFO - 2026-03-07 21:14:38 [debug    ] Lineage event recorded         claim_id=CLM-4FD28C035B44 latency_ms=0 source=tx_enrichment target=sink_postgres
[2026-03-07T21:14:38.068+0000] {logging_mixin.py:188} INFO - 2026-03-07 21:14:38 [info     ] Processed 30 claims            throughput=1.89/s
[2026-03-07T21:14:38.257+0000] {logging_mixin.py:188} INFO - 2026-03-07 21:14:38 [debug    ] Lineage event recorded         claim_id=CLM-405D8A3B87C6 latency_ms=0.6251335144042969 source=src_claims_ingestion target=tx_validation
[2026-03-07T21:14:38.260+0000] {logging_mixin.py:188} INFO - 2026-03-07 21:14:38 [info     ] Claim validated                claim_id=CLM-405D8A3B87C6 errors=0 latency_ms=0.63 valid=True
[2026-03-07T21:14:38.328+0000] {logging_mixin.py:188} INFO - 2026-03-07 21:14:38 [debug    ] Stored to S3                   key=validated/2026/03/07/CLM-405D8A3B87C6.json
[2026-03-07T21:14:38.393+0000] {logging_mixin.py:188} INFO - 2026-03-07 21:14:38 [debug    ] Lineage event recorded         claim_id=CLM-405D8A3B87C6 latency_ms=0.5123615264892578 source=tx_validation target=tx_fraud_detection
[2026-03-07T21:14:38.394+0000] {logging_mixin.py:188} INFO - 2026-03-07 21:14:38 [info     ] Claim fraud scored             claim_id=CLM-405D8A3B87C6 fraud_score=0.1737 risk_level=low rules=['high_amount', 'weekend_filing']
[2026-03-07T21:14:38.422+0000] {logging_mixin.py:188} INFO - 2026-03-07 21:14:38 [debug    ] Stored to S3                   key=scored/2026/03/07/CLM-405D8A3B87C6.json
[2026-03-07T21:14:38.694+0000] {logging_mixin.py:188} INFO - 2026-03-07 21:14:38 [debug    ] Lineage event recorded         claim_id=CLM-405D8A3B87C6 latency_ms=0.7040500640869141 source=tx_fraud_detection target=tx_enrichment
[2026-03-07T21:14:38.699+0000] {logging_mixin.py:188} INFO - 2026-03-07 21:14:38 [info     ] Claim enriched                 claim_id=CLM-405D8A3B87C6 fields=['policy', 'claimant_history', 'geo_risk', 'category_analysis', 'adjuster_recommendation', 'reserve_estimate'] latency_ms=0.7
[2026-03-07T21:14:38.783+0000] {logging_mixin.py:188} INFO - 2026-03-07 21:14:38 [debug    ] Stored to S3                   key=enriched/2026/03/07/CLM-405D8A3B87C6.json
[2026-03-07T21:14:38.982+0000] {logging_mixin.py:188} INFO - 2026-03-07 21:14:38 [debug    ] Lineage event recorded         claim_id=CLM-405D8A3B87C6 latency_ms=710.7174396514893 source=tx_enrichment target=sink_s3_datalake
[2026-03-07T21:14:39.095+0000] {logging_mixin.py:188} INFO - 2026-03-07 21:14:39 [debug    ] Stored to PostgreSQL           claim_id=CLM-405D8A3B87C6
[2026-03-07T21:14:39.244+0000] {logging_mixin.py:188} INFO - 2026-03-07 21:14:39 [debug    ] Lineage event recorded         claim_id=CLM-405D8A3B87C6 latency_ms=0 source=tx_enrichment target=sink_postgres
[2026-03-07T21:14:39.299+0000] {logging_mixin.py:188} INFO - 2026-03-07 21:14:39 [debug    ] Lineage event recorded         claim_id=CLM-81090C474C78 latency_ms=0.5211830139160156 source=src_claims_ingestion target=tx_validation
[2026-03-07T21:14:39.301+0000] {logging_mixin.py:188} INFO - 2026-03-07 21:14:39 [info     ] Claim validated                claim_id=CLM-81090C474C78 errors=0 latency_ms=0.52 valid=True
[2026-03-07T21:14:39.327+0000] {logging_mixin.py:188} INFO - 2026-03-07 21:14:39 [debug    ] Stored to S3                   key=validated/2026/03/07/CLM-81090C474C78.json
[2026-03-07T21:14:39.458+0000] {logging_mixin.py:188} INFO - 2026-03-07 21:14:39 [debug    ] Lineage event recorded         claim_id=CLM-81090C474C78 latency_ms=0.6148815155029297 source=tx_validation target=tx_fraud_detection
[2026-03-07T21:14:39.461+0000] {logging_mixin.py:188} INFO - 2026-03-07 21:14:39 [info     ] Claim fraud scored             claim_id=CLM-81090C474C78 fraud_score=0.0958 risk_level=low rules=['weekend_filing', 'late_filing']
[2026-03-07T21:14:39.496+0000] {logging_mixin.py:188} INFO - 2026-03-07 21:14:39 [debug    ] Stored to S3                   key=scored/2026/03/07/CLM-81090C474C78.json
[2026-03-07T21:14:39.695+0000] {logging_mixin.py:188} INFO - 2026-03-07 21:14:39 [debug    ] Lineage event recorded         claim_id=CLM-81090C474C78 latency_ms=0.9014606475830078 source=tx_fraud_detection target=tx_enrichment
[2026-03-07T21:14:39.697+0000] {logging_mixin.py:188} INFO - 2026-03-07 21:14:39 [info     ] Claim enriched                 claim_id=CLM-81090C474C78 fields=['policy', 'claimant_history', 'geo_risk', 'category_analysis', 'adjuster_recommendation', 'reserve_estimate'] latency_ms=0.9
[2026-03-07T21:14:39.724+0000] {logging_mixin.py:188} INFO - 2026-03-07 21:14:39 [debug    ] Stored to S3                   key=enriched/2026/03/07/CLM-81090C474C78.json
[2026-03-07T21:14:39.892+0000] {logging_mixin.py:188} INFO - 2026-03-07 21:14:39 [debug    ] Lineage event recorded         claim_id=CLM-81090C474C78 latency_ms=477.9684543609619 source=tx_enrichment target=sink_s3_datalake
[2026-03-07T21:14:39.990+0000] {logging_mixin.py:188} INFO - 2026-03-07 21:14:39 [debug    ] Stored to PostgreSQL           claim_id=CLM-81090C474C78
[2026-03-07T21:14:40.107+0000] {logging_mixin.py:188} INFO - 2026-03-07 21:14:40 [debug    ] Lineage event recorded         claim_id=CLM-81090C474C78 latency_ms=0 source=tx_enrichment target=sink_postgres
[2026-03-07T21:14:40.270+0000] {logging_mixin.py:188} INFO - 2026-03-07 21:14:40 [debug    ] Lineage event recorded         claim_id=CLM-38D2B79FE1C5 latency_ms=0.4813671112060547 source=src_claims_ingestion target=tx_validation
[2026-03-07T21:14:40.278+0000] {logging_mixin.py:188} INFO - 2026-03-07 21:14:40 [info     ] Claim validated                claim_id=CLM-38D2B79FE1C5 errors=0 latency_ms=0.48 valid=True
[2026-03-07T21:14:40.309+0000] {logging_mixin.py:188} INFO - 2026-03-07 21:14:40 [debug    ] Stored to S3                   key=validated/2026/03/07/CLM-38D2B79FE1C5.json
[2026-03-07T21:14:40.427+0000] {logging_mixin.py:188} INFO - 2026-03-07 21:14:40 [debug    ] Lineage event recorded         claim_id=CLM-38D2B79FE1C5 latency_ms=0.26035308837890625 source=tx_validation target=tx_fraud_detection
[2026-03-07T21:14:40.435+0000] {logging_mixin.py:188} INFO - 2026-03-07 21:14:40 [info     ] Claim fraud scored             claim_id=CLM-38D2B79FE1C5 fraud_score=0.5155 risk_level=medium rules=['high_amount', 'weekend_filing', 'late_filing', 'excessive_amount_for_type']
[2026-03-07T21:14:40.453+0000] {logging_mixin.py:188} INFO - 2026-03-07 21:14:40 [debug    ] Stored to S3                   key=scored/2026/03/07/CLM-38D2B79FE1C5.json
[2026-03-07T21:14:40.519+0000] {logging_mixin.py:188} INFO - 2026-03-07 21:14:40 [debug    ] Lineage event recorded         claim_id=CLM-38D2B79FE1C5 latency_ms=0.5970001220703125 source=tx_fraud_detection target=tx_enrichment
[2026-03-07T21:14:40.521+0000] {logging_mixin.py:188} INFO - 2026-03-07 21:14:40 [info     ] Claim enriched                 claim_id=CLM-38D2B79FE1C5 fields=['policy', 'claimant_history', 'geo_risk', 'category_analysis', 'adjuster_recommendation', 'reserve_estimate'] latency_ms=0.6
[2026-03-07T21:14:40.546+0000] {logging_mixin.py:188} INFO - 2026-03-07 21:14:40 [debug    ] Stored to S3                   key=enriched/2026/03/07/CLM-38D2B79FE1C5.json
[2026-03-07T21:14:40.629+0000] {logging_mixin.py:188} INFO - 2026-03-07 21:14:40 [debug    ] Lineage event recorded         claim_id=CLM-38D2B79FE1C5 latency_ms=434.71550941467285 source=tx_enrichment target=sink_s3_datalake
[2026-03-07T21:14:40.721+0000] {logging_mixin.py:188} INFO - 2026-03-07 21:14:40 [debug    ] Stored to PostgreSQL           claim_id=CLM-38D2B79FE1C5
[2026-03-07T21:14:40.794+0000] {logging_mixin.py:188} INFO - 2026-03-07 21:14:40 [debug    ] Lineage event recorded         claim_id=CLM-38D2B79FE1C5 latency_ms=0 source=tx_enrichment target=sink_postgres
[2026-03-07T21:14:41.426+0000] {logging_mixin.py:188} INFO - 2026-03-07 21:14:41 [debug    ] Lineage event recorded         claim_id=CLM-438F152709BB latency_ms=0.3314018249511719 source=src_claims_ingestion target=tx_validation
[2026-03-07T21:14:41.434+0000] {logging_mixin.py:188} INFO - 2026-03-07 21:14:41 [info     ] Claim validated                claim_id=CLM-438F152709BB errors=2 latency_ms=0.33 valid=False
[2026-03-07T21:14:41.498+0000] {logging_mixin.py:188} INFO - 2026-03-07 21:14:41 [debug    ] Stored to S3                   key=rejected/2026/03/07/CLM-438F152709BB.json
[2026-03-07T21:14:41.620+0000] {logging_mixin.py:188} INFO - 2026-03-07 21:14:41 [debug    ] Lineage event recorded         claim_id=CLM-09B3CDE073B5 latency_ms=0.5617141723632812 source=src_claims_ingestion target=tx_validation
[2026-03-07T21:14:41.624+0000] {logging_mixin.py:188} INFO - 2026-03-07 21:14:41 [info     ] Claim validated                claim_id=CLM-09B3CDE073B5 errors=1 latency_ms=0.56 valid=False
[2026-03-07T21:14:41.690+0000] {logging_mixin.py:188} INFO - 2026-03-07 21:14:41 [debug    ] Stored to S3                   key=rejected/2026/03/07/CLM-09B3CDE073B5.json
[2026-03-07T21:14:41.844+0000] {logging_mixin.py:188} INFO - 2026-03-07 21:14:41 [debug    ] Lineage event recorded         claim_id=CLM-69F5F2FE09CF latency_ms=0.7441043853759766 source=src_claims_ingestion target=tx_validation
[2026-03-07T21:14:41.846+0000] {logging_mixin.py:188} INFO - 2026-03-07 21:14:41 [info     ] Claim validated                claim_id=CLM-69F5F2FE09CF errors=0 latency_ms=0.74 valid=True
[2026-03-07T21:14:41.876+0000] {logging_mixin.py:188} INFO - 2026-03-07 21:14:41 [debug    ] Stored to S3                   key=validated/2026/03/07/CLM-69F5F2FE09CF.json
[2026-03-07T21:14:41.961+0000] {logging_mixin.py:188} INFO - 2026-03-07 21:14:41 [debug    ] Lineage event recorded         claim_id=CLM-69F5F2FE09CF latency_ms=0.7450580596923828 source=tx_validation target=tx_fraud_detection
[2026-03-07T21:14:41.964+0000] {logging_mixin.py:188} INFO - 2026-03-07 21:14:41 [info     ] Claim fraud scored             claim_id=CLM-69F5F2FE09CF fraud_score=0.7986 risk_level=high rules=['high_amount', 'weekend_filing', 'late_filing', 'excessive_amount_for_type']
[2026-03-07T21:14:41.990+0000] {logging_mixin.py:188} INFO - 2026-03-07 21:14:41 [debug    ] Stored to S3                   key=scored/2026/03/07/CLM-69F5F2FE09CF.json
[2026-03-07T21:14:42.145+0000] {logging_mixin.py:188} INFO - 2026-03-07 21:14:42 [debug    ] Lineage event recorded         claim_id=CLM-69F5F2FE09CF latency_ms=0.4534721374511719 source=tx_fraud_detection target=tx_enrichment
[2026-03-07T21:14:42.152+0000] {logging_mixin.py:188} INFO - 2026-03-07 21:14:42 [info     ] Claim enriched                 claim_id=CLM-69F5F2FE09CF fields=['policy', 'claimant_history', 'geo_risk', 'category_analysis', 'adjuster_recommendation', 'reserve_estimate'] latency_ms=0.45
[2026-03-07T21:14:42.298+0000] {logging_mixin.py:188} INFO - 2026-03-07 21:14:42 [debug    ] Stored to S3                   key=enriched/2026/03/07/CLM-69F5F2FE09CF.json
[2026-03-07T21:14:42.504+0000] {logging_mixin.py:188} INFO - 2026-03-07 21:14:42 [debug    ] Lineage event recorded         claim_id=CLM-69F5F2FE09CF latency_ms=624.8810291290283 source=tx_enrichment target=sink_s3_datalake
[2026-03-07T21:14:42.632+0000] {logging_mixin.py:188} INFO - 2026-03-07 21:14:42 [debug    ] Stored to PostgreSQL           claim_id=CLM-69F5F2FE09CF
[2026-03-07T21:14:42.698+0000] {logging_mixin.py:188} INFO - 2026-03-07 21:14:42 [debug    ] Lineage event recorded         claim_id=CLM-69F5F2FE09CF latency_ms=0 source=tx_enrichment target=sink_postgres
[2026-03-07T21:14:42.718+0000] {logging_mixin.py:188} INFO - 2026-03-07 21:14:42 [error    ] Pipeline processing failed     error=1 validation error for InsuranceClaim
claim_amount
  Input should be greater than 0 [type=greater_than, input_value=-100, input_type=int]
    For further information visit https://errors.pydantic.dev/2.5/v/greater_than
[2026-03-07T21:14:42.924+0000] {logging_mixin.py:188} INFO - 2026-03-07 21:14:42 [debug    ] Lineage event recorded         claim_id=CLM-81267654266A latency_ms=0.3230571746826172 source=src_claims_ingestion target=tx_validation
[2026-03-07T21:14:42.925+0000] {logging_mixin.py:188} INFO - 2026-03-07 21:14:42 [info     ] Claim validated                claim_id=CLM-81267654266A errors=0 latency_ms=0.32 valid=True
[2026-03-07T21:14:42.941+0000] {logging_mixin.py:188} INFO - 2026-03-07 21:14:42 [debug    ] Stored to S3                   key=validated/2026/03/07/CLM-81267654266A.json
[2026-03-07T21:14:42.978+0000] {logging_mixin.py:188} INFO - 2026-03-07 21:14:42 [debug    ] Lineage event recorded         claim_id=CLM-81267654266A latency_ms=0.35881996154785156 source=tx_validation target=tx_fraud_detection
[2026-03-07T21:14:42.979+0000] {logging_mixin.py:188} INFO - 2026-03-07 21:14:42 [info     ] Claim fraud scored             claim_id=CLM-81267654266A fraud_score=0.1582 risk_level=low rules=['high_amount', 'weekend_filing']
[2026-03-07T21:14:43.007+0000] {logging_mixin.py:188} INFO - 2026-03-07 21:14:43 [debug    ] Stored to S3                   key=scored/2026/03/07/CLM-81267654266A.json
[2026-03-07T21:14:43.047+0000] {logging_mixin.py:188} INFO - 2026-03-07 21:14:43 [debug    ] Lineage event recorded         claim_id=CLM-81267654266A latency_ms=0.4284381866455078 source=tx_fraud_detection target=tx_enrichment
[2026-03-07T21:14:43.049+0000] {logging_mixin.py:188} INFO - 2026-03-07 21:14:43 [info     ] Claim enriched                 claim_id=CLM-81267654266A fields=['policy', 'claimant_history', 'geo_risk', 'category_analysis', 'adjuster_recommendation', 'reserve_estimate'] latency_ms=0.43
[2026-03-07T21:14:43.081+0000] {logging_mixin.py:188} INFO - 2026-03-07 21:14:43 [debug    ] Stored to S3                   key=enriched/2026/03/07/CLM-81267654266A.json
[2026-03-07T21:14:43.136+0000] {logging_mixin.py:188} INFO - 2026-03-07 21:14:43 [debug    ] Lineage event recorded         claim_id=CLM-81267654266A latency_ms=290.72117805480957 source=tx_enrichment target=sink_s3_datalake
[2026-03-07T21:14:43.194+0000] {logging_mixin.py:188} INFO - 2026-03-07 21:14:43 [debug    ] Stored to PostgreSQL           claim_id=CLM-81267654266A
[2026-03-07T21:14:43.234+0000] {logging_mixin.py:188} INFO - 2026-03-07 21:14:43 [debug    ] Lineage event recorded         claim_id=CLM-81267654266A latency_ms=0 source=tx_enrichment target=sink_postgres
[2026-03-07T21:14:43.288+0000] {logging_mixin.py:188} INFO - 2026-03-07 21:14:43 [debug    ] Lineage event recorded         claim_id=CLM-4106FAF7575C latency_ms=0.11730194091796875 source=src_claims_ingestion target=tx_validation
[2026-03-07T21:14:43.289+0000] {logging_mixin.py:188} INFO - 2026-03-07 21:14:43 [info     ] Claim validated                claim_id=CLM-4106FAF7575C errors=1 latency_ms=0.12 valid=False
[2026-03-07T21:14:43.305+0000] {logging_mixin.py:188} INFO - 2026-03-07 21:14:43 [debug    ] Stored to S3                   key=rejected/2026/03/07/CLM-4106FAF7575C.json
[2026-03-07T21:14:43.343+0000] {logging_mixin.py:188} INFO - 2026-03-07 21:14:43 [debug    ] Lineage event recorded         claim_id=CLM-3E9AD7684513 latency_ms=0.3311634063720703 source=src_claims_ingestion target=tx_validation
[2026-03-07T21:14:43.344+0000] {logging_mixin.py:188} INFO - 2026-03-07 21:14:43 [info     ] Claim validated                claim_id=CLM-3E9AD7684513 errors=0 latency_ms=0.33 valid=True
[2026-03-07T21:14:43.355+0000] {logging_mixin.py:188} INFO - 2026-03-07 21:14:43 [debug    ] Stored to S3                   key=validated/2026/03/07/CLM-3E9AD7684513.json
[2026-03-07T21:14:43.393+0000] {logging_mixin.py:188} INFO - 2026-03-07 21:14:43 [debug    ] Lineage event recorded         claim_id=CLM-3E9AD7684513 latency_ms=0.2090930938720703 source=tx_validation target=tx_fraud_detection
[2026-03-07T21:14:43.394+0000] {logging_mixin.py:188} INFO - 2026-03-07 21:14:43 [info     ] Claim fraud scored             claim_id=CLM-3E9AD7684513 fraud_score=0.3065 risk_level=medium rules=['high_amount', 'weekend_filing', 'late_filing']
[2026-03-07T21:14:43.407+0000] {logging_mixin.py:188} INFO - 2026-03-07 21:14:43 [debug    ] Stored to S3                   key=scored/2026/03/07/CLM-3E9AD7684513.json
[2026-03-07T21:14:43.478+0000] {logging_mixin.py:188} INFO - 2026-03-07 21:14:43 [debug    ] Lineage event recorded         claim_id=CLM-3E9AD7684513 latency_ms=0.7047653198242188 source=tx_fraud_detection target=tx_enrichment
[2026-03-07T21:14:43.480+0000] {logging_mixin.py:188} INFO - 2026-03-07 21:14:43 [info     ] Claim enriched                 claim_id=CLM-3E9AD7684513 fields=['policy', 'claimant_history', 'geo_risk', 'category_analysis', 'adjuster_recommendation', 'reserve_estimate'] latency_ms=0.7
[2026-03-07T21:14:43.499+0000] {logging_mixin.py:188} INFO - 2026-03-07 21:14:43 [debug    ] Stored to S3                   key=enriched/2026/03/07/CLM-3E9AD7684513.json
[2026-03-07T21:14:43.543+0000] {logging_mixin.py:188} INFO - 2026-03-07 21:14:43 [debug    ] Lineage event recorded         claim_id=CLM-3E9AD7684513 latency_ms=194.25272941589355 source=tx_enrichment target=sink_s3_datalake
[2026-03-07T21:14:43.600+0000] {logging_mixin.py:188} INFO - 2026-03-07 21:14:43 [debug    ] Stored to PostgreSQL           claim_id=CLM-3E9AD7684513
[2026-03-07T21:14:43.808+0000] {logging_mixin.py:188} INFO - 2026-03-07 21:14:43 [debug    ] Lineage event recorded         claim_id=CLM-3E9AD7684513 latency_ms=0 source=tx_enrichment target=sink_postgres
[2026-03-07T21:14:43.812+0000] {logging_mixin.py:188} INFO - 2026-03-07 21:14:43 [info     ] Processed 40 claims            throughput=1.85/s
[2026-03-07T21:14:44.023+0000] {logging_mixin.py:188} INFO - 2026-03-07 21:14:44 [debug    ] Lineage event recorded         claim_id=CLM-F905C208C98C latency_ms=0.8647441864013672 source=src_claims_ingestion target=tx_validation
[2026-03-07T21:14:44.025+0000] {logging_mixin.py:188} INFO - 2026-03-07 21:14:44 [info     ] Claim validated                claim_id=CLM-F905C208C98C errors=0 latency_ms=0.86 valid=True
[2026-03-07T21:14:44.056+0000] {logging_mixin.py:188} INFO - 2026-03-07 21:14:44 [debug    ] Stored to S3                   key=validated/2026/03/07/CLM-F905C208C98C.json
[2026-03-07T21:14:44.127+0000] {logging_mixin.py:188} INFO - 2026-03-07 21:14:44 [debug    ] Lineage event recorded         claim_id=CLM-F905C208C98C latency_ms=2.3682117462158203 source=tx_validation target=tx_fraud_detection
[2026-03-07T21:14:44.130+0000] {logging_mixin.py:188} INFO - 2026-03-07 21:14:44 [info     ] Claim fraud scored             claim_id=CLM-F905C208C98C fraud_score=0.7011 risk_level=high rules=['high_amount', 'weekend_filing', 'late_filing', 'excessive_amount_for_type']
[2026-03-07T21:14:44.153+0000] {logging_mixin.py:188} INFO - 2026-03-07 21:14:44 [debug    ] Stored to S3                   key=scored/2026/03/07/CLM-F905C208C98C.json
[2026-03-07T21:14:44.276+0000] {logging_mixin.py:188} INFO - 2026-03-07 21:14:44 [debug    ] Lineage event recorded         claim_id=CLM-F905C208C98C latency_ms=0.5564689636230469 source=tx_fraud_detection target=tx_enrichment
[2026-03-07T21:14:44.282+0000] {logging_mixin.py:188} INFO - 2026-03-07 21:14:44 [info     ] Claim enriched                 claim_id=CLM-F905C208C98C fields=['policy', 'claimant_history', 'geo_risk', 'category_analysis', 'adjuster_recommendation', 'reserve_estimate'] latency_ms=0.56
[2026-03-07T21:14:44.316+0000] {logging_mixin.py:188} INFO - 2026-03-07 21:14:44 [debug    ] Stored to S3                   key=enriched/2026/03/07/CLM-F905C208C98C.json
[2026-03-07T21:14:44.395+0000] {logging_mixin.py:188} INFO - 2026-03-07 21:14:44 [debug    ] Lineage event recorded         claim_id=CLM-F905C208C98C latency_ms=499.8281002044678 source=tx_enrichment target=sink_s3_datalake
[2026-03-07T21:14:44.457+0000] {logging_mixin.py:188} INFO - 2026-03-07 21:14:44 [debug    ] Stored to PostgreSQL           claim_id=CLM-F905C208C98C
[2026-03-07T21:14:44.520+0000] {logging_mixin.py:188} INFO - 2026-03-07 21:14:44 [debug    ] Lineage event recorded         claim_id=CLM-F905C208C98C latency_ms=0 source=tx_enrichment target=sink_postgres
[2026-03-07T21:14:44.605+0000] {logging_mixin.py:188} INFO - 2026-03-07 21:14:44 [debug    ] Lineage event recorded         claim_id=CLM-0BD0E77831CB latency_ms=1.0077953338623047 source=src_claims_ingestion target=tx_validation
[2026-03-07T21:14:44.613+0000] {logging_mixin.py:188} INFO - 2026-03-07 21:14:44 [info     ] Claim validated                claim_id=CLM-0BD0E77831CB errors=0 latency_ms=1.01 valid=True
[2026-03-07T21:14:44.645+0000] {logging_mixin.py:188} INFO - 2026-03-07 21:14:44 [debug    ] Stored to S3                   key=validated/2026/03/07/CLM-0BD0E77831CB.json
[2026-03-07T21:14:44.740+0000] {logging_mixin.py:188} INFO - 2026-03-07 21:14:44 [debug    ] Lineage event recorded         claim_id=CLM-0BD0E77831CB latency_ms=0.47326087951660156 source=tx_validation target=tx_fraud_detection
[2026-03-07T21:14:44.743+0000] {logging_mixin.py:188} INFO - 2026-03-07 21:14:44 [info     ] Claim fraud scored             claim_id=CLM-0BD0E77831CB fraud_score=0.1141 risk_level=low rules=['weekend_filing', 'late_filing']
[2026-03-07T21:14:44.762+0000] {logging_mixin.py:188} INFO - 2026-03-07 21:14:44 [debug    ] Stored to S3                   key=scored/2026/03/07/CLM-0BD0E77831CB.json
[2026-03-07T21:14:44.830+0000] {logging_mixin.py:188} INFO - 2026-03-07 21:14:44 [debug    ] Lineage event recorded         claim_id=CLM-0BD0E77831CB latency_ms=0.66375732421875 source=tx_fraud_detection target=tx_enrichment
[2026-03-07T21:14:44.831+0000] {logging_mixin.py:188} INFO - 2026-03-07 21:14:44 [info     ] Claim enriched                 claim_id=CLM-0BD0E77831CB fields=['policy', 'claimant_history', 'geo_risk', 'category_analysis', 'adjuster_recommendation', 'reserve_estimate'] latency_ms=0.66
[2026-03-07T21:14:44.852+0000] {logging_mixin.py:188} INFO - 2026-03-07 21:14:44 [debug    ] Stored to S3                   key=enriched/2026/03/07/CLM-0BD0E77831CB.json
[2026-03-07T21:14:44.902+0000] {logging_mixin.py:188} INFO - 2026-03-07 21:14:44 [debug    ] Lineage event recorded         claim_id=CLM-0BD0E77831CB latency_ms=329.05101776123047 source=tx_enrichment target=sink_s3_datalake
[2026-03-07T21:14:44.943+0000] {logging_mixin.py:188} INFO - 2026-03-07 21:14:44 [debug    ] Stored to PostgreSQL           claim_id=CLM-0BD0E77831CB
[2026-03-07T21:14:44.973+0000] {logging_mixin.py:188} INFO - 2026-03-07 21:14:44 [debug    ] Lineage event recorded         claim_id=CLM-0BD0E77831CB latency_ms=0 source=tx_enrichment target=sink_postgres
[2026-03-07T21:14:45.002+0000] {logging_mixin.py:188} INFO - 2026-03-07 21:14:45 [debug    ] Lineage event recorded         claim_id=CLM-8EDEBEAA298A latency_ms=0.09059906005859375 source=src_claims_ingestion target=tx_validation
[2026-03-07T21:14:45.002+0000] {logging_mixin.py:188} INFO - 2026-03-07 21:14:45 [info     ] Claim validated                claim_id=CLM-8EDEBEAA298A errors=0 latency_ms=0.09 valid=True
[2026-03-07T21:14:45.012+0000] {logging_mixin.py:188} INFO - 2026-03-07 21:14:45 [debug    ] Stored to S3                   key=validated/2026/03/07/CLM-8EDEBEAA298A.json
[2026-03-07T21:14:45.211+0000] {logging_mixin.py:188} INFO - 2026-03-07 21:14:45 [debug    ] Lineage event recorded         claim_id=CLM-8EDEBEAA298A latency_ms=0.16117095947265625 source=tx_validation target=tx_fraud_detection
[2026-03-07T21:14:45.217+0000] {logging_mixin.py:188} INFO - 2026-03-07 21:14:45 [info     ] Claim fraud scored             claim_id=CLM-8EDEBEAA298A fraud_score=0.0759 risk_level=low rules=['weekend_filing']
[2026-03-07T21:14:45.292+0000] {logging_mixin.py:188} INFO - 2026-03-07 21:14:45 [debug    ] Stored to S3                   key=scored/2026/03/07/CLM-8EDEBEAA298A.json
[2026-03-07T21:14:45.375+0000] {logging_mixin.py:188} INFO - 2026-03-07 21:14:45 [debug    ] Lineage event recorded         claim_id=CLM-8EDEBEAA298A latency_ms=0.5714893341064453 source=tx_fraud_detection target=tx_enrichment
[2026-03-07T21:14:45.377+0000] {logging_mixin.py:188} INFO - 2026-03-07 21:14:45 [info     ] Claim enriched                 claim_id=CLM-8EDEBEAA298A fields=['policy', 'claimant_history', 'geo_risk', 'category_analysis', 'adjuster_recommendation', 'reserve_estimate'] latency_ms=0.57
[2026-03-07T21:14:45.539+0000] {logging_mixin.py:188} INFO - 2026-03-07 21:14:45 [debug    ] Stored to S3                   key=enriched/2026/03/07/CLM-8EDEBEAA298A.json
[2026-03-07T21:14:45.662+0000] {logging_mixin.py:188} INFO - 2026-03-07 21:14:45 [debug    ] Lineage event recorded         claim_id=CLM-8EDEBEAA298A latency_ms=565.6759738922119 source=tx_enrichment target=sink_s3_datalake
[2026-03-07T21:14:45.726+0000] {logging_mixin.py:188} INFO - 2026-03-07 21:14:45 [debug    ] Stored to PostgreSQL           claim_id=CLM-8EDEBEAA298A
[2026-03-07T21:14:45.971+0000] {logging_mixin.py:188} INFO - 2026-03-07 21:14:45 [debug    ] Lineage event recorded         claim_id=CLM-8EDEBEAA298A latency_ms=0 source=tx_enrichment target=sink_postgres
[2026-03-07T21:14:46.008+0000] {logging_mixin.py:188} INFO - 2026-03-07 21:14:46 [debug    ] Lineage event recorded         claim_id=CLM-D3BFE26A1105 latency_ms=0.29540061950683594 source=src_claims_ingestion target=tx_validation
[2026-03-07T21:14:46.009+0000] {logging_mixin.py:188} INFO - 2026-03-07 21:14:46 [info     ] Claim validated                claim_id=CLM-D3BFE26A1105 errors=0 latency_ms=0.3 valid=True
[2026-03-07T21:14:46.029+0000] {logging_mixin.py:188} INFO - 2026-03-07 21:14:46 [debug    ] Stored to S3                   key=validated/2026/03/07/CLM-D3BFE26A1105.json
[2026-03-07T21:14:46.079+0000] {logging_mixin.py:188} INFO - 2026-03-07 21:14:46 [debug    ] Lineage event recorded         claim_id=CLM-D3BFE26A1105 latency_ms=0.7042884826660156 source=tx_validation target=tx_fraud_detection
[2026-03-07T21:14:46.081+0000] {logging_mixin.py:188} INFO - 2026-03-07 21:14:46 [info     ] Claim fraud scored             claim_id=CLM-D3BFE26A1105 fraud_score=0.4908 risk_level=medium rules=['high_amount', 'weekend_filing', 'late_filing', 'excessive_amount_for_type']
[2026-03-07T21:14:46.096+0000] {logging_mixin.py:188} INFO - 2026-03-07 21:14:46 [debug    ] Stored to S3                   key=scored/2026/03/07/CLM-D3BFE26A1105.json
[2026-03-07T21:14:46.143+0000] {logging_mixin.py:188} INFO - 2026-03-07 21:14:46 [debug    ] Lineage event recorded         claim_id=CLM-D3BFE26A1105 latency_ms=0.5402565002441406 source=tx_fraud_detection target=tx_enrichment
[2026-03-07T21:14:46.145+0000] {logging_mixin.py:188} INFO - 2026-03-07 21:14:46 [info     ] Claim enriched                 claim_id=CLM-D3BFE26A1105 fields=['policy', 'claimant_history', 'geo_risk', 'category_analysis', 'adjuster_recommendation', 'reserve_estimate'] latency_ms=0.54
[2026-03-07T21:14:46.176+0000] {logging_mixin.py:188} INFO - 2026-03-07 21:14:46 [debug    ] Stored to S3                   key=enriched/2026/03/07/CLM-D3BFE26A1105.json
[2026-03-07T21:14:46.241+0000] {logging_mixin.py:188} INFO - 2026-03-07 21:14:46 [debug    ] Lineage event recorded         claim_id=CLM-D3BFE26A1105 latency_ms=205.6865692138672 source=tx_enrichment target=sink_s3_datalake
[2026-03-07T21:14:46.392+0000] {logging_mixin.py:188} INFO - 2026-03-07 21:14:46 [debug    ] Stored to PostgreSQL           claim_id=CLM-D3BFE26A1105
[2026-03-07T21:14:46.486+0000] {logging_mixin.py:188} INFO - 2026-03-07 21:14:46 [debug    ] Lineage event recorded         claim_id=CLM-D3BFE26A1105 latency_ms=0 source=tx_enrichment target=sink_postgres
[2026-03-07T21:14:46.491+0000] {logging_mixin.py:188} INFO - 2026-03-07 21:14:46 [error    ] Pipeline processing failed     error=1 validation error for InsuranceClaim
claim_amount
  Input should be greater than 0 [type=greater_than, input_value=-100, input_type=int]
    For further information visit https://errors.pydantic.dev/2.5/v/greater_than
[2026-03-07T21:14:46.656+0000] {logging_mixin.py:188} INFO - 2026-03-07 21:14:46 [debug    ] Lineage event recorded         claim_id=CLM-21377229FB5B latency_ms=0.49424171447753906 source=src_claims_ingestion target=tx_validation
[2026-03-07T21:14:46.659+0000] {logging_mixin.py:188} INFO - 2026-03-07 21:14:46 [info     ] Claim validated                claim_id=CLM-21377229FB5B errors=0 latency_ms=0.49 valid=True
[2026-03-07T21:14:46.741+0000] {logging_mixin.py:188} INFO - 2026-03-07 21:14:46 [debug    ] Stored to S3                   key=validated/2026/03/07/CLM-21377229FB5B.json
[2026-03-07T21:14:46.849+0000] {logging_mixin.py:188} INFO - 2026-03-07 21:14:46 [debug    ] Lineage event recorded         claim_id=CLM-21377229FB5B latency_ms=1.6131401062011719 source=tx_validation target=tx_fraud_detection
[2026-03-07T21:14:46.851+0000] {logging_mixin.py:188} INFO - 2026-03-07 21:14:46 [info     ] Claim fraud scored             claim_id=CLM-21377229FB5B fraud_score=0.3658 risk_level=medium rules=['high_amount', 'weekend_filing', 'excessive_amount_for_type']
[2026-03-07T21:14:46.867+0000] {logging_mixin.py:188} INFO - 2026-03-07 21:14:46 [debug    ] Stored to S3                   key=scored/2026/03/07/CLM-21377229FB5B.json
[2026-03-07T21:14:46.907+0000] {logging_mixin.py:188} INFO - 2026-03-07 21:14:46 [debug    ] Lineage event recorded         claim_id=CLM-21377229FB5B latency_ms=0.423431396484375 source=tx_fraud_detection target=tx_enrichment
[2026-03-07T21:14:46.908+0000] {logging_mixin.py:188} INFO - 2026-03-07 21:14:46 [info     ] Claim enriched                 claim_id=CLM-21377229FB5B fields=['policy', 'claimant_history', 'geo_risk', 'category_analysis', 'adjuster_recommendation', 'reserve_estimate'] latency_ms=0.42
[2026-03-07T21:14:46.918+0000] {logging_mixin.py:188} INFO - 2026-03-07 21:14:46 [debug    ] Stored to S3                   key=enriched/2026/03/07/CLM-21377229FB5B.json
[2026-03-07T21:14:46.954+0000] {logging_mixin.py:188} INFO - 2026-03-07 21:14:46 [debug    ] Lineage event recorded         claim_id=CLM-21377229FB5B latency_ms=424.2827892303467 source=tx_enrichment target=sink_s3_datalake
[2026-03-07T21:14:46.996+0000] {logging_mixin.py:188} INFO - 2026-03-07 21:14:46 [debug    ] Stored to PostgreSQL           claim_id=CLM-21377229FB5B
[2026-03-07T21:14:47.039+0000] {logging_mixin.py:188} INFO - 2026-03-07 21:14:47 [debug    ] Lineage event recorded         claim_id=CLM-21377229FB5B latency_ms=0 source=tx_enrichment target=sink_postgres
[2026-03-07T21:14:47.087+0000] {logging_mixin.py:188} INFO - 2026-03-07 21:14:47 [debug    ] Lineage event recorded         claim_id=CLM-14261F404E62 latency_ms=0.2846717834472656 source=src_claims_ingestion target=tx_validation
[2026-03-07T21:14:47.089+0000] {logging_mixin.py:188} INFO - 2026-03-07 21:14:47 [info     ] Claim validated                claim_id=CLM-14261F404E62 errors=0 latency_ms=0.28 valid=True
[2026-03-07T21:14:47.103+0000] {logging_mixin.py:188} INFO - 2026-03-07 21:14:47 [debug    ] Stored to S3                   key=validated/2026/03/07/CLM-14261F404E62.json
[2026-03-07T21:14:47.154+0000] {logging_mixin.py:188} INFO - 2026-03-07 21:14:47 [debug    ] Lineage event recorded         claim_id=CLM-14261F404E62 latency_ms=0.3311634063720703 source=tx_validation target=tx_fraud_detection
[2026-03-07T21:14:47.155+0000] {logging_mixin.py:188} INFO - 2026-03-07 21:14:47 [info     ] Claim fraud scored             claim_id=CLM-14261F404E62 fraud_score=0.0759 risk_level=low rules=['weekend_filing']
[2026-03-07T21:14:47.167+0000] {logging_mixin.py:188} INFO - 2026-03-07 21:14:47 [debug    ] Stored to S3                   key=scored/2026/03/07/CLM-14261F404E62.json
[2026-03-07T21:14:47.205+0000] {logging_mixin.py:188} INFO - 2026-03-07 21:14:47 [debug    ] Lineage event recorded         claim_id=CLM-14261F404E62 latency_ms=0.3592967987060547 source=tx_fraud_detection target=tx_enrichment
[2026-03-07T21:14:47.207+0000] {logging_mixin.py:188} INFO - 2026-03-07 21:14:47 [info     ] Claim enriched                 claim_id=CLM-14261F404E62 fields=['policy', 'claimant_history', 'geo_risk', 'category_analysis', 'adjuster_recommendation', 'reserve_estimate'] latency_ms=0.36
[2026-03-07T21:14:47.219+0000] {logging_mixin.py:188} INFO - 2026-03-07 21:14:47 [debug    ] Stored to S3                   key=enriched/2026/03/07/CLM-14261F404E62.json
[2026-03-07T21:14:47.259+0000] {logging_mixin.py:188} INFO - 2026-03-07 21:14:47 [debug    ] Lineage event recorded         claim_id=CLM-14261F404E62 latency_ms=178.22980880737305 source=tx_enrichment target=sink_s3_datalake
[2026-03-07T21:14:47.297+0000] {logging_mixin.py:188} INFO - 2026-03-07 21:14:47 [debug    ] Stored to PostgreSQL           claim_id=CLM-14261F404E62
[2026-03-07T21:14:47.336+0000] {logging_mixin.py:188} INFO - 2026-03-07 21:14:47 [debug    ] Lineage event recorded         claim_id=CLM-14261F404E62 latency_ms=0 source=tx_enrichment target=sink_postgres
[2026-03-07T21:14:47.371+0000] {logging_mixin.py:188} INFO - 2026-03-07 21:14:47 [debug    ] Lineage event recorded         claim_id=CLM-686BEE2B0E68 latency_ms=0.31113624572753906 source=src_claims_ingestion target=tx_validation
[2026-03-07T21:14:47.371+0000] {logging_mixin.py:188} INFO - 2026-03-07 21:14:47 [info     ] Claim validated                claim_id=CLM-686BEE2B0E68 errors=1 latency_ms=0.31 valid=False
[2026-03-07T21:14:47.381+0000] {logging_mixin.py:188} INFO - 2026-03-07 21:14:47 [debug    ] Stored to S3                   key=rejected/2026/03/07/CLM-686BEE2B0E68.json
[2026-03-07T21:14:47.417+0000] {logging_mixin.py:188} INFO - 2026-03-07 21:14:47 [debug    ] Lineage event recorded         claim_id=CLM-E800F62AFB7D latency_ms=0.2651214599609375 source=src_claims_ingestion target=tx_validation
[2026-03-07T21:14:47.417+0000] {logging_mixin.py:188} INFO - 2026-03-07 21:14:47 [info     ] Claim validated                claim_id=CLM-E800F62AFB7D errors=0 latency_ms=0.27 valid=True
[2026-03-07T21:14:47.426+0000] {logging_mixin.py:188} INFO - 2026-03-07 21:14:47 [debug    ] Stored to S3                   key=validated/2026/03/07/CLM-E800F62AFB7D.json
[2026-03-07T21:14:47.453+0000] {logging_mixin.py:188} INFO - 2026-03-07 21:14:47 [debug    ] Lineage event recorded         claim_id=CLM-E800F62AFB7D latency_ms=0.23698806762695312 source=tx_validation target=tx_fraud_detection
[2026-03-07T21:14:47.453+0000] {logging_mixin.py:188} INFO - 2026-03-07 21:14:47 [info     ] Claim fraud scored             claim_id=CLM-E800F62AFB7D fraud_score=0.1043 risk_level=low rules=['weekend_filing', 'late_filing']
[2026-03-07T21:14:47.465+0000] {logging_mixin.py:188} INFO - 2026-03-07 21:14:47 [debug    ] Stored to S3                   key=scored/2026/03/07/CLM-E800F62AFB7D.json
[2026-03-07T21:14:47.510+0000] {logging_mixin.py:188} INFO - 2026-03-07 21:14:47 [debug    ] Lineage event recorded         claim_id=CLM-E800F62AFB7D latency_ms=0.2720355987548828 source=tx_fraud_detection target=tx_enrichment
[2026-03-07T21:14:47.514+0000] {logging_mixin.py:188} INFO - 2026-03-07 21:14:47 [info     ] Claim enriched                 claim_id=CLM-E800F62AFB7D fields=['policy', 'claimant_history', 'geo_risk', 'category_analysis', 'adjuster_recommendation', 'reserve_estimate'] latency_ms=0.27
[2026-03-07T21:14:47.532+0000] {logging_mixin.py:188} INFO - 2026-03-07 21:14:47 [debug    ] Stored to S3                   key=enriched/2026/03/07/CLM-E800F62AFB7D.json
[2026-03-07T21:14:47.584+0000] {logging_mixin.py:188} INFO - 2026-03-07 21:14:47 [debug    ] Lineage event recorded         claim_id=CLM-E800F62AFB7D latency_ms=150.57039260864258 source=tx_enrichment target=sink_s3_datalake
[2026-03-07T21:14:47.622+0000] {logging_mixin.py:188} INFO - 2026-03-07 21:14:47 [debug    ] Stored to PostgreSQL           claim_id=CLM-E800F62AFB7D
[2026-03-07T21:14:47.651+0000] {logging_mixin.py:188} INFO - 2026-03-07 21:14:47 [debug    ] Lineage event recorded         claim_id=CLM-E800F62AFB7D latency_ms=0 source=tx_enrichment target=sink_postgres
[2026-03-07T21:14:47.682+0000] {logging_mixin.py:188} INFO - 2026-03-07 21:14:47 [debug    ] Lineage event recorded         claim_id=CLM-750BC889B2E3 latency_ms=0.1544952392578125 source=src_claims_ingestion target=tx_validation
[2026-03-07T21:14:47.683+0000] {logging_mixin.py:188} INFO - 2026-03-07 21:14:47 [info     ] Claim validated                claim_id=CLM-750BC889B2E3 errors=0 latency_ms=0.15 valid=True
[2026-03-07T21:14:47.691+0000] {logging_mixin.py:188} INFO - 2026-03-07 21:14:47 [debug    ] Stored to S3                   key=validated/2026/03/07/CLM-750BC889B2E3.json
[2026-03-07T21:14:47.714+0000] {logging_mixin.py:188} INFO - 2026-03-07 21:14:47 [debug    ] Lineage event recorded         claim_id=CLM-750BC889B2E3 latency_ms=0.10919570922851562 source=tx_validation target=tx_fraud_detection
[2026-03-07T21:14:47.715+0000] {logging_mixin.py:188} INFO - 2026-03-07 21:14:47 [info     ] Claim fraud scored             claim_id=CLM-750BC889B2E3 fraud_score=0.2924 risk_level=low rules=['high_amount', 'weekend_filing', 'late_filing']
[2026-03-07T21:14:47.724+0000] {logging_mixin.py:188} INFO - 2026-03-07 21:14:47 [debug    ] Stored to S3                   key=scored/2026/03/07/CLM-750BC889B2E3.json
[2026-03-07T21:14:47.747+0000] {logging_mixin.py:188} INFO - 2026-03-07 21:14:47 [debug    ] Lineage event recorded         claim_id=CLM-750BC889B2E3 latency_ms=0.2532005310058594 source=tx_fraud_detection target=tx_enrichment
[2026-03-07T21:14:47.748+0000] {logging_mixin.py:188} INFO - 2026-03-07 21:14:47 [info     ] Claim enriched                 claim_id=CLM-750BC889B2E3 fields=['policy', 'claimant_history', 'geo_risk', 'category_analysis', 'adjuster_recommendation', 'reserve_estimate'] latency_ms=0.25
[2026-03-07T21:14:47.757+0000] {logging_mixin.py:188} INFO - 2026-03-07 21:14:47 [debug    ] Stored to S3                   key=enriched/2026/03/07/CLM-750BC889B2E3.json
[2026-03-07T21:14:47.782+0000] {logging_mixin.py:188} INFO - 2026-03-07 21:14:47 [debug    ] Lineage event recorded         claim_id=CLM-750BC889B2E3 latency_ms=105.97395896911621 source=tx_enrichment target=sink_s3_datalake
[2026-03-07T21:14:47.811+0000] {logging_mixin.py:188} INFO - 2026-03-07 21:14:47 [debug    ] Stored to PostgreSQL           claim_id=CLM-750BC889B2E3
[2026-03-07T21:14:47.844+0000] {logging_mixin.py:188} INFO - 2026-03-07 21:14:47 [debug    ] Lineage event recorded         claim_id=CLM-750BC889B2E3 latency_ms=0 source=tx_enrichment target=sink_postgres
[2026-03-07T21:14:47.845+0000] {logging_mixin.py:188} INFO - 2026-03-07 21:14:47 [info     ] Processed 50 claims            throughput=1.95/s
[2026-03-07T21:14:47.890+0000] {logging_mixin.py:188} INFO - 2026-03-07 21:14:47 [info     ] Stream processor stopped. Total processed: 50
[2026-03-07T21:14:47.891+0000] {logging_mixin.py:188} INFO - Stream processing completed for 50 claims
[2026-03-07T21:14:47.898+0000] {python.py:201} INFO - Done. Returned value was: 50
[2026-03-07T21:14:47.964+0000] {taskinstance.py:1138} INFO - Marking task as SUCCESS. dag_id=insurance_claims_pipeline, task_id=stream_processing, execution_date=20260302T014619, start_date=20260307T211414, end_date=20260307T211447
[2026-03-07T21:14:48.667+0000] {local_task_job_runner.py:234} INFO - Task exited with return code 0
[2026-03-07T21:14:48.706+0000] {taskinstance.py:3280} INFO - 2 downstream tasks scheduled from follow-on schedule check
