[2026-03-07T21:22:11.579+0000] {taskinstance.py:1956} INFO - Dependencies all met for dep_context=non-requeueable deps ti=<TaskInstance: insurance_claims_pipeline.stream_processing manual__2026-03-07T21:22:06+00:00 [queued]>
[2026-03-07T21:22:11.586+0000] {taskinstance.py:1956} INFO - Dependencies all met for dep_context=requeueable deps ti=<TaskInstance: insurance_claims_pipeline.stream_processing manual__2026-03-07T21:22:06+00:00 [queued]>
[2026-03-07T21:22:11.587+0000] {taskinstance.py:2170} INFO - Starting attempt 1 of 3
[2026-03-07T21:22:11.596+0000] {taskinstance.py:2191} INFO - Executing <Task(PythonOperator): stream_processing> on 2026-03-07 21:22:06+00:00
[2026-03-07T21:22:11.599+0000] {standard_task_runner.py:60} INFO - Started process 1118 to run task
[2026-03-07T21:22:11.602+0000] {standard_task_runner.py:87} INFO - Running: ['airflow', 'tasks', 'run', 'insurance_claims_pipeline', 'stream_processing', 'manual__2026-03-07T21:22:06+00:00', '--job-id', '23', '--raw', '--subdir', 'DAGS_FOLDER/insurance_claims_pipeline.py', '--cfg-path', '/tmp/tmptjfywtdo']
[2026-03-07T21:22:11.604+0000] {standard_task_runner.py:88} INFO - Job 23: Subtask stream_processing
[2026-03-07T21:22:11.648+0000] {task_command.py:423} INFO - Running <TaskInstance: insurance_claims_pipeline.stream_processing manual__2026-03-07T21:22:06+00:00 [running]> on host 9dc18f9f578f
[2026-03-07T21:22:11.715+0000] {taskinstance.py:2480} INFO - Exporting env vars: AIRFLOW_CTX_DAG_OWNER='insurance-pipeline-team' AIRFLOW_CTX_DAG_ID='insurance_claims_pipeline' AIRFLOW_CTX_TASK_ID='stream_processing' AIRFLOW_CTX_EXECUTION_DATE='2026-03-07T21:22:06+00:00' AIRFLOW_CTX_TRY_NUMBER='1' AIRFLOW_CTX_DAG_RUN_ID='manual__2026-03-07T21:22:06+00:00'
[2026-03-07T21:22:11.904+0000] {logging_mixin.py:188} INFO - 2026-03-07 21:22:11 [info     ] OTLP tracing exporter initialized endpoint=http://jaeger:4317
[2026-03-07T21:22:11.905+0000] {logging_mixin.py:188} INFO - 2026-03-07 21:22:11 [info     ] Tracing initialized            service=insurance-claims-pipeline
[2026-03-07T21:22:12.348+0000] {logging_mixin.py:188} INFO - 2026-03-07 21:22:12 [info     ] Stream processor started       max_messages=50 topic=insurance.claims.raw
[2026-03-07T21:22:15.469+0000] {logging_mixin.py:188} INFO - 2026-03-07 21:22:15 [debug    ] Lineage event recorded         claim_id=CLM-EE46FF30DF76 latency_ms=0.20694732666015625 source=src_claims_ingestion target=tx_validation
[2026-03-07T21:22:15.470+0000] {logging_mixin.py:188} INFO - 2026-03-07 21:22:15 [info     ] Claim validated                claim_id=CLM-EE46FF30DF76 errors=0 latency_ms=0.21 valid=True
[2026-03-07T21:22:15.499+0000] {logging_mixin.py:188} INFO - 2026-03-07 21:22:15 [debug    ] Stored to S3                   key=validated/2026/03/07/CLM-EE46FF30DF76.json
[2026-03-07T21:22:15.551+0000] {logging_mixin.py:188} INFO - 2026-03-07 21:22:15 [debug    ] Lineage event recorded         claim_id=CLM-EE46FF30DF76 latency_ms=0.2894401550292969 source=tx_validation target=tx_fraud_detection
[2026-03-07T21:22:15.552+0000] {logging_mixin.py:188} INFO - 2026-03-07 21:22:15 [info     ] Claim fraud scored             claim_id=CLM-EE46FF30DF76 fraud_score=0.1152 risk_level=low rules=['weekend_filing', 'late_filing']
[2026-03-07T21:22:15.561+0000] {logging_mixin.py:188} INFO - 2026-03-07 21:22:15 [debug    ] Stored to S3                   key=scored/2026/03/07/CLM-EE46FF30DF76.json
[2026-03-07T21:22:15.610+0000] {logging_mixin.py:188} INFO - 2026-03-07 21:22:15 [debug    ] Lineage event recorded         claim_id=CLM-EE46FF30DF76 latency_ms=0.34046173095703125 source=tx_fraud_detection target=tx_enrichment
[2026-03-07T21:22:15.611+0000] {logging_mixin.py:188} INFO - 2026-03-07 21:22:15 [info     ] Claim enriched                 claim_id=CLM-EE46FF30DF76 fields=['policy', 'claimant_history', 'geo_risk', 'category_analysis', 'adjuster_recommendation', 'reserve_estimate'] latency_ms=0.34
[2026-03-07T21:22:15.620+0000] {logging_mixin.py:188} INFO - 2026-03-07 21:22:15 [debug    ] Stored to S3                   key=enriched/2026/03/07/CLM-EE46FF30DF76.json
[2026-03-07T21:22:15.662+0000] {logging_mixin.py:188} INFO - 2026-03-07 21:22:15 [debug    ] Lineage event recorded         claim_id=CLM-EE46FF30DF76 latency_ms=235.79049110412598 source=tx_enrichment target=sink_s3_datalake
[2026-03-07T21:22:15.686+0000] {logging_mixin.py:188} INFO - 2026-03-07 21:22:15 [debug    ] Stored to PostgreSQL           claim_id=CLM-EE46FF30DF76
[2026-03-07T21:22:15.727+0000] {logging_mixin.py:188} INFO - 2026-03-07 21:22:15 [debug    ] Lineage event recorded         claim_id=CLM-EE46FF30DF76 latency_ms=0 source=tx_enrichment target=sink_postgres
[2026-03-07T21:22:15.766+0000] {logging_mixin.py:188} INFO - 2026-03-07 21:22:15 [debug    ] Lineage event recorded         claim_id=CLM-02BF7E8D4BD6 latency_ms=0.3037452697753906 source=src_claims_ingestion target=tx_validation
[2026-03-07T21:22:15.767+0000] {logging_mixin.py:188} INFO - 2026-03-07 21:22:15 [info     ] Claim validated                claim_id=CLM-02BF7E8D4BD6 errors=0 latency_ms=0.3 valid=True
[2026-03-07T21:22:15.779+0000] {logging_mixin.py:188} INFO - 2026-03-07 21:22:15 [debug    ] Stored to S3                   key=validated/2026/03/07/CLM-02BF7E8D4BD6.json
[2026-03-07T21:22:15.819+0000] {logging_mixin.py:188} INFO - 2026-03-07 21:22:15 [debug    ] Lineage event recorded         claim_id=CLM-02BF7E8D4BD6 latency_ms=0.20432472229003906 source=tx_validation target=tx_fraud_detection
[2026-03-07T21:22:15.820+0000] {logging_mixin.py:188} INFO - 2026-03-07 21:22:15 [info     ] Claim fraud scored             claim_id=CLM-02BF7E8D4BD6 fraud_score=0.0759 risk_level=low rules=['weekend_filing']
[2026-03-07T21:22:15.831+0000] {logging_mixin.py:188} INFO - 2026-03-07 21:22:15 [debug    ] Stored to S3                   key=scored/2026/03/07/CLM-02BF7E8D4BD6.json
[2026-03-07T21:22:15.863+0000] {logging_mixin.py:188} INFO - 2026-03-07 21:22:15 [debug    ] Lineage event recorded         claim_id=CLM-02BF7E8D4BD6 latency_ms=0.25272369384765625 source=tx_fraud_detection target=tx_enrichment
[2026-03-07T21:22:15.864+0000] {logging_mixin.py:188} INFO - 2026-03-07 21:22:15 [info     ] Claim enriched                 claim_id=CLM-02BF7E8D4BD6 fields=['policy', 'claimant_history', 'geo_risk', 'category_analysis', 'adjuster_recommendation', 'reserve_estimate'] latency_ms=0.25
[2026-03-07T21:22:15.880+0000] {logging_mixin.py:188} INFO - 2026-03-07 21:22:15 [debug    ] Stored to S3                   key=enriched/2026/03/07/CLM-02BF7E8D4BD6.json
[2026-03-07T21:22:15.913+0000] {logging_mixin.py:188} INFO - 2026-03-07 21:22:15 [debug    ] Lineage event recorded         claim_id=CLM-02BF7E8D4BD6 latency_ms=152.30607986450195 source=tx_enrichment target=sink_s3_datalake
[2026-03-07T21:22:15.939+0000] {logging_mixin.py:188} INFO - 2026-03-07 21:22:15 [debug    ] Stored to PostgreSQL           claim_id=CLM-02BF7E8D4BD6
[2026-03-07T21:22:15.961+0000] {logging_mixin.py:188} INFO - 2026-03-07 21:22:15 [debug    ] Lineage event recorded         claim_id=CLM-02BF7E8D4BD6 latency_ms=0 source=tx_enrichment target=sink_postgres
[2026-03-07T21:22:15.982+0000] {logging_mixin.py:188} INFO - 2026-03-07 21:22:15 [debug    ] Lineage event recorded         claim_id=CLM-4AA01EB75BC9 latency_ms=0.11229515075683594 source=src_claims_ingestion target=tx_validation
[2026-03-07T21:22:15.983+0000] {logging_mixin.py:188} INFO - 2026-03-07 21:22:15 [info     ] Claim validated                claim_id=CLM-4AA01EB75BC9 errors=0 latency_ms=0.11 valid=True
[2026-03-07T21:22:15.991+0000] {logging_mixin.py:188} INFO - 2026-03-07 21:22:15 [debug    ] Stored to S3                   key=validated/2026/03/07/CLM-4AA01EB75BC9.json
[2026-03-07T21:22:16.013+0000] {logging_mixin.py:188} INFO - 2026-03-07 21:22:16 [debug    ] Lineage event recorded         claim_id=CLM-4AA01EB75BC9 latency_ms=0.3857612609863281 source=tx_validation target=tx_fraud_detection
[2026-03-07T21:22:16.013+0000] {logging_mixin.py:188} INFO - 2026-03-07 21:22:16 [info     ] Claim fraud scored             claim_id=CLM-4AA01EB75BC9 fraud_score=0.3255 risk_level=medium rules=['high_amount', 'weekend_filing', 'late_filing']
[2026-03-07T21:22:16.022+0000] {logging_mixin.py:188} INFO - 2026-03-07 21:22:16 [debug    ] Stored to S3                   key=scored/2026/03/07/CLM-4AA01EB75BC9.json
[2026-03-07T21:22:16.050+0000] {logging_mixin.py:188} INFO - 2026-03-07 21:22:16 [debug    ] Lineage event recorded         claim_id=CLM-4AA01EB75BC9 latency_ms=0.4982948303222656 source=tx_fraud_detection target=tx_enrichment
[2026-03-07T21:22:16.051+0000] {logging_mixin.py:188} INFO - 2026-03-07 21:22:16 [info     ] Claim enriched                 claim_id=CLM-4AA01EB75BC9 fields=['policy', 'claimant_history', 'geo_risk', 'category_analysis', 'adjuster_recommendation', 'reserve_estimate'] latency_ms=0.5
[2026-03-07T21:22:16.058+0000] {logging_mixin.py:188} INFO - 2026-03-07 21:22:16 [debug    ] Stored to S3                   key=enriched/2026/03/07/CLM-4AA01EB75BC9.json
[2026-03-07T21:22:16.075+0000] {logging_mixin.py:188} INFO - 2026-03-07 21:22:16 [debug    ] Lineage event recorded         claim_id=CLM-4AA01EB75BC9 latency_ms=96.1606502532959 source=tx_enrichment target=sink_s3_datalake
[2026-03-07T21:22:16.095+0000] {logging_mixin.py:188} INFO - 2026-03-07 21:22:16 [debug    ] Stored to PostgreSQL           claim_id=CLM-4AA01EB75BC9
[2026-03-07T21:22:16.115+0000] {logging_mixin.py:188} INFO - 2026-03-07 21:22:16 [debug    ] Lineage event recorded         claim_id=CLM-4AA01EB75BC9 latency_ms=0 source=tx_enrichment target=sink_postgres
[2026-03-07T21:22:16.136+0000] {logging_mixin.py:188} INFO - 2026-03-07 21:22:16 [debug    ] Lineage event recorded         claim_id=CLM-D7B62E8ACD9C latency_ms=0.09417533874511719 source=src_claims_ingestion target=tx_validation
[2026-03-07T21:22:16.137+0000] {logging_mixin.py:188} INFO - 2026-03-07 21:22:16 [info     ] Claim validated                claim_id=CLM-D7B62E8ACD9C errors=0 latency_ms=0.09 valid=True
[2026-03-07T21:22:16.143+0000] {logging_mixin.py:188} INFO - 2026-03-07 21:22:16 [debug    ] Stored to S3                   key=validated/2026/03/07/CLM-D7B62E8ACD9C.json
[2026-03-07T21:22:16.165+0000] {logging_mixin.py:188} INFO - 2026-03-07 21:22:16 [debug    ] Lineage event recorded         claim_id=CLM-D7B62E8ACD9C latency_ms=0.11396408081054688 source=tx_validation target=tx_fraud_detection
[2026-03-07T21:22:16.166+0000] {logging_mixin.py:188} INFO - 2026-03-07 21:22:16 [info     ] Claim fraud scored             claim_id=CLM-D7B62E8ACD9C fraud_score=0.2546 risk_level=low rules=['high_amount', 'weekend_filing', 'late_filing']
[2026-03-07T21:22:16.173+0000] {logging_mixin.py:188} INFO - 2026-03-07 21:22:16 [debug    ] Stored to S3                   key=scored/2026/03/07/CLM-D7B62E8ACD9C.json
[2026-03-07T21:22:16.195+0000] {logging_mixin.py:188} INFO - 2026-03-07 21:22:16 [debug    ] Lineage event recorded         claim_id=CLM-D7B62E8ACD9C latency_ms=0.2522468566894531 source=tx_fraud_detection target=tx_enrichment
[2026-03-07T21:22:16.195+0000] {logging_mixin.py:188} INFO - 2026-03-07 21:22:16 [info     ] Claim enriched                 claim_id=CLM-D7B62E8ACD9C fields=['policy', 'claimant_history', 'geo_risk', 'category_analysis', 'adjuster_recommendation', 'reserve_estimate'] latency_ms=0.25
[2026-03-07T21:22:16.203+0000] {logging_mixin.py:188} INFO - 2026-03-07 21:22:16 [debug    ] Stored to S3                   key=enriched/2026/03/07/CLM-D7B62E8ACD9C.json
[2026-03-07T21:22:16.228+0000] {logging_mixin.py:188} INFO - 2026-03-07 21:22:16 [debug    ] Lineage event recorded         claim_id=CLM-D7B62E8ACD9C latency_ms=88.12165260314941 source=tx_enrichment target=sink_s3_datalake
[2026-03-07T21:22:16.247+0000] {logging_mixin.py:188} INFO - 2026-03-07 21:22:16 [debug    ] Stored to PostgreSQL           claim_id=CLM-D7B62E8ACD9C
[2026-03-07T21:22:16.267+0000] {logging_mixin.py:188} INFO - 2026-03-07 21:22:16 [debug    ] Lineage event recorded         claim_id=CLM-D7B62E8ACD9C latency_ms=0 source=tx_enrichment target=sink_postgres
[2026-03-07T21:22:16.291+0000] {logging_mixin.py:188} INFO - 2026-03-07 21:22:16 [debug    ] Lineage event recorded         claim_id=CLM-E2F0C99634C1 latency_ms=0.14734268188476562 source=src_claims_ingestion target=tx_validation
[2026-03-07T21:22:16.291+0000] {logging_mixin.py:188} INFO - 2026-03-07 21:22:16 [info     ] Claim validated                claim_id=CLM-E2F0C99634C1 errors=1 latency_ms=0.15 valid=False
[2026-03-07T21:22:16.298+0000] {logging_mixin.py:188} INFO - 2026-03-07 21:22:16 [debug    ] Stored to S3                   key=rejected/2026/03/07/CLM-E2F0C99634C1.json
[2026-03-07T21:22:16.317+0000] {logging_mixin.py:188} INFO - 2026-03-07 21:22:16 [debug    ] Lineage event recorded         claim_id=CLM-1FD78A4ECA72 latency_ms=0.09417533874511719 source=src_claims_ingestion target=tx_validation
[2026-03-07T21:22:16.318+0000] {logging_mixin.py:188} INFO - 2026-03-07 21:22:16 [info     ] Claim validated                claim_id=CLM-1FD78A4ECA72 errors=0 latency_ms=0.09 valid=True
[2026-03-07T21:22:16.324+0000] {logging_mixin.py:188} INFO - 2026-03-07 21:22:16 [debug    ] Stored to S3                   key=validated/2026/03/07/CLM-1FD78A4ECA72.json
[2026-03-07T21:22:16.361+0000] {logging_mixin.py:188} INFO - 2026-03-07 21:22:16 [debug    ] Lineage event recorded         claim_id=CLM-1FD78A4ECA72 latency_ms=0.21195411682128906 source=tx_validation target=tx_fraud_detection
[2026-03-07T21:22:16.362+0000] {logging_mixin.py:188} INFO - 2026-03-07 21:22:16 [info     ] Claim fraud scored             claim_id=CLM-1FD78A4ECA72 fraud_score=0.6697 risk_level=high rules=['high_amount', 'weekend_filing', 'late_filing', 'excessive_amount_for_type']
[2026-03-07T21:22:16.375+0000] {logging_mixin.py:188} INFO - 2026-03-07 21:22:16 [debug    ] Stored to S3                   key=scored/2026/03/07/CLM-1FD78A4ECA72.json
[2026-03-07T21:22:16.404+0000] {logging_mixin.py:188} INFO - 2026-03-07 21:22:16 [debug    ] Lineage event recorded         claim_id=CLM-1FD78A4ECA72 latency_ms=0.2574920654296875 source=tx_fraud_detection target=tx_enrichment
[2026-03-07T21:22:16.405+0000] {logging_mixin.py:188} INFO - 2026-03-07 21:22:16 [info     ] Claim enriched                 claim_id=CLM-1FD78A4ECA72 fields=['policy', 'claimant_history', 'geo_risk', 'category_analysis', 'adjuster_recommendation', 'reserve_estimate'] latency_ms=0.26
[2026-03-07T21:22:16.413+0000] {logging_mixin.py:188} INFO - 2026-03-07 21:22:16 [debug    ] Stored to S3                   key=enriched/2026/03/07/CLM-1FD78A4ECA72.json
[2026-03-07T21:22:16.439+0000] {logging_mixin.py:188} INFO - 2026-03-07 21:22:16 [debug    ] Lineage event recorded         claim_id=CLM-1FD78A4ECA72 latency_ms=115.58961868286133 source=tx_enrichment target=sink_s3_datalake
[2026-03-07T21:22:16.469+0000] {logging_mixin.py:188} INFO - 2026-03-07 21:22:16 [debug    ] Stored to PostgreSQL           claim_id=CLM-1FD78A4ECA72
[2026-03-07T21:22:16.492+0000] {logging_mixin.py:188} INFO - 2026-03-07 21:22:16 [debug    ] Lineage event recorded         claim_id=CLM-1FD78A4ECA72 latency_ms=0 source=tx_enrichment target=sink_postgres
[2026-03-07T21:22:16.517+0000] {logging_mixin.py:188} INFO - 2026-03-07 21:22:16 [debug    ] Lineage event recorded         claim_id=CLM-9073F6900F53 latency_ms=0.10251998901367188 source=src_claims_ingestion target=tx_validation
[2026-03-07T21:22:16.518+0000] {logging_mixin.py:188} INFO - 2026-03-07 21:22:16 [info     ] Claim validated                claim_id=CLM-9073F6900F53 errors=0 latency_ms=0.1 valid=True
[2026-03-07T21:22:16.527+0000] {logging_mixin.py:188} INFO - 2026-03-07 21:22:16 [debug    ] Stored to S3                   key=validated/2026/03/07/CLM-9073F6900F53.json
[2026-03-07T21:22:16.558+0000] {logging_mixin.py:188} INFO - 2026-03-07 21:22:16 [debug    ] Lineage event recorded         claim_id=CLM-9073F6900F53 latency_ms=0.2923011779785156 source=tx_validation target=tx_fraud_detection
[2026-03-07T21:22:16.561+0000] {logging_mixin.py:188} INFO - 2026-03-07 21:22:16 [info     ] Claim fraud scored             claim_id=CLM-9073F6900F53 fraud_score=0.1086 risk_level=low rules=['weekend_filing', 'late_filing']
[2026-03-07T21:22:16.574+0000] {logging_mixin.py:188} INFO - 2026-03-07 21:22:16 [debug    ] Stored to S3                   key=scored/2026/03/07/CLM-9073F6900F53.json
[2026-03-07T21:22:16.631+0000] {logging_mixin.py:188} INFO - 2026-03-07 21:22:16 [debug    ] Lineage event recorded         claim_id=CLM-9073F6900F53 latency_ms=1.2216567993164062 source=tx_fraud_detection target=tx_enrichment
[2026-03-07T21:22:16.632+0000] {logging_mixin.py:188} INFO - 2026-03-07 21:22:16 [info     ] Claim enriched                 claim_id=CLM-9073F6900F53 fields=['policy', 'claimant_history', 'geo_risk', 'category_analysis', 'adjuster_recommendation', 'reserve_estimate'] latency_ms=1.22
[2026-03-07T21:22:16.642+0000] {logging_mixin.py:188} INFO - 2026-03-07 21:22:16 [debug    ] Stored to S3                   key=enriched/2026/03/07/CLM-9073F6900F53.json
[2026-03-07T21:22:16.681+0000] {logging_mixin.py:188} INFO - 2026-03-07 21:22:16 [debug    ] Lineage event recorded         claim_id=CLM-9073F6900F53 latency_ms=150.8469581604004 source=tx_enrichment target=sink_s3_datalake
[2026-03-07T21:22:16.709+0000] {logging_mixin.py:188} INFO - 2026-03-07 21:22:16 [debug    ] Stored to PostgreSQL           claim_id=CLM-9073F6900F53
[2026-03-07T21:22:16.735+0000] {logging_mixin.py:188} INFO - 2026-03-07 21:22:16 [debug    ] Lineage event recorded         claim_id=CLM-9073F6900F53 latency_ms=0 source=tx_enrichment target=sink_postgres
[2026-03-07T21:22:16.756+0000] {logging_mixin.py:188} INFO - 2026-03-07 21:22:16 [debug    ] Lineage event recorded         claim_id=CLM-7EC21075CFCD latency_ms=0.10561943054199219 source=src_claims_ingestion target=tx_validation
[2026-03-07T21:22:16.756+0000] {logging_mixin.py:188} INFO - 2026-03-07 21:22:16 [info     ] Claim validated                claim_id=CLM-7EC21075CFCD errors=0 latency_ms=0.11 valid=True
[2026-03-07T21:22:16.763+0000] {logging_mixin.py:188} INFO - 2026-03-07 21:22:16 [debug    ] Stored to S3                   key=validated/2026/03/07/CLM-7EC21075CFCD.json
[2026-03-07T21:22:16.791+0000] {logging_mixin.py:188} INFO - 2026-03-07 21:22:16 [debug    ] Lineage event recorded         claim_id=CLM-7EC21075CFCD latency_ms=0.1456737518310547 source=tx_validation target=tx_fraud_detection
[2026-03-07T21:22:16.792+0000] {logging_mixin.py:188} INFO - 2026-03-07 21:22:16 [info     ] Claim fraud scored             claim_id=CLM-7EC21075CFCD fraud_score=0.4844 risk_level=medium rules=['high_amount', 'weekend_filing', 'late_filing', 'excessive_amount_for_type']
[2026-03-07T21:22:16.801+0000] {logging_mixin.py:188} INFO - 2026-03-07 21:22:16 [debug    ] Stored to S3                   key=scored/2026/03/07/CLM-7EC21075CFCD.json
[2026-03-07T21:22:16.837+0000] {logging_mixin.py:188} INFO - 2026-03-07 21:22:16 [debug    ] Lineage event recorded         claim_id=CLM-7EC21075CFCD latency_ms=0.2918243408203125 source=tx_fraud_detection target=tx_enrichment
[2026-03-07T21:22:16.838+0000] {logging_mixin.py:188} INFO - 2026-03-07 21:22:16 [info     ] Claim enriched                 claim_id=CLM-7EC21075CFCD fields=['policy', 'claimant_history', 'geo_risk', 'category_analysis', 'adjuster_recommendation', 'reserve_estimate'] latency_ms=0.29
[2026-03-07T21:22:16.847+0000] {logging_mixin.py:188} INFO - 2026-03-07 21:22:16 [debug    ] Stored to S3                   key=enriched/2026/03/07/CLM-7EC21075CFCD.json
[2026-03-07T21:22:16.872+0000] {logging_mixin.py:188} INFO - 2026-03-07 21:22:16 [debug    ] Lineage event recorded         claim_id=CLM-7EC21075CFCD latency_ms=111.92941665649414 source=tx_enrichment target=sink_s3_datalake
[2026-03-07T21:22:16.912+0000] {logging_mixin.py:188} INFO - 2026-03-07 21:22:16 [debug    ] Stored to PostgreSQL           claim_id=CLM-7EC21075CFCD
[2026-03-07T21:22:16.951+0000] {logging_mixin.py:188} INFO - 2026-03-07 21:22:16 [debug    ] Lineage event recorded         claim_id=CLM-7EC21075CFCD latency_ms=0 source=tx_enrichment target=sink_postgres
[2026-03-07T21:22:16.980+0000] {logging_mixin.py:188} INFO - 2026-03-07 21:22:16 [debug    ] Lineage event recorded         claim_id=CLM-0D38442C4032 latency_ms=0.09775161743164062 source=src_claims_ingestion target=tx_validation
[2026-03-07T21:22:16.982+0000] {logging_mixin.py:188} INFO - 2026-03-07 21:22:16 [info     ] Claim validated                claim_id=CLM-0D38442C4032 errors=0 latency_ms=0.1 valid=True
[2026-03-07T21:22:16.993+0000] {logging_mixin.py:188} INFO - 2026-03-07 21:22:16 [debug    ] Stored to S3                   key=validated/2026/03/07/CLM-0D38442C4032.json
[2026-03-07T21:22:17.013+0000] {logging_mixin.py:188} INFO - 2026-03-07 21:22:17 [debug    ] Lineage event recorded         claim_id=CLM-0D38442C4032 latency_ms=0.15115737915039062 source=tx_validation target=tx_fraud_detection
[2026-03-07T21:22:17.014+0000] {logging_mixin.py:188} INFO - 2026-03-07 21:22:17 [info     ] Claim fraud scored             claim_id=CLM-0D38442C4032 fraud_score=0.4905 risk_level=medium rules=['high_amount', 'weekend_filing', 'late_filing', 'excessive_amount_for_type']
[2026-03-07T21:22:17.021+0000] {logging_mixin.py:188} INFO - 2026-03-07 21:22:17 [debug    ] Stored to S3                   key=scored/2026/03/07/CLM-0D38442C4032.json
[2026-03-07T21:22:17.052+0000] {logging_mixin.py:188} INFO - 2026-03-07 21:22:17 [debug    ] Lineage event recorded         claim_id=CLM-0D38442C4032 latency_ms=0.25177001953125 source=tx_fraud_detection target=tx_enrichment
[2026-03-07T21:22:17.054+0000] {logging_mixin.py:188} INFO - 2026-03-07 21:22:17 [info     ] Claim enriched                 claim_id=CLM-0D38442C4032 fields=['policy', 'claimant_history', 'geo_risk', 'category_analysis', 'adjuster_recommendation', 'reserve_estimate'] latency_ms=0.25
[2026-03-07T21:22:17.063+0000] {logging_mixin.py:188} INFO - 2026-03-07 21:22:17 [debug    ] Stored to S3                   key=enriched/2026/03/07/CLM-0D38442C4032.json
[2026-03-07T21:22:17.084+0000] {logging_mixin.py:188} INFO - 2026-03-07 21:22:17 [debug    ] Lineage event recorded         claim_id=CLM-0D38442C4032 latency_ms=111.6476058959961 source=tx_enrichment target=sink_s3_datalake
[2026-03-07T21:22:17.103+0000] {logging_mixin.py:188} INFO - 2026-03-07 21:22:17 [debug    ] Stored to PostgreSQL           claim_id=CLM-0D38442C4032
[2026-03-07T21:22:17.122+0000] {logging_mixin.py:188} INFO - 2026-03-07 21:22:17 [debug    ] Lineage event recorded         claim_id=CLM-0D38442C4032 latency_ms=0 source=tx_enrichment target=sink_postgres
[2026-03-07T21:22:17.148+0000] {logging_mixin.py:188} INFO - 2026-03-07 21:22:17 [debug    ] Lineage event recorded         claim_id=CLM-F3A82BA9C531 latency_ms=0.15926361083984375 source=src_claims_ingestion target=tx_validation
[2026-03-07T21:22:17.149+0000] {logging_mixin.py:188} INFO - 2026-03-07 21:22:17 [info     ] Claim validated                claim_id=CLM-F3A82BA9C531 errors=0 latency_ms=0.16 valid=True
[2026-03-07T21:22:17.157+0000] {logging_mixin.py:188} INFO - 2026-03-07 21:22:17 [debug    ] Stored to S3                   key=validated/2026/03/07/CLM-F3A82BA9C531.json
[2026-03-07T21:22:17.176+0000] {logging_mixin.py:188} INFO - 2026-03-07 21:22:17 [debug    ] Lineage event recorded         claim_id=CLM-F3A82BA9C531 latency_ms=0.1456737518310547 source=tx_validation target=tx_fraud_detection
[2026-03-07T21:22:17.176+0000] {logging_mixin.py:188} INFO - 2026-03-07 21:22:17 [info     ] Claim fraud scored             claim_id=CLM-F3A82BA9C531 fraud_score=0.2562 risk_level=low rules=['high_amount', 'weekend_filing', 'late_filing']
[2026-03-07T21:22:17.183+0000] {logging_mixin.py:188} INFO - 2026-03-07 21:22:17 [debug    ] Stored to S3                   key=scored/2026/03/07/CLM-F3A82BA9C531.json
[2026-03-07T21:22:17.209+0000] {logging_mixin.py:188} INFO - 2026-03-07 21:22:17 [debug    ] Lineage event recorded         claim_id=CLM-F3A82BA9C531 latency_ms=0.20837783813476562 source=tx_fraud_detection target=tx_enrichment
[2026-03-07T21:22:17.209+0000] {logging_mixin.py:188} INFO - 2026-03-07 21:22:17 [info     ] Claim enriched                 claim_id=CLM-F3A82BA9C531 fields=['policy', 'claimant_history', 'geo_risk', 'category_analysis', 'adjuster_recommendation', 'reserve_estimate'] latency_ms=0.21
[2026-03-07T21:22:17.220+0000] {logging_mixin.py:188} INFO - 2026-03-07 21:22:17 [debug    ] Stored to S3                   key=enriched/2026/03/07/CLM-F3A82BA9C531.json
[2026-03-07T21:22:17.245+0000] {logging_mixin.py:188} INFO - 2026-03-07 21:22:17 [debug    ] Lineage event recorded         claim_id=CLM-F3A82BA9C531 latency_ms=97.05281257629395 source=tx_enrichment target=sink_s3_datalake
[2026-03-07T21:22:17.261+0000] {logging_mixin.py:188} INFO - 2026-03-07 21:22:17 [debug    ] Stored to PostgreSQL           claim_id=CLM-F3A82BA9C531
[2026-03-07T21:22:17.282+0000] {logging_mixin.py:188} INFO - 2026-03-07 21:22:17 [debug    ] Lineage event recorded         claim_id=CLM-F3A82BA9C531 latency_ms=0 source=tx_enrichment target=sink_postgres
[2026-03-07T21:22:17.283+0000] {logging_mixin.py:188} INFO - 2026-03-07 21:22:17 [info     ] Processed 10 claims            throughput=2.03/s
[2026-03-07T21:22:17.301+0000] {logging_mixin.py:188} INFO - 2026-03-07 21:22:17 [debug    ] Lineage event recorded         claim_id=CLM-687E9F93283A latency_ms=0.08821487426757812 source=src_claims_ingestion target=tx_validation
[2026-03-07T21:22:17.301+0000] {logging_mixin.py:188} INFO - 2026-03-07 21:22:17 [info     ] Claim validated                claim_id=CLM-687E9F93283A errors=1 latency_ms=0.09 valid=False
[2026-03-07T21:22:17.308+0000] {logging_mixin.py:188} INFO - 2026-03-07 21:22:17 [debug    ] Stored to S3                   key=rejected/2026/03/07/CLM-687E9F93283A.json
[2026-03-07T21:22:17.329+0000] {logging_mixin.py:188} INFO - 2026-03-07 21:22:17 [debug    ] Lineage event recorded         claim_id=CLM-493BC3E3E483 latency_ms=0.095367431640625 source=src_claims_ingestion target=tx_validation
[2026-03-07T21:22:17.329+0000] {logging_mixin.py:188} INFO - 2026-03-07 21:22:17 [info     ] Claim validated                claim_id=CLM-493BC3E3E483 errors=0 latency_ms=0.1 valid=True
[2026-03-07T21:22:17.337+0000] {logging_mixin.py:188} INFO - 2026-03-07 21:22:17 [debug    ] Stored to S3                   key=validated/2026/03/07/CLM-493BC3E3E483.json
[2026-03-07T21:22:17.384+0000] {logging_mixin.py:188} INFO - 2026-03-07 21:22:17 [debug    ] Lineage event recorded         claim_id=CLM-493BC3E3E483 latency_ms=0.14281272888183594 source=tx_validation target=tx_fraud_detection
[2026-03-07T21:22:17.385+0000] {logging_mixin.py:188} INFO - 2026-03-07 21:22:17 [info     ] Claim fraud scored             claim_id=CLM-493BC3E3E483 fraud_score=0.359 risk_level=medium rules=['high_amount', 'weekend_filing', 'excessive_amount_for_type']
[2026-03-07T21:22:17.398+0000] {logging_mixin.py:188} INFO - 2026-03-07 21:22:17 [debug    ] Stored to S3                   key=scored/2026/03/07/CLM-493BC3E3E483.json
[2026-03-07T21:22:17.440+0000] {logging_mixin.py:188} INFO - 2026-03-07 21:22:17 [debug    ] Lineage event recorded         claim_id=CLM-493BC3E3E483 latency_ms=0.4031658172607422 source=tx_fraud_detection target=tx_enrichment
[2026-03-07T21:22:17.441+0000] {logging_mixin.py:188} INFO - 2026-03-07 21:22:17 [info     ] Claim enriched                 claim_id=CLM-493BC3E3E483 fields=['policy', 'claimant_history', 'geo_risk', 'category_analysis', 'adjuster_recommendation', 'reserve_estimate'] latency_ms=0.4
[2026-03-07T21:22:17.454+0000] {logging_mixin.py:188} INFO - 2026-03-07 21:22:17 [debug    ] Stored to S3                   key=enriched/2026/03/07/CLM-493BC3E3E483.json
[2026-03-07T21:22:17.532+0000] {logging_mixin.py:188} INFO - 2026-03-07 21:22:17 [debug    ] Lineage event recorded         claim_id=CLM-493BC3E3E483 latency_ms=146.21305465698242 source=tx_enrichment target=sink_s3_datalake
[2026-03-07T21:22:17.637+0000] {logging_mixin.py:188} INFO - 2026-03-07 21:22:17 [debug    ] Stored to PostgreSQL           claim_id=CLM-493BC3E3E483
[2026-03-07T21:22:17.669+0000] {logging_mixin.py:188} INFO - 2026-03-07 21:22:17 [debug    ] Lineage event recorded         claim_id=CLM-493BC3E3E483 latency_ms=0 source=tx_enrichment target=sink_postgres
[2026-03-07T21:22:17.711+0000] {logging_mixin.py:188} INFO - 2026-03-07 21:22:17 [debug    ] Lineage event recorded         claim_id=CLM-38A6EC4141E4 latency_ms=0.23102760314941406 source=src_claims_ingestion target=tx_validation
[2026-03-07T21:22:17.712+0000] {logging_mixin.py:188} INFO - 2026-03-07 21:22:17 [info     ] Claim validated                claim_id=CLM-38A6EC4141E4 errors=1 latency_ms=0.23 valid=False
[2026-03-07T21:22:17.724+0000] {logging_mixin.py:188} INFO - 2026-03-07 21:22:17 [debug    ] Stored to S3                   key=rejected/2026/03/07/CLM-38A6EC4141E4.json
[2026-03-07T21:22:17.762+0000] {logging_mixin.py:188} INFO - 2026-03-07 21:22:17 [debug    ] Lineage event recorded         claim_id=CLM-B4845C2B05C8 latency_ms=0.15854835510253906 source=src_claims_ingestion target=tx_validation
[2026-03-07T21:22:17.764+0000] {logging_mixin.py:188} INFO - 2026-03-07 21:22:17 [info     ] Claim validated                claim_id=CLM-B4845C2B05C8 errors=0 latency_ms=0.16 valid=True
[2026-03-07T21:22:17.780+0000] {logging_mixin.py:188} INFO - 2026-03-07 21:22:17 [debug    ] Stored to S3                   key=validated/2026/03/07/CLM-B4845C2B05C8.json
[2026-03-07T21:22:17.823+0000] {logging_mixin.py:188} INFO - 2026-03-07 21:22:17 [debug    ] Lineage event recorded         claim_id=CLM-B4845C2B05C8 latency_ms=0.20122528076171875 source=tx_validation target=tx_fraud_detection
[2026-03-07T21:22:17.824+0000] {logging_mixin.py:188} INFO - 2026-03-07 21:22:17 [info     ] Claim fraud scored             claim_id=CLM-B4845C2B05C8 fraud_score=0.1198 risk_level=low rules=['high_amount', 'weekend_filing']
[2026-03-07T21:22:17.838+0000] {logging_mixin.py:188} INFO - 2026-03-07 21:22:17 [debug    ] Stored to S3                   key=scored/2026/03/07/CLM-B4845C2B05C8.json
[2026-03-07T21:22:17.875+0000] {logging_mixin.py:188} INFO - 2026-03-07 21:22:17 [debug    ] Lineage event recorded         claim_id=CLM-B4845C2B05C8 latency_ms=0.4189014434814453 source=tx_fraud_detection target=tx_enrichment
[2026-03-07T21:22:17.876+0000] {logging_mixin.py:188} INFO - 2026-03-07 21:22:17 [info     ] Claim enriched                 claim_id=CLM-B4845C2B05C8 fields=['policy', 'claimant_history', 'geo_risk', 'category_analysis', 'adjuster_recommendation', 'reserve_estimate'] latency_ms=0.42
[2026-03-07T21:22:17.888+0000] {logging_mixin.py:188} INFO - 2026-03-07 21:22:17 [debug    ] Stored to S3                   key=enriched/2026/03/07/CLM-B4845C2B05C8.json
[2026-03-07T21:22:17.916+0000] {logging_mixin.py:188} INFO - 2026-03-07 21:22:17 [debug    ] Lineage event recorded         claim_id=CLM-B4845C2B05C8 latency_ms=163.59663009643555 source=tx_enrichment target=sink_s3_datalake
[2026-03-07T21:22:17.940+0000] {logging_mixin.py:188} INFO - 2026-03-07 21:22:17 [debug    ] Stored to PostgreSQL           claim_id=CLM-B4845C2B05C8
[2026-03-07T21:22:17.976+0000] {logging_mixin.py:188} INFO - 2026-03-07 21:22:17 [debug    ] Lineage event recorded         claim_id=CLM-B4845C2B05C8 latency_ms=0 source=tx_enrichment target=sink_postgres
[2026-03-07T21:22:18.000+0000] {logging_mixin.py:188} INFO - 2026-03-07 21:22:18 [debug    ] Lineage event recorded         claim_id=CLM-F9EC197ED918 latency_ms=0.1316070556640625 source=src_claims_ingestion target=tx_validation
[2026-03-07T21:22:18.001+0000] {logging_mixin.py:188} INFO - 2026-03-07 21:22:18 [info     ] Claim validated                claim_id=CLM-F9EC197ED918 errors=0 latency_ms=0.13 valid=True
[2026-03-07T21:22:18.008+0000] {logging_mixin.py:188} INFO - 2026-03-07 21:22:18 [debug    ] Stored to S3                   key=validated/2026/03/07/CLM-F9EC197ED918.json
[2026-03-07T21:22:18.050+0000] {logging_mixin.py:188} INFO - 2026-03-07 21:22:18 [debug    ] Lineage event recorded         claim_id=CLM-F9EC197ED918 latency_ms=0.16808509826660156 source=tx_validation target=tx_fraud_detection
[2026-03-07T21:22:18.051+0000] {logging_mixin.py:188} INFO - 2026-03-07 21:22:18 [info     ] Claim fraud scored             claim_id=CLM-F9EC197ED918 fraud_score=0.1123 risk_level=low rules=['weekend_filing', 'excessive_amount_for_type']
[2026-03-07T21:22:18.063+0000] {logging_mixin.py:188} INFO - 2026-03-07 21:22:18 [debug    ] Stored to S3                   key=scored/2026/03/07/CLM-F9EC197ED918.json
[2026-03-07T21:22:18.114+0000] {logging_mixin.py:188} INFO - 2026-03-07 21:22:18 [debug    ] Lineage event recorded         claim_id=CLM-F9EC197ED918 latency_ms=0.3402233123779297 source=tx_fraud_detection target=tx_enrichment
[2026-03-07T21:22:18.115+0000] {logging_mixin.py:188} INFO - 2026-03-07 21:22:18 [info     ] Claim enriched                 claim_id=CLM-F9EC197ED918 fields=['policy', 'claimant_history', 'geo_risk', 'category_analysis', 'adjuster_recommendation', 'reserve_estimate'] latency_ms=0.34
[2026-03-07T21:22:18.128+0000] {logging_mixin.py:188} INFO - 2026-03-07 21:22:18 [debug    ] Stored to S3                   key=enriched/2026/03/07/CLM-F9EC197ED918.json
[2026-03-07T21:22:18.161+0000] {logging_mixin.py:188} INFO - 2026-03-07 21:22:18 [debug    ] Lineage event recorded         claim_id=CLM-F9EC197ED918 latency_ms=151.23939514160156 source=tx_enrichment target=sink_s3_datalake
[2026-03-07T21:22:18.191+0000] {logging_mixin.py:188} INFO - 2026-03-07 21:22:18 [debug    ] Stored to PostgreSQL           claim_id=CLM-F9EC197ED918
[2026-03-07T21:22:18.231+0000] {logging_mixin.py:188} INFO - 2026-03-07 21:22:18 [debug    ] Lineage event recorded         claim_id=CLM-F9EC197ED918 latency_ms=0 source=tx_enrichment target=sink_postgres
[2026-03-07T21:22:18.267+0000] {logging_mixin.py:188} INFO - 2026-03-07 21:22:18 [debug    ] Lineage event recorded         claim_id=CLM-C987998AA83E latency_ms=0.33211708068847656 source=src_claims_ingestion target=tx_validation
[2026-03-07T21:22:18.268+0000] {logging_mixin.py:188} INFO - 2026-03-07 21:22:18 [info     ] Claim validated                claim_id=CLM-C987998AA83E errors=0 latency_ms=0.33 valid=True
[2026-03-07T21:22:18.275+0000] {logging_mixin.py:188} INFO - 2026-03-07 21:22:18 [debug    ] Stored to S3                   key=validated/2026/03/07/CLM-C987998AA83E.json
[2026-03-07T21:22:18.300+0000] {logging_mixin.py:188} INFO - 2026-03-07 21:22:18 [debug    ] Lineage event recorded         claim_id=CLM-C987998AA83E latency_ms=0.2923011779785156 source=tx_validation target=tx_fraud_detection
[2026-03-07T21:22:18.302+0000] {logging_mixin.py:188} INFO - 2026-03-07 21:22:18 [info     ] Claim fraud scored             claim_id=CLM-C987998AA83E fraud_score=0.0978 risk_level=low rules=['weekend_filing', 'late_filing']
[2026-03-07T21:22:18.311+0000] {logging_mixin.py:188} INFO - 2026-03-07 21:22:18 [debug    ] Stored to S3                   key=scored/2026/03/07/CLM-C987998AA83E.json
[2026-03-07T21:22:18.330+0000] {logging_mixin.py:188} INFO - 2026-03-07 21:22:18 [debug    ] Lineage event recorded         claim_id=CLM-C987998AA83E latency_ms=0.240325927734375 source=tx_fraud_detection target=tx_enrichment
[2026-03-07T21:22:18.330+0000] {logging_mixin.py:188} INFO - 2026-03-07 21:22:18 [info     ] Claim enriched                 claim_id=CLM-C987998AA83E fields=['policy', 'claimant_history', 'geo_risk', 'category_analysis', 'adjuster_recommendation', 'reserve_estimate'] latency_ms=0.24
[2026-03-07T21:22:18.336+0000] {logging_mixin.py:188} INFO - 2026-03-07 21:22:18 [debug    ] Stored to S3                   key=enriched/2026/03/07/CLM-C987998AA83E.json
[2026-03-07T21:22:18.351+0000] {logging_mixin.py:188} INFO - 2026-03-07 21:22:18 [debug    ] Lineage event recorded         claim_id=CLM-C987998AA83E latency_ms=104.13265228271484 source=tx_enrichment target=sink_s3_datalake
[2026-03-07T21:22:18.369+0000] {logging_mixin.py:188} INFO - 2026-03-07 21:22:18 [debug    ] Stored to PostgreSQL           claim_id=CLM-C987998AA83E
[2026-03-07T21:22:18.387+0000] {logging_mixin.py:188} INFO - 2026-03-07 21:22:18 [debug    ] Lineage event recorded         claim_id=CLM-C987998AA83E latency_ms=0 source=tx_enrichment target=sink_postgres
[2026-03-07T21:22:18.407+0000] {logging_mixin.py:188} INFO - 2026-03-07 21:22:18 [debug    ] Lineage event recorded         claim_id=CLM-8B9103D2F254 latency_ms=0.08893013000488281 source=src_claims_ingestion target=tx_validation
[2026-03-07T21:22:18.408+0000] {logging_mixin.py:188} INFO - 2026-03-07 21:22:18 [info     ] Claim validated                claim_id=CLM-8B9103D2F254 errors=0 latency_ms=0.09 valid=True
[2026-03-07T21:22:18.415+0000] {logging_mixin.py:188} INFO - 2026-03-07 21:22:18 [debug    ] Stored to S3                   key=validated/2026/03/07/CLM-8B9103D2F254.json
[2026-03-07T21:22:18.450+0000] {logging_mixin.py:188} INFO - 2026-03-07 21:22:18 [debug    ] Lineage event recorded         claim_id=CLM-8B9103D2F254 latency_ms=0.16260147094726562 source=tx_validation target=tx_fraud_detection
[2026-03-07T21:22:18.451+0000] {logging_mixin.py:188} INFO - 2026-03-07 21:22:18 [info     ] Claim fraud scored             claim_id=CLM-8B9103D2F254 fraud_score=0.4554 risk_level=medium rules=['high_amount', 'weekend_filing', 'late_filing', 'excessive_amount_for_type']
[2026-03-07T21:22:18.458+0000] {logging_mixin.py:188} INFO - 2026-03-07 21:22:18 [debug    ] Stored to S3                   key=scored/2026/03/07/CLM-8B9103D2F254.json
[2026-03-07T21:22:18.477+0000] {logging_mixin.py:188} INFO - 2026-03-07 21:22:18 [debug    ] Lineage event recorded         claim_id=CLM-8B9103D2F254 latency_ms=0.19311904907226562 source=tx_fraud_detection target=tx_enrichment
[2026-03-07T21:22:18.478+0000] {logging_mixin.py:188} INFO - 2026-03-07 21:22:18 [info     ] Claim enriched                 claim_id=CLM-8B9103D2F254 fields=['policy', 'claimant_history', 'geo_risk', 'category_analysis', 'adjuster_recommendation', 'reserve_estimate'] latency_ms=0.19
[2026-03-07T21:22:18.483+0000] {logging_mixin.py:188} INFO - 2026-03-07 21:22:18 [debug    ] Stored to S3                   key=enriched/2026/03/07/CLM-8B9103D2F254.json
[2026-03-07T21:22:18.499+0000] {logging_mixin.py:188} INFO - 2026-03-07 21:22:18 [debug    ] Lineage event recorded         claim_id=CLM-8B9103D2F254 latency_ms=96.33421897888184 source=tx_enrichment target=sink_s3_datalake
[2026-03-07T21:22:18.516+0000] {logging_mixin.py:188} INFO - 2026-03-07 21:22:18 [debug    ] Stored to PostgreSQL           claim_id=CLM-8B9103D2F254
[2026-03-07T21:22:18.534+0000] {logging_mixin.py:188} INFO - 2026-03-07 21:22:18 [debug    ] Lineage event recorded         claim_id=CLM-8B9103D2F254 latency_ms=0 source=tx_enrichment target=sink_postgres
[2026-03-07T21:22:18.548+0000] {logging_mixin.py:188} INFO - 2026-03-07 21:22:18 [debug    ] Lineage event recorded         claim_id=CLM-DF93BF044B30 latency_ms=0.0705718994140625 source=src_claims_ingestion target=tx_validation
[2026-03-07T21:22:18.549+0000] {logging_mixin.py:188} INFO - 2026-03-07 21:22:18 [info     ] Claim validated                claim_id=CLM-DF93BF044B30 errors=0 latency_ms=0.07 valid=True
[2026-03-07T21:22:18.554+0000] {logging_mixin.py:188} INFO - 2026-03-07 21:22:18 [debug    ] Stored to S3                   key=validated/2026/03/07/CLM-DF93BF044B30.json
[2026-03-07T21:22:18.569+0000] {logging_mixin.py:188} INFO - 2026-03-07 21:22:18 [debug    ] Lineage event recorded         claim_id=CLM-DF93BF044B30 latency_ms=0.08630752563476562 source=tx_validation target=tx_fraud_detection
[2026-03-07T21:22:18.570+0000] {logging_mixin.py:188} INFO - 2026-03-07 21:22:18 [info     ] Claim fraud scored             claim_id=CLM-DF93BF044B30 fraud_score=0.1135 risk_level=low rules=['weekend_filing', 'late_filing']
[2026-03-07T21:22:18.575+0000] {logging_mixin.py:188} INFO - 2026-03-07 21:22:18 [debug    ] Stored to S3                   key=scored/2026/03/07/CLM-DF93BF044B30.json
[2026-03-07T21:22:18.589+0000] {logging_mixin.py:188} INFO - 2026-03-07 21:22:18 [debug    ] Lineage event recorded         claim_id=CLM-DF93BF044B30 latency_ms=0.164031982421875 source=tx_fraud_detection target=tx_enrichment
[2026-03-07T21:22:18.590+0000] {logging_mixin.py:188} INFO - 2026-03-07 21:22:18 [info     ] Claim enriched                 claim_id=CLM-DF93BF044B30 fields=['policy', 'claimant_history', 'geo_risk', 'category_analysis', 'adjuster_recommendation', 'reserve_estimate'] latency_ms=0.16
[2026-03-07T21:22:18.595+0000] {logging_mixin.py:188} INFO - 2026-03-07 21:22:18 [debug    ] Stored to S3                   key=enriched/2026/03/07/CLM-DF93BF044B30.json
[2026-03-07T21:22:18.609+0000] {logging_mixin.py:188} INFO - 2026-03-07 21:22:18 [debug    ] Lineage event recorded         claim_id=CLM-DF93BF044B30 latency_ms=60.11676788330078 source=tx_enrichment target=sink_s3_datalake
[2026-03-07T21:22:18.625+0000] {logging_mixin.py:188} INFO - 2026-03-07 21:22:18 [debug    ] Stored to PostgreSQL           claim_id=CLM-DF93BF044B30
[2026-03-07T21:22:18.648+0000] {logging_mixin.py:188} INFO - 2026-03-07 21:22:18 [debug    ] Lineage event recorded         claim_id=CLM-DF93BF044B30 latency_ms=0 source=tx_enrichment target=sink_postgres
[2026-03-07T21:22:18.665+0000] {logging_mixin.py:188} INFO - 2026-03-07 21:22:18 [debug    ] Lineage event recorded         claim_id=CLM-50FC8460D844 latency_ms=0.08463859558105469 source=src_claims_ingestion target=tx_validation
[2026-03-07T21:22:18.666+0000] {logging_mixin.py:188} INFO - 2026-03-07 21:22:18 [info     ] Claim validated                claim_id=CLM-50FC8460D844 errors=0 latency_ms=0.08 valid=True
[2026-03-07T21:22:18.671+0000] {logging_mixin.py:188} INFO - 2026-03-07 21:22:18 [debug    ] Stored to S3                   key=validated/2026/03/07/CLM-50FC8460D844.json
[2026-03-07T21:22:18.689+0000] {logging_mixin.py:188} INFO - 2026-03-07 21:22:18 [debug    ] Lineage event recorded         claim_id=CLM-50FC8460D844 latency_ms=0.1983642578125 source=tx_validation target=tx_fraud_detection
[2026-03-07T21:22:18.689+0000] {logging_mixin.py:188} INFO - 2026-03-07 21:22:18 [info     ] Claim fraud scored             claim_id=CLM-50FC8460D844 fraud_score=0.5237 risk_level=medium rules=['high_amount', 'weekend_filing', 'excessive_amount_for_type']
[2026-03-07T21:22:18.695+0000] {logging_mixin.py:188} INFO - 2026-03-07 21:22:18 [debug    ] Stored to S3                   key=scored/2026/03/07/CLM-50FC8460D844.json
[2026-03-07T21:22:18.717+0000] {logging_mixin.py:188} INFO - 2026-03-07 21:22:18 [debug    ] Lineage event recorded         claim_id=CLM-50FC8460D844 latency_ms=0.1881122589111328 source=tx_fraud_detection target=tx_enrichment
[2026-03-07T21:22:18.718+0000] {logging_mixin.py:188} INFO - 2026-03-07 21:22:18 [info     ] Claim enriched                 claim_id=CLM-50FC8460D844 fields=['policy', 'claimant_history', 'geo_risk', 'category_analysis', 'adjuster_recommendation', 'reserve_estimate'] latency_ms=0.19
[2026-03-07T21:22:18.725+0000] {logging_mixin.py:188} INFO - 2026-03-07 21:22:18 [debug    ] Stored to S3                   key=enriched/2026/03/07/CLM-50FC8460D844.json
[2026-03-07T21:22:18.747+0000] {logging_mixin.py:188} INFO - 2026-03-07 21:22:18 [debug    ] Lineage event recorded         claim_id=CLM-50FC8460D844 latency_ms=76.75814628601074 source=tx_enrichment target=sink_s3_datalake
[2026-03-07T21:22:18.767+0000] {logging_mixin.py:188} INFO - 2026-03-07 21:22:18 [debug    ] Stored to PostgreSQL           claim_id=CLM-50FC8460D844
[2026-03-07T21:22:18.784+0000] {logging_mixin.py:188} INFO - 2026-03-07 21:22:18 [debug    ] Lineage event recorded         claim_id=CLM-50FC8460D844 latency_ms=0 source=tx_enrichment target=sink_postgres
[2026-03-07T21:22:18.803+0000] {logging_mixin.py:188} INFO - 2026-03-07 21:22:18 [debug    ] Lineage event recorded         claim_id=CLM-F8C018BC86E9 latency_ms=0.13303756713867188 source=src_claims_ingestion target=tx_validation
[2026-03-07T21:22:18.804+0000] {logging_mixin.py:188} INFO - 2026-03-07 21:22:18 [info     ] Claim validated                claim_id=CLM-F8C018BC86E9 errors=0 latency_ms=0.13 valid=True
[2026-03-07T21:22:18.812+0000] {logging_mixin.py:188} INFO - 2026-03-07 21:22:18 [debug    ] Stored to S3                   key=validated/2026/03/07/CLM-F8C018BC86E9.json
[2026-03-07T21:22:18.838+0000] {logging_mixin.py:188} INFO - 2026-03-07 21:22:18 [debug    ] Lineage event recorded         claim_id=CLM-F8C018BC86E9 latency_ms=0.14138221740722656 source=tx_validation target=tx_fraud_detection
[2026-03-07T21:22:18.838+0000] {logging_mixin.py:188} INFO - 2026-03-07 21:22:18 [info     ] Claim fraud scored             claim_id=CLM-F8C018BC86E9 fraud_score=0.0759 risk_level=low rules=['weekend_filing']
[2026-03-07T21:22:18.846+0000] {logging_mixin.py:188} INFO - 2026-03-07 21:22:18 [debug    ] Stored to S3                   key=scored/2026/03/07/CLM-F8C018BC86E9.json
[2026-03-07T21:22:18.869+0000] {logging_mixin.py:188} INFO - 2026-03-07 21:22:18 [debug    ] Lineage event recorded         claim_id=CLM-F8C018BC86E9 latency_ms=0.26488304138183594 source=tx_fraud_detection target=tx_enrichment
[2026-03-07T21:22:18.870+0000] {logging_mixin.py:188} INFO - 2026-03-07 21:22:18 [info     ] Claim enriched                 claim_id=CLM-F8C018BC86E9 fields=['policy', 'claimant_history', 'geo_risk', 'category_analysis', 'adjuster_recommendation', 'reserve_estimate'] latency_ms=0.26
[2026-03-07T21:22:18.879+0000] {logging_mixin.py:188} INFO - 2026-03-07 21:22:18 [debug    ] Stored to S3                   key=enriched/2026/03/07/CLM-F8C018BC86E9.json
[2026-03-07T21:22:18.902+0000] {logging_mixin.py:188} INFO - 2026-03-07 21:22:18 [debug    ] Lineage event recorded         claim_id=CLM-F8C018BC86E9 latency_ms=93.93143653869629 source=tx_enrichment target=sink_s3_datalake
[2026-03-07T21:22:18.925+0000] {logging_mixin.py:188} INFO - 2026-03-07 21:22:18 [debug    ] Stored to PostgreSQL           claim_id=CLM-F8C018BC86E9
[2026-03-07T21:22:18.948+0000] {logging_mixin.py:188} INFO - 2026-03-07 21:22:18 [debug    ] Lineage event recorded         claim_id=CLM-F8C018BC86E9 latency_ms=0 source=tx_enrichment target=sink_postgres
[2026-03-07T21:22:18.950+0000] {logging_mixin.py:188} INFO - 2026-03-07 21:22:18 [info     ] Processed 20 claims            throughput=3.03/s
[2026-03-07T21:22:18.978+0000] {logging_mixin.py:188} INFO - 2026-03-07 21:22:18 [debug    ] Lineage event recorded         claim_id=CLM-F4CA3ED506FB latency_ms=0.110626220703125 source=src_claims_ingestion target=tx_validation
[2026-03-07T21:22:18.978+0000] {logging_mixin.py:188} INFO - 2026-03-07 21:22:18 [info     ] Claim validated                claim_id=CLM-F4CA3ED506FB errors=0 latency_ms=0.11 valid=True
[2026-03-07T21:22:18.986+0000] {logging_mixin.py:188} INFO - 2026-03-07 21:22:18 [debug    ] Stored to S3                   key=validated/2026/03/07/CLM-F4CA3ED506FB.json
[2026-03-07T21:22:19.004+0000] {logging_mixin.py:188} INFO - 2026-03-07 21:22:19 [debug    ] Lineage event recorded         claim_id=CLM-F4CA3ED506FB latency_ms=0.1430511474609375 source=tx_validation target=tx_fraud_detection
[2026-03-07T21:22:19.004+0000] {logging_mixin.py:188} INFO - 2026-03-07 21:22:19 [info     ] Claim fraud scored             claim_id=CLM-F4CA3ED506FB fraud_score=0.2737 risk_level=low rules=['high_amount', 'weekend_filing', 'late_filing']
[2026-03-07T21:22:19.010+0000] {logging_mixin.py:188} INFO - 2026-03-07 21:22:19 [debug    ] Stored to S3                   key=scored/2026/03/07/CLM-F4CA3ED506FB.json
[2026-03-07T21:22:19.041+0000] {logging_mixin.py:188} INFO - 2026-03-07 21:22:19 [debug    ] Lineage event recorded         claim_id=CLM-F4CA3ED506FB latency_ms=0.3113746643066406 source=tx_fraud_detection target=tx_enrichment
[2026-03-07T21:22:19.042+0000] {logging_mixin.py:188} INFO - 2026-03-07 21:22:19 [info     ] Claim enriched                 claim_id=CLM-F4CA3ED506FB fields=['policy', 'claimant_history', 'geo_risk', 'category_analysis', 'adjuster_recommendation', 'reserve_estimate'] latency_ms=0.31
[2026-03-07T21:22:19.048+0000] {logging_mixin.py:188} INFO - 2026-03-07 21:22:19 [debug    ] Stored to S3                   key=enriched/2026/03/07/CLM-F4CA3ED506FB.json
[2026-03-07T21:22:19.065+0000] {logging_mixin.py:188} INFO - 2026-03-07 21:22:19 [debug    ] Lineage event recorded         claim_id=CLM-F4CA3ED506FB latency_ms=98.05583953857422 source=tx_enrichment target=sink_s3_datalake
[2026-03-07T21:22:19.083+0000] {logging_mixin.py:188} INFO - 2026-03-07 21:22:19 [debug    ] Stored to PostgreSQL           claim_id=CLM-F4CA3ED506FB
[2026-03-07T21:22:19.099+0000] {logging_mixin.py:188} INFO - 2026-03-07 21:22:19 [debug    ] Lineage event recorded         claim_id=CLM-F4CA3ED506FB latency_ms=0 source=tx_enrichment target=sink_postgres
[2026-03-07T21:22:19.121+0000] {logging_mixin.py:188} INFO - 2026-03-07 21:22:19 [debug    ] Lineage event recorded         claim_id=CLM-5790B373ACD4 latency_ms=0.13017654418945312 source=src_claims_ingestion target=tx_validation
[2026-03-07T21:22:19.121+0000] {logging_mixin.py:188} INFO - 2026-03-07 21:22:19 [info     ] Claim validated                claim_id=CLM-5790B373ACD4 errors=0 latency_ms=0.13 valid=True
[2026-03-07T21:22:19.127+0000] {logging_mixin.py:188} INFO - 2026-03-07 21:22:19 [debug    ] Stored to S3                   key=validated/2026/03/07/CLM-5790B373ACD4.json
[2026-03-07T21:22:19.142+0000] {logging_mixin.py:188} INFO - 2026-03-07 21:22:19 [debug    ] Lineage event recorded         claim_id=CLM-5790B373ACD4 latency_ms=0.09417533874511719 source=tx_validation target=tx_fraud_detection
[2026-03-07T21:22:19.143+0000] {logging_mixin.py:188} INFO - 2026-03-07 21:22:19 [info     ] Claim fraud scored             claim_id=CLM-5790B373ACD4 fraud_score=0.4807 risk_level=medium rules=['high_amount', 'weekend_filing', 'late_filing', 'excessive_amount_for_type']
[2026-03-07T21:22:19.148+0000] {logging_mixin.py:188} INFO - 2026-03-07 21:22:19 [debug    ] Stored to S3                   key=scored/2026/03/07/CLM-5790B373ACD4.json
[2026-03-07T21:22:19.165+0000] {logging_mixin.py:188} INFO - 2026-03-07 21:22:19 [debug    ] Lineage event recorded         claim_id=CLM-5790B373ACD4 latency_ms=0.21409988403320312 source=tx_fraud_detection target=tx_enrichment
[2026-03-07T21:22:19.165+0000] {logging_mixin.py:188} INFO - 2026-03-07 21:22:19 [info     ] Claim enriched                 claim_id=CLM-5790B373ACD4 fields=['policy', 'claimant_history', 'geo_risk', 'category_analysis', 'adjuster_recommendation', 'reserve_estimate'] latency_ms=0.21
[2026-03-07T21:22:19.170+0000] {logging_mixin.py:188} INFO - 2026-03-07 21:22:19 [debug    ] Stored to S3                   key=enriched/2026/03/07/CLM-5790B373ACD4.json
[2026-03-07T21:22:19.184+0000] {logging_mixin.py:188} INFO - 2026-03-07 21:22:19 [debug    ] Lineage event recorded         claim_id=CLM-5790B373ACD4 latency_ms=70.59407234191895 source=tx_enrichment target=sink_s3_datalake
[2026-03-07T21:22:19.197+0000] {logging_mixin.py:188} INFO - 2026-03-07 21:22:19 [debug    ] Stored to PostgreSQL           claim_id=CLM-5790B373ACD4
[2026-03-07T21:22:19.214+0000] {logging_mixin.py:188} INFO - 2026-03-07 21:22:19 [debug    ] Lineage event recorded         claim_id=CLM-5790B373ACD4 latency_ms=0 source=tx_enrichment target=sink_postgres
[2026-03-07T21:22:19.230+0000] {logging_mixin.py:188} INFO - 2026-03-07 21:22:19 [debug    ] Lineage event recorded         claim_id=CLM-66C341ECBB00 latency_ms=0.08153915405273438 source=src_claims_ingestion target=tx_validation
[2026-03-07T21:22:19.230+0000] {logging_mixin.py:188} INFO - 2026-03-07 21:22:19 [info     ] Claim validated                claim_id=CLM-66C341ECBB00 errors=0 latency_ms=0.08 valid=True
[2026-03-07T21:22:19.235+0000] {logging_mixin.py:188} INFO - 2026-03-07 21:22:19 [debug    ] Stored to S3                   key=validated/2026/03/07/CLM-66C341ECBB00.json
[2026-03-07T21:22:19.254+0000] {logging_mixin.py:188} INFO - 2026-03-07 21:22:19 [debug    ] Lineage event recorded         claim_id=CLM-66C341ECBB00 latency_ms=0.11515617370605469 source=tx_validation target=tx_fraud_detection
[2026-03-07T21:22:19.257+0000] {logging_mixin.py:188} INFO - 2026-03-07 21:22:19 [info     ] Claim fraud scored             claim_id=CLM-66C341ECBB00 fraud_score=0.4672 risk_level=medium rules=['high_amount', 'weekend_filing', 'late_filing', 'excessive_amount_for_type']
[2026-03-07T21:22:19.264+0000] {logging_mixin.py:188} INFO - 2026-03-07 21:22:19 [debug    ] Stored to S3                   key=scored/2026/03/07/CLM-66C341ECBB00.json
[2026-03-07T21:22:19.282+0000] {logging_mixin.py:188} INFO - 2026-03-07 21:22:19 [debug    ] Lineage event recorded         claim_id=CLM-66C341ECBB00 latency_ms=0.29969215393066406 source=tx_fraud_detection target=tx_enrichment
[2026-03-07T21:22:19.283+0000] {logging_mixin.py:188} INFO - 2026-03-07 21:22:19 [info     ] Claim enriched                 claim_id=CLM-66C341ECBB00 fields=['policy', 'claimant_history', 'geo_risk', 'category_analysis', 'adjuster_recommendation', 'reserve_estimate'] latency_ms=0.3
[2026-03-07T21:22:19.291+0000] {logging_mixin.py:188} INFO - 2026-03-07 21:22:19 [debug    ] Stored to S3                   key=enriched/2026/03/07/CLM-66C341ECBB00.json
[2026-03-07T21:22:19.316+0000] {logging_mixin.py:188} INFO - 2026-03-07 21:22:19 [debug    ] Lineage event recorded         claim_id=CLM-66C341ECBB00 latency_ms=76.87687873840332 source=tx_enrichment target=sink_s3_datalake
[2026-03-07T21:22:19.338+0000] {logging_mixin.py:188} INFO - 2026-03-07 21:22:19 [debug    ] Stored to PostgreSQL           claim_id=CLM-66C341ECBB00
[2026-03-07T21:22:19.359+0000] {logging_mixin.py:188} INFO - 2026-03-07 21:22:19 [debug    ] Lineage event recorded         claim_id=CLM-66C341ECBB00 latency_ms=0 source=tx_enrichment target=sink_postgres
[2026-03-07T21:22:19.393+0000] {logging_mixin.py:188} INFO - 2026-03-07 21:22:19 [debug    ] Lineage event recorded         claim_id=CLM-7644763A0162 latency_ms=0.14352798461914062 source=src_claims_ingestion target=tx_validation
[2026-03-07T21:22:19.394+0000] {logging_mixin.py:188} INFO - 2026-03-07 21:22:19 [info     ] Claim validated                claim_id=CLM-7644763A0162 errors=0 latency_ms=0.14 valid=True
[2026-03-07T21:22:19.401+0000] {logging_mixin.py:188} INFO - 2026-03-07 21:22:19 [debug    ] Stored to S3                   key=validated/2026/03/07/CLM-7644763A0162.json
[2026-03-07T21:22:19.426+0000] {logging_mixin.py:188} INFO - 2026-03-07 21:22:19 [debug    ] Lineage event recorded         claim_id=CLM-7644763A0162 latency_ms=0.21696090698242188 source=tx_validation target=tx_fraud_detection
[2026-03-07T21:22:19.427+0000] {logging_mixin.py:188} INFO - 2026-03-07 21:22:19 [info     ] Claim fraud scored             claim_id=CLM-7644763A0162 fraud_score=0.1773 risk_level=low rules=['high_amount', 'weekend_filing', 'late_filing']
[2026-03-07T21:22:19.438+0000] {logging_mixin.py:188} INFO - 2026-03-07 21:22:19 [debug    ] Stored to S3                   key=scored/2026/03/07/CLM-7644763A0162.json
[2026-03-07T21:22:19.465+0000] {logging_mixin.py:188} INFO - 2026-03-07 21:22:19 [debug    ] Lineage event recorded         claim_id=CLM-7644763A0162 latency_ms=0.3788471221923828 source=tx_fraud_detection target=tx_enrichment
[2026-03-07T21:22:19.465+0000] {logging_mixin.py:188} INFO - 2026-03-07 21:22:19 [info     ] Claim enriched                 claim_id=CLM-7644763A0162 fields=['policy', 'claimant_history', 'geo_risk', 'category_analysis', 'adjuster_recommendation', 'reserve_estimate'] latency_ms=0.38
[2026-03-07T21:22:19.476+0000] {logging_mixin.py:188} INFO - 2026-03-07 21:22:19 [debug    ] Stored to S3                   key=enriched/2026/03/07/CLM-7644763A0162.json
[2026-03-07T21:22:19.508+0000] {logging_mixin.py:188} INFO - 2026-03-07 21:22:19 [debug    ] Lineage event recorded         claim_id=CLM-7644763A0162 latency_ms=116.92214012145996 source=tx_enrichment target=sink_s3_datalake
[2026-03-07T21:22:19.537+0000] {logging_mixin.py:188} INFO - 2026-03-07 21:22:19 [debug    ] Stored to PostgreSQL           claim_id=CLM-7644763A0162
[2026-03-07T21:22:19.558+0000] {logging_mixin.py:188} INFO - 2026-03-07 21:22:19 [debug    ] Lineage event recorded         claim_id=CLM-7644763A0162 latency_ms=0 source=tx_enrichment target=sink_postgres
[2026-03-07T21:22:19.578+0000] {logging_mixin.py:188} INFO - 2026-03-07 21:22:19 [debug    ] Lineage event recorded         claim_id=CLM-DF19AFA1C746 latency_ms=0.0972747802734375 source=src_claims_ingestion target=tx_validation
[2026-03-07T21:22:19.579+0000] {logging_mixin.py:188} INFO - 2026-03-07 21:22:19 [info     ] Claim validated                claim_id=CLM-DF19AFA1C746 errors=0 latency_ms=0.1 valid=True
[2026-03-07T21:22:19.587+0000] {logging_mixin.py:188} INFO - 2026-03-07 21:22:19 [debug    ] Stored to S3                   key=validated/2026/03/07/CLM-DF19AFA1C746.json
[2026-03-07T21:22:19.608+0000] {logging_mixin.py:188} INFO - 2026-03-07 21:22:19 [debug    ] Lineage event recorded         claim_id=CLM-DF19AFA1C746 latency_ms=0.125885009765625 source=tx_validation target=tx_fraud_detection
[2026-03-07T21:22:19.609+0000] {logging_mixin.py:188} INFO - 2026-03-07 21:22:19 [info     ] Claim fraud scored             claim_id=CLM-DF19AFA1C746 fraud_score=0.1983 risk_level=low rules=['high_amount', 'weekend_filing', 'late_filing']
[2026-03-07T21:22:19.617+0000] {logging_mixin.py:188} INFO - 2026-03-07 21:22:19 [debug    ] Stored to S3                   key=scored/2026/03/07/CLM-DF19AFA1C746.json
[2026-03-07T21:22:19.636+0000] {logging_mixin.py:188} INFO - 2026-03-07 21:22:19 [debug    ] Lineage event recorded         claim_id=CLM-DF19AFA1C746 latency_ms=0.3077983856201172 source=tx_fraud_detection target=tx_enrichment
[2026-03-07T21:22:19.637+0000] {logging_mixin.py:188} INFO - 2026-03-07 21:22:19 [info     ] Claim enriched                 claim_id=CLM-DF19AFA1C746 fields=['policy', 'claimant_history', 'geo_risk', 'category_analysis', 'adjuster_recommendation', 'reserve_estimate'] latency_ms=0.31
[2026-03-07T21:22:19.644+0000] {logging_mixin.py:188} INFO - 2026-03-07 21:22:19 [debug    ] Stored to S3                   key=enriched/2026/03/07/CLM-DF19AFA1C746.json
[2026-03-07T21:22:19.663+0000] {logging_mixin.py:188} INFO - 2026-03-07 21:22:19 [debug    ] Lineage event recorded         claim_id=CLM-DF19AFA1C746 latency_ms=85.5565071105957 source=tx_enrichment target=sink_s3_datalake
[2026-03-07T21:22:19.686+0000] {logging_mixin.py:188} INFO - 2026-03-07 21:22:19 [debug    ] Stored to PostgreSQL           claim_id=CLM-DF19AFA1C746
[2026-03-07T21:22:19.707+0000] {logging_mixin.py:188} INFO - 2026-03-07 21:22:19 [debug    ] Lineage event recorded         claim_id=CLM-DF19AFA1C746 latency_ms=0 source=tx_enrichment target=sink_postgres
[2026-03-07T21:22:19.728+0000] {logging_mixin.py:188} INFO - 2026-03-07 21:22:19 [debug    ] Lineage event recorded         claim_id=CLM-40E36F6EEC5D latency_ms=0.09918212890625 source=src_claims_ingestion target=tx_validation
[2026-03-07T21:22:19.729+0000] {logging_mixin.py:188} INFO - 2026-03-07 21:22:19 [info     ] Claim validated                claim_id=CLM-40E36F6EEC5D errors=1 latency_ms=0.1 valid=False
[2026-03-07T21:22:19.737+0000] {logging_mixin.py:188} INFO - 2026-03-07 21:22:19 [debug    ] Stored to S3                   key=rejected/2026/03/07/CLM-40E36F6EEC5D.json
[2026-03-07T21:22:19.761+0000] {logging_mixin.py:188} INFO - 2026-03-07 21:22:19 [debug    ] Lineage event recorded         claim_id=CLM-D7D2EBF818DB latency_ms=0.10919570922851562 source=src_claims_ingestion target=tx_validation
[2026-03-07T21:22:19.762+0000] {logging_mixin.py:188} INFO - 2026-03-07 21:22:19 [info     ] Claim validated                claim_id=CLM-D7D2EBF818DB errors=1 latency_ms=0.11 valid=False
[2026-03-07T21:22:19.770+0000] {logging_mixin.py:188} INFO - 2026-03-07 21:22:19 [debug    ] Stored to S3                   key=rejected/2026/03/07/CLM-D7D2EBF818DB.json
[2026-03-07T21:22:19.792+0000] {logging_mixin.py:188} INFO - 2026-03-07 21:22:19 [debug    ] Lineage event recorded         claim_id=CLM-08121D32CA12 latency_ms=0.24938583374023438 source=src_claims_ingestion target=tx_validation
[2026-03-07T21:22:19.792+0000] {logging_mixin.py:188} INFO - 2026-03-07 21:22:19 [info     ] Claim validated                claim_id=CLM-08121D32CA12 errors=1 latency_ms=0.25 valid=False
[2026-03-07T21:22:19.800+0000] {logging_mixin.py:188} INFO - 2026-03-07 21:22:19 [debug    ] Stored to S3                   key=rejected/2026/03/07/CLM-08121D32CA12.json
[2026-03-07T21:22:19.830+0000] {logging_mixin.py:188} INFO - 2026-03-07 21:22:19 [debug    ] Lineage event recorded         claim_id=CLM-7091131E914E latency_ms=0.15425682067871094 source=src_claims_ingestion target=tx_validation
[2026-03-07T21:22:19.831+0000] {logging_mixin.py:188} INFO - 2026-03-07 21:22:19 [info     ] Claim validated                claim_id=CLM-7091131E914E errors=0 latency_ms=0.15 valid=True
[2026-03-07T21:22:19.842+0000] {logging_mixin.py:188} INFO - 2026-03-07 21:22:19 [debug    ] Stored to S3                   key=validated/2026/03/07/CLM-7091131E914E.json
[2026-03-07T21:22:19.885+0000] {logging_mixin.py:188} INFO - 2026-03-07 21:22:19 [debug    ] Lineage event recorded         claim_id=CLM-7091131E914E latency_ms=0.12183189392089844 source=tx_validation target=tx_fraud_detection
[2026-03-07T21:22:19.887+0000] {logging_mixin.py:188} INFO - 2026-03-07 21:22:19 [info     ] Claim fraud scored             claim_id=CLM-7091131E914E fraud_score=0.6939 risk_level=high rules=['high_amount', 'weekend_filing', 'late_filing', 'excessive_amount_for_type']
[2026-03-07T21:22:19.897+0000] {logging_mixin.py:188} INFO - 2026-03-07 21:22:19 [debug    ] Stored to S3                   key=scored/2026/03/07/CLM-7091131E914E.json
[2026-03-07T21:22:19.934+0000] {logging_mixin.py:188} INFO - 2026-03-07 21:22:19 [debug    ] Lineage event recorded         claim_id=CLM-7091131E914E latency_ms=0.19288063049316406 source=tx_fraud_detection target=tx_enrichment
[2026-03-07T21:22:19.937+0000] {logging_mixin.py:188} INFO - 2026-03-07 21:22:19 [info     ] Claim enriched                 claim_id=CLM-7091131E914E fields=['policy', 'claimant_history', 'geo_risk', 'category_analysis', 'adjuster_recommendation', 'reserve_estimate'] latency_ms=0.19
[2026-03-07T21:22:19.962+0000] {logging_mixin.py:188} INFO - 2026-03-07 21:22:19 [debug    ] Stored to S3                   key=enriched/2026/03/07/CLM-7091131E914E.json
[2026-03-07T21:22:20.009+0000] {logging_mixin.py:188} INFO - 2026-03-07 21:22:20 [debug    ] Lineage event recorded         claim_id=CLM-7091131E914E latency_ms=162.47057914733887 source=tx_enrichment target=sink_s3_datalake
[2026-03-07T21:22:20.068+0000] {logging_mixin.py:188} INFO - 2026-03-07 21:22:20 [debug    ] Stored to PostgreSQL           claim_id=CLM-7091131E914E
[2026-03-07T21:22:20.094+0000] {logging_mixin.py:188} INFO - 2026-03-07 21:22:20 [debug    ] Lineage event recorded         claim_id=CLM-7091131E914E latency_ms=0 source=tx_enrichment target=sink_postgres
[2026-03-07T21:22:20.111+0000] {logging_mixin.py:188} INFO - 2026-03-07 21:22:20 [debug    ] Lineage event recorded         claim_id=CLM-4D70422054ED latency_ms=0.07224082946777344 source=src_claims_ingestion target=tx_validation
[2026-03-07T21:22:20.111+0000] {logging_mixin.py:188} INFO - 2026-03-07 21:22:20 [info     ] Claim validated                claim_id=CLM-4D70422054ED errors=0 latency_ms=0.07 valid=True
[2026-03-07T21:22:20.121+0000] {logging_mixin.py:188} INFO - 2026-03-07 21:22:20 [debug    ] Stored to S3                   key=validated/2026/03/07/CLM-4D70422054ED.json
[2026-03-07T21:22:20.136+0000] {logging_mixin.py:188} INFO - 2026-03-07 21:22:20 [debug    ] Lineage event recorded         claim_id=CLM-4D70422054ED latency_ms=0.09369850158691406 source=tx_validation target=tx_fraud_detection
[2026-03-07T21:22:20.137+0000] {logging_mixin.py:188} INFO - 2026-03-07 21:22:20 [info     ] Claim fraud scored             claim_id=CLM-4D70422054ED fraud_score=0.232 risk_level=low rules=['high_amount', 'weekend_filing', 'late_filing']
[2026-03-07T21:22:20.142+0000] {logging_mixin.py:188} INFO - 2026-03-07 21:22:20 [debug    ] Stored to S3                   key=scored/2026/03/07/CLM-4D70422054ED.json
[2026-03-07T21:22:20.158+0000] {logging_mixin.py:188} INFO - 2026-03-07 21:22:20 [debug    ] Lineage event recorded         claim_id=CLM-4D70422054ED latency_ms=0.1518726348876953 source=tx_fraud_detection target=tx_enrichment
[2026-03-07T21:22:20.159+0000] {logging_mixin.py:188} INFO - 2026-03-07 21:22:20 [info     ] Claim enriched                 claim_id=CLM-4D70422054ED fields=['policy', 'claimant_history', 'geo_risk', 'category_analysis', 'adjuster_recommendation', 'reserve_estimate'] latency_ms=0.15
[2026-03-07T21:22:20.164+0000] {logging_mixin.py:188} INFO - 2026-03-07 21:22:20 [debug    ] Stored to S3                   key=enriched/2026/03/07/CLM-4D70422054ED.json
[2026-03-07T21:22:20.184+0000] {logging_mixin.py:188} INFO - 2026-03-07 21:22:20 [debug    ] Lineage event recorded         claim_id=CLM-4D70422054ED latency_ms=70.18303871154785 source=tx_enrichment target=sink_s3_datalake
[2026-03-07T21:22:20.202+0000] {logging_mixin.py:188} INFO - 2026-03-07 21:22:20 [debug    ] Stored to PostgreSQL           claim_id=CLM-4D70422054ED
[2026-03-07T21:22:20.224+0000] {logging_mixin.py:188} INFO - 2026-03-07 21:22:20 [debug    ] Lineage event recorded         claim_id=CLM-4D70422054ED latency_ms=0 source=tx_enrichment target=sink_postgres
[2026-03-07T21:22:20.224+0000] {logging_mixin.py:188} INFO - 2026-03-07 21:22:20 [info     ] Processed 30 claims            throughput=3.81/s
[2026-03-07T21:22:20.247+0000] {logging_mixin.py:188} INFO - 2026-03-07 21:22:20 [debug    ] Lineage event recorded         claim_id=CLM-2991A6EEEDD6 latency_ms=0.10418891906738281 source=src_claims_ingestion target=tx_validation
[2026-03-07T21:22:20.247+0000] {logging_mixin.py:188} INFO - 2026-03-07 21:22:20 [info     ] Claim validated                claim_id=CLM-2991A6EEEDD6 errors=0 latency_ms=0.1 valid=True
[2026-03-07T21:22:20.257+0000] {logging_mixin.py:188} INFO - 2026-03-07 21:22:20 [debug    ] Stored to S3                   key=validated/2026/03/07/CLM-2991A6EEEDD6.json
[2026-03-07T21:22:20.283+0000] {logging_mixin.py:188} INFO - 2026-03-07 21:22:20 [debug    ] Lineage event recorded         claim_id=CLM-2991A6EEEDD6 latency_ms=0.2911090850830078 source=tx_validation target=tx_fraud_detection
[2026-03-07T21:22:20.284+0000] {logging_mixin.py:188} INFO - 2026-03-07 21:22:20 [info     ] Claim fraud scored             claim_id=CLM-2991A6EEEDD6 fraud_score=0.2632 risk_level=low rules=['high_amount', 'weekend_filing', 'late_filing']
[2026-03-07T21:22:20.293+0000] {logging_mixin.py:188} INFO - 2026-03-07 21:22:20 [debug    ] Stored to S3                   key=scored/2026/03/07/CLM-2991A6EEEDD6.json
[2026-03-07T21:22:20.317+0000] {logging_mixin.py:188} INFO - 2026-03-07 21:22:20 [debug    ] Lineage event recorded         claim_id=CLM-2991A6EEEDD6 latency_ms=0.3027915954589844 source=tx_fraud_detection target=tx_enrichment
[2026-03-07T21:22:20.318+0000] {logging_mixin.py:188} INFO - 2026-03-07 21:22:20 [info     ] Claim enriched                 claim_id=CLM-2991A6EEEDD6 fields=['policy', 'claimant_history', 'geo_risk', 'category_analysis', 'adjuster_recommendation', 'reserve_estimate'] latency_ms=0.3
[2026-03-07T21:22:20.329+0000] {logging_mixin.py:188} INFO - 2026-03-07 21:22:20 [debug    ] Stored to S3                   key=enriched/2026/03/07/CLM-2991A6EEEDD6.json
[2026-03-07T21:22:20.360+0000] {logging_mixin.py:188} INFO - 2026-03-07 21:22:20 [debug    ] Lineage event recorded         claim_id=CLM-2991A6EEEDD6 latency_ms=104.56109046936035 source=tx_enrichment target=sink_s3_datalake
[2026-03-07T21:22:20.386+0000] {logging_mixin.py:188} INFO - 2026-03-07 21:22:20 [debug    ] Stored to PostgreSQL           claim_id=CLM-2991A6EEEDD6
[2026-03-07T21:22:20.434+0000] {logging_mixin.py:188} INFO - 2026-03-07 21:22:20 [debug    ] Lineage event recorded         claim_id=CLM-2991A6EEEDD6 latency_ms=0 source=tx_enrichment target=sink_postgres
[2026-03-07T21:22:20.480+0000] {logging_mixin.py:188} INFO - 2026-03-07 21:22:20 [debug    ] Lineage event recorded         claim_id=CLM-5DFA1C58870A latency_ms=0.11944770812988281 source=src_claims_ingestion target=tx_validation
[2026-03-07T21:22:20.481+0000] {logging_mixin.py:188} INFO - 2026-03-07 21:22:20 [info     ] Claim validated                claim_id=CLM-5DFA1C58870A errors=1 latency_ms=0.12 valid=False
[2026-03-07T21:22:20.491+0000] {logging_mixin.py:188} INFO - 2026-03-07 21:22:20 [debug    ] Stored to S3                   key=rejected/2026/03/07/CLM-5DFA1C58870A.json
[2026-03-07T21:22:20.516+0000] {logging_mixin.py:188} INFO - 2026-03-07 21:22:20 [debug    ] Lineage event recorded         claim_id=CLM-249EB6EC501B latency_ms=0.13709068298339844 source=src_claims_ingestion target=tx_validation
[2026-03-07T21:22:20.516+0000] {logging_mixin.py:188} INFO - 2026-03-07 21:22:20 [info     ] Claim validated                claim_id=CLM-249EB6EC501B errors=1 latency_ms=0.14 valid=False
[2026-03-07T21:22:20.522+0000] {logging_mixin.py:188} INFO - 2026-03-07 21:22:20 [debug    ] Stored to S3                   key=rejected/2026/03/07/CLM-249EB6EC501B.json
[2026-03-07T21:22:20.538+0000] {logging_mixin.py:188} INFO - 2026-03-07 21:22:20 [debug    ] Lineage event recorded         claim_id=CLM-492DA1C734D7 latency_ms=0.21958351135253906 source=src_claims_ingestion target=tx_validation
[2026-03-07T21:22:20.538+0000] {logging_mixin.py:188} INFO - 2026-03-07 21:22:20 [info     ] Claim validated                claim_id=CLM-492DA1C734D7 errors=1 latency_ms=0.22 valid=False
[2026-03-07T21:22:20.545+0000] {logging_mixin.py:188} INFO - 2026-03-07 21:22:20 [debug    ] Stored to S3                   key=rejected/2026/03/07/CLM-492DA1C734D7.json
[2026-03-07T21:22:20.564+0000] {logging_mixin.py:188} INFO - 2026-03-07 21:22:20 [debug    ] Lineage event recorded         claim_id=CLM-21C675F4C7A0 latency_ms=0.1304149627685547 source=src_claims_ingestion target=tx_validation
[2026-03-07T21:22:20.564+0000] {logging_mixin.py:188} INFO - 2026-03-07 21:22:20 [info     ] Claim validated                claim_id=CLM-21C675F4C7A0 errors=0 latency_ms=0.13 valid=True
[2026-03-07T21:22:20.570+0000] {logging_mixin.py:188} INFO - 2026-03-07 21:22:20 [debug    ] Stored to S3                   key=validated/2026/03/07/CLM-21C675F4C7A0.json
[2026-03-07T21:22:20.590+0000] {logging_mixin.py:188} INFO - 2026-03-07 21:22:20 [debug    ] Lineage event recorded         claim_id=CLM-21C675F4C7A0 latency_ms=0.1418590545654297 source=tx_validation target=tx_fraud_detection
[2026-03-07T21:22:20.591+0000] {logging_mixin.py:188} INFO - 2026-03-07 21:22:20 [info     ] Claim fraud scored             claim_id=CLM-21C675F4C7A0 fraud_score=0.2847 risk_level=low rules=['high_amount', 'weekend_filing', 'late_filing']
[2026-03-07T21:22:20.597+0000] {logging_mixin.py:188} INFO - 2026-03-07 21:22:20 [debug    ] Stored to S3                   key=scored/2026/03/07/CLM-21C675F4C7A0.json
[2026-03-07T21:22:20.615+0000] {logging_mixin.py:188} INFO - 2026-03-07 21:22:20 [debug    ] Lineage event recorded         claim_id=CLM-21C675F4C7A0 latency_ms=0.23126602172851562 source=tx_fraud_detection target=tx_enrichment
[2026-03-07T21:22:20.615+0000] {logging_mixin.py:188} INFO - 2026-03-07 21:22:20 [info     ] Claim enriched                 claim_id=CLM-21C675F4C7A0 fields=['policy', 'claimant_history', 'geo_risk', 'category_analysis', 'adjuster_recommendation', 'reserve_estimate'] latency_ms=0.23
[2026-03-07T21:22:20.622+0000] {logging_mixin.py:188} INFO - 2026-03-07 21:22:20 [debug    ] Stored to S3                   key=enriched/2026/03/07/CLM-21C675F4C7A0.json
[2026-03-07T21:22:20.643+0000] {logging_mixin.py:188} INFO - 2026-03-07 21:22:20 [debug    ] Lineage event recorded         claim_id=CLM-21C675F4C7A0 latency_ms=76.69925689697266 source=tx_enrichment target=sink_s3_datalake
[2026-03-07T21:22:20.664+0000] {logging_mixin.py:188} INFO - 2026-03-07 21:22:20 [debug    ] Stored to PostgreSQL           claim_id=CLM-21C675F4C7A0
[2026-03-07T21:22:20.703+0000] {logging_mixin.py:188} INFO - 2026-03-07 21:22:20 [debug    ] Lineage event recorded         claim_id=CLM-21C675F4C7A0 latency_ms=0 source=tx_enrichment target=sink_postgres
[2026-03-07T21:22:20.765+0000] {logging_mixin.py:188} INFO - 2026-03-07 21:22:20 [debug    ] Lineage event recorded         claim_id=CLM-FD56FC41B4BA latency_ms=0.1220703125 source=src_claims_ingestion target=tx_validation
[2026-03-07T21:22:20.773+0000] {logging_mixin.py:188} INFO - 2026-03-07 21:22:20 [info     ] Claim validated                claim_id=CLM-FD56FC41B4BA errors=1 latency_ms=0.12 valid=False
[2026-03-07T21:22:20.810+0000] {logging_mixin.py:188} INFO - 2026-03-07 21:22:20 [debug    ] Stored to S3                   key=rejected/2026/03/07/CLM-FD56FC41B4BA.json
[2026-03-07T21:22:20.835+0000] {logging_mixin.py:188} INFO - 2026-03-07 21:22:20 [debug    ] Lineage event recorded         claim_id=CLM-992BEB705F0E latency_ms=0.10251998901367188 source=src_claims_ingestion target=tx_validation
[2026-03-07T21:22:20.836+0000] {logging_mixin.py:188} INFO - 2026-03-07 21:22:20 [info     ] Claim validated                claim_id=CLM-992BEB705F0E errors=1 latency_ms=0.1 valid=False
[2026-03-07T21:22:20.842+0000] {logging_mixin.py:188} INFO - 2026-03-07 21:22:20 [debug    ] Stored to S3                   key=rejected/2026/03/07/CLM-992BEB705F0E.json
[2026-03-07T21:22:20.865+0000] {logging_mixin.py:188} INFO - 2026-03-07 21:22:20 [debug    ] Lineage event recorded         claim_id=CLM-D492ABDF60CE latency_ms=0.21839141845703125 source=src_claims_ingestion target=tx_validation
[2026-03-07T21:22:20.866+0000] {logging_mixin.py:188} INFO - 2026-03-07 21:22:20 [info     ] Claim validated                claim_id=CLM-D492ABDF60CE errors=0 latency_ms=0.22 valid=True
[2026-03-07T21:22:20.872+0000] {logging_mixin.py:188} INFO - 2026-03-07 21:22:20 [debug    ] Stored to S3                   key=validated/2026/03/07/CLM-D492ABDF60CE.json
[2026-03-07T21:22:20.894+0000] {logging_mixin.py:188} INFO - 2026-03-07 21:22:20 [debug    ] Lineage event recorded         claim_id=CLM-D492ABDF60CE latency_ms=0.12564659118652344 source=tx_validation target=tx_fraud_detection
[2026-03-07T21:22:20.895+0000] {logging_mixin.py:188} INFO - 2026-03-07 21:22:20 [info     ] Claim fraud scored             claim_id=CLM-D492ABDF60CE fraud_score=0.4447 risk_level=medium rules=['high_amount', 'weekend_filing', 'late_filing', 'excessive_amount_for_type']
[2026-03-07T21:22:20.901+0000] {logging_mixin.py:188} INFO - 2026-03-07 21:22:20 [debug    ] Stored to S3                   key=scored/2026/03/07/CLM-D492ABDF60CE.json
[2026-03-07T21:22:20.919+0000] {logging_mixin.py:188} INFO - 2026-03-07 21:22:20 [debug    ] Lineage event recorded         claim_id=CLM-D492ABDF60CE latency_ms=0.1819133758544922 source=tx_fraud_detection target=tx_enrichment
[2026-03-07T21:22:20.920+0000] {logging_mixin.py:188} INFO - 2026-03-07 21:22:20 [info     ] Claim enriched                 claim_id=CLM-D492ABDF60CE fields=['policy', 'claimant_history', 'geo_risk', 'category_analysis', 'adjuster_recommendation', 'reserve_estimate'] latency_ms=0.18
[2026-03-07T21:22:20.928+0000] {logging_mixin.py:188} INFO - 2026-03-07 21:22:20 [debug    ] Stored to S3                   key=enriched/2026/03/07/CLM-D492ABDF60CE.json
[2026-03-07T21:22:20.948+0000] {logging_mixin.py:188} INFO - 2026-03-07 21:22:20 [debug    ] Lineage event recorded         claim_id=CLM-D492ABDF60CE latency_ms=85.85214614868164 source=tx_enrichment target=sink_s3_datalake
[2026-03-07T21:22:20.973+0000] {logging_mixin.py:188} INFO - 2026-03-07 21:22:20 [debug    ] Stored to PostgreSQL           claim_id=CLM-D492ABDF60CE
[2026-03-07T21:22:20.992+0000] {logging_mixin.py:188} INFO - 2026-03-07 21:22:20 [debug    ] Lineage event recorded         claim_id=CLM-D492ABDF60CE latency_ms=0 source=tx_enrichment target=sink_postgres
[2026-03-07T21:22:20.993+0000] {logging_mixin.py:188} INFO - 2026-03-07 21:22:20 [error    ] Pipeline processing failed     error=1 validation error for InsuranceClaim
claim_amount
  Input should be greater than 0 [type=greater_than, input_value=-100, input_type=int]
    For further information visit https://errors.pydantic.dev/2.5/v/greater_than
[2026-03-07T21:22:21.019+0000] {logging_mixin.py:188} INFO - 2026-03-07 21:22:21 [debug    ] Lineage event recorded         claim_id=CLM-4EE8D6D9AC5E latency_ms=0.10204315185546875 source=src_claims_ingestion target=tx_validation
[2026-03-07T21:22:21.020+0000] {logging_mixin.py:188} INFO - 2026-03-07 21:22:21 [info     ] Claim validated                claim_id=CLM-4EE8D6D9AC5E errors=0 latency_ms=0.1 valid=True
[2026-03-07T21:22:21.028+0000] {logging_mixin.py:188} INFO - 2026-03-07 21:22:21 [debug    ] Stored to S3                   key=validated/2026/03/07/CLM-4EE8D6D9AC5E.json
[2026-03-07T21:22:21.057+0000] {logging_mixin.py:188} INFO - 2026-03-07 21:22:21 [debug    ] Lineage event recorded         claim_id=CLM-4EE8D6D9AC5E latency_ms=0.20122528076171875 source=tx_validation target=tx_fraud_detection
[2026-03-07T21:22:21.058+0000] {logging_mixin.py:188} INFO - 2026-03-07 21:22:21 [info     ] Claim fraud scored             claim_id=CLM-4EE8D6D9AC5E fraud_score=0.6638 risk_level=high rules=['high_amount', 'weekend_filing', 'late_filing', 'excessive_amount_for_type']
[2026-03-07T21:22:21.067+0000] {logging_mixin.py:188} INFO - 2026-03-07 21:22:21 [debug    ] Stored to S3                   key=scored/2026/03/07/CLM-4EE8D6D9AC5E.json
[2026-03-07T21:22:21.098+0000] {logging_mixin.py:188} INFO - 2026-03-07 21:22:21 [debug    ] Lineage event recorded         claim_id=CLM-4EE8D6D9AC5E latency_ms=0.331878662109375 source=tx_fraud_detection target=tx_enrichment
[2026-03-07T21:22:21.099+0000] {logging_mixin.py:188} INFO - 2026-03-07 21:22:21 [info     ] Claim enriched                 claim_id=CLM-4EE8D6D9AC5E fields=['policy', 'claimant_history', 'geo_risk', 'category_analysis', 'adjuster_recommendation', 'reserve_estimate'] latency_ms=0.33
[2026-03-07T21:22:21.113+0000] {logging_mixin.py:188} INFO - 2026-03-07 21:22:21 [debug    ] Stored to S3                   key=enriched/2026/03/07/CLM-4EE8D6D9AC5E.json
[2026-03-07T21:22:21.141+0000] {logging_mixin.py:188} INFO - 2026-03-07 21:22:21 [debug    ] Lineage event recorded         claim_id=CLM-4EE8D6D9AC5E latency_ms=118.79992485046387 source=tx_enrichment target=sink_s3_datalake
[2026-03-07T21:22:21.172+0000] {logging_mixin.py:188} INFO - 2026-03-07 21:22:21 [debug    ] Stored to PostgreSQL           claim_id=CLM-4EE8D6D9AC5E
[2026-03-07T21:22:21.205+0000] {logging_mixin.py:188} INFO - 2026-03-07 21:22:21 [debug    ] Lineage event recorded         claim_id=CLM-4EE8D6D9AC5E latency_ms=0 source=tx_enrichment target=sink_postgres
[2026-03-07T21:22:21.206+0000] {logging_mixin.py:188} INFO - 2026-03-07 21:22:21 [info     ] Processed 40 claims            throughput=4.52/s
[2026-03-07T21:22:21.232+0000] {logging_mixin.py:188} INFO - 2026-03-07 21:22:21 [debug    ] Lineage event recorded         claim_id=CLM-D0E6F0ED8A73 latency_ms=0.20623207092285156 source=src_claims_ingestion target=tx_validation
[2026-03-07T21:22:21.233+0000] {logging_mixin.py:188} INFO - 2026-03-07 21:22:21 [info     ] Claim validated                claim_id=CLM-D0E6F0ED8A73 errors=0 latency_ms=0.21 valid=True
[2026-03-07T21:22:21.241+0000] {logging_mixin.py:188} INFO - 2026-03-07 21:22:21 [debug    ] Stored to S3                   key=validated/2026/03/07/CLM-D0E6F0ED8A73.json
[2026-03-07T21:22:21.270+0000] {logging_mixin.py:188} INFO - 2026-03-07 21:22:21 [debug    ] Lineage event recorded         claim_id=CLM-D0E6F0ED8A73 latency_ms=0.21338462829589844 source=tx_validation target=tx_fraud_detection
[2026-03-07T21:22:21.271+0000] {logging_mixin.py:188} INFO - 2026-03-07 21:22:21 [info     ] Claim fraud scored             claim_id=CLM-D0E6F0ED8A73 fraud_score=0.3579 risk_level=medium rules=['high_amount', 'weekend_filing', 'excessive_amount_for_type']
[2026-03-07T21:22:21.280+0000] {logging_mixin.py:188} INFO - 2026-03-07 21:22:21 [debug    ] Stored to S3                   key=scored/2026/03/07/CLM-D0E6F0ED8A73.json
[2026-03-07T21:22:21.304+0000] {logging_mixin.py:188} INFO - 2026-03-07 21:22:21 [debug    ] Lineage event recorded         claim_id=CLM-D0E6F0ED8A73 latency_ms=0.3902912139892578 source=tx_fraud_detection target=tx_enrichment
[2026-03-07T21:22:21.305+0000] {logging_mixin.py:188} INFO - 2026-03-07 21:22:21 [info     ] Claim enriched                 claim_id=CLM-D0E6F0ED8A73 fields=['policy', 'claimant_history', 'geo_risk', 'category_analysis', 'adjuster_recommendation', 'reserve_estimate'] latency_ms=0.39
[2026-03-07T21:22:21.316+0000] {logging_mixin.py:188} INFO - 2026-03-07 21:22:21 [debug    ] Stored to S3                   key=enriched/2026/03/07/CLM-D0E6F0ED8A73.json
[2026-03-07T21:22:21.347+0000] {logging_mixin.py:188} INFO - 2026-03-07 21:22:21 [debug    ] Lineage event recorded         claim_id=CLM-D0E6F0ED8A73 latency_ms=110.11338233947754 source=tx_enrichment target=sink_s3_datalake
[2026-03-07T21:22:21.377+0000] {logging_mixin.py:188} INFO - 2026-03-07 21:22:21 [debug    ] Stored to PostgreSQL           claim_id=CLM-D0E6F0ED8A73
[2026-03-07T21:22:21.409+0000] {logging_mixin.py:188} INFO - 2026-03-07 21:22:21 [debug    ] Lineage event recorded         claim_id=CLM-D0E6F0ED8A73 latency_ms=0 source=tx_enrichment target=sink_postgres
[2026-03-07T21:22:21.443+0000] {logging_mixin.py:188} INFO - 2026-03-07 21:22:21 [debug    ] Lineage event recorded         claim_id=CLM-201664D04615 latency_ms=0.10418891906738281 source=src_claims_ingestion target=tx_validation
[2026-03-07T21:22:21.444+0000] {logging_mixin.py:188} INFO - 2026-03-07 21:22:21 [info     ] Claim validated                claim_id=CLM-201664D04615 errors=0 latency_ms=0.1 valid=True
[2026-03-07T21:22:21.456+0000] {logging_mixin.py:188} INFO - 2026-03-07 21:22:21 [debug    ] Stored to S3                   key=validated/2026/03/07/CLM-201664D04615.json
[2026-03-07T21:22:21.501+0000] {logging_mixin.py:188} INFO - 2026-03-07 21:22:21 [debug    ] Lineage event recorded         claim_id=CLM-201664D04615 latency_ms=0.7698535919189453 source=tx_validation target=tx_fraud_detection
[2026-03-07T21:22:21.503+0000] {logging_mixin.py:188} INFO - 2026-03-07 21:22:21 [info     ] Claim fraud scored             claim_id=CLM-201664D04615 fraud_score=0.274 risk_level=low rules=['high_amount', 'weekend_filing', 'late_filing']
[2026-03-07T21:22:21.513+0000] {logging_mixin.py:188} INFO - 2026-03-07 21:22:21 [debug    ] Stored to S3                   key=scored/2026/03/07/CLM-201664D04615.json
[2026-03-07T21:22:21.541+0000] {logging_mixin.py:188} INFO - 2026-03-07 21:22:21 [debug    ] Lineage event recorded         claim_id=CLM-201664D04615 latency_ms=0.2770423889160156 source=tx_fraud_detection target=tx_enrichment
[2026-03-07T21:22:21.542+0000] {logging_mixin.py:188} INFO - 2026-03-07 21:22:21 [info     ] Claim enriched                 claim_id=CLM-201664D04615 fields=['policy', 'claimant_history', 'geo_risk', 'category_analysis', 'adjuster_recommendation', 'reserve_estimate'] latency_ms=0.28
[2026-03-07T21:22:21.552+0000] {logging_mixin.py:188} INFO - 2026-03-07 21:22:21 [debug    ] Stored to S3                   key=enriched/2026/03/07/CLM-201664D04615.json
[2026-03-07T21:22:21.578+0000] {logging_mixin.py:188} INFO - 2026-03-07 21:22:21 [debug    ] Lineage event recorded         claim_id=CLM-201664D04615 latency_ms=142.6718235015869 source=tx_enrichment target=sink_s3_datalake
[2026-03-07T21:22:21.624+0000] {logging_mixin.py:188} INFO - 2026-03-07 21:22:21 [debug    ] Stored to PostgreSQL           claim_id=CLM-201664D04615
[2026-03-07T21:22:21.658+0000] {logging_mixin.py:188} INFO - 2026-03-07 21:22:21 [debug    ] Lineage event recorded         claim_id=CLM-201664D04615 latency_ms=0 source=tx_enrichment target=sink_postgres
[2026-03-07T21:22:21.698+0000] {logging_mixin.py:188} INFO - 2026-03-07 21:22:21 [debug    ] Lineage event recorded         claim_id=CLM-16CB5F89DAAC latency_ms=0.26988983154296875 source=src_claims_ingestion target=tx_validation
[2026-03-07T21:22:21.699+0000] {logging_mixin.py:188} INFO - 2026-03-07 21:22:21 [info     ] Claim validated                claim_id=CLM-16CB5F89DAAC errors=0 latency_ms=0.27 valid=True
[2026-03-07T21:22:21.712+0000] {logging_mixin.py:188} INFO - 2026-03-07 21:22:21 [debug    ] Stored to S3                   key=validated/2026/03/07/CLM-16CB5F89DAAC.json
[2026-03-07T21:22:21.747+0000] {logging_mixin.py:188} INFO - 2026-03-07 21:22:21 [debug    ] Lineage event recorded         claim_id=CLM-16CB5F89DAAC latency_ms=0.20503997802734375 source=tx_validation target=tx_fraud_detection
[2026-03-07T21:22:21.749+0000] {logging_mixin.py:188} INFO - 2026-03-07 21:22:21 [info     ] Claim fraud scored             claim_id=CLM-16CB5F89DAAC fraud_score=0.2689 risk_level=low rules=['high_amount', 'weekend_filing']
[2026-03-07T21:22:21.762+0000] {logging_mixin.py:188} INFO - 2026-03-07 21:22:21 [debug    ] Stored to S3                   key=scored/2026/03/07/CLM-16CB5F89DAAC.json
[2026-03-07T21:22:21.791+0000] {logging_mixin.py:188} INFO - 2026-03-07 21:22:21 [debug    ] Lineage event recorded         claim_id=CLM-16CB5F89DAAC latency_ms=0.43272972106933594 source=tx_fraud_detection target=tx_enrichment
[2026-03-07T21:22:21.792+0000] {logging_mixin.py:188} INFO - 2026-03-07 21:22:21 [info     ] Claim enriched                 claim_id=CLM-16CB5F89DAAC fields=['policy', 'claimant_history', 'geo_risk', 'category_analysis', 'adjuster_recommendation', 'reserve_estimate'] latency_ms=0.43
[2026-03-07T21:22:21.801+0000] {logging_mixin.py:188} INFO - 2026-03-07 21:22:21 [debug    ] Stored to S3                   key=enriched/2026/03/07/CLM-16CB5F89DAAC.json
[2026-03-07T21:22:21.834+0000] {logging_mixin.py:188} INFO - 2026-03-07 21:22:21 [debug    ] Lineage event recorded         claim_id=CLM-16CB5F89DAAC latency_ms=141.8018341064453 source=tx_enrichment target=sink_s3_datalake
[2026-03-07T21:22:21.880+0000] {logging_mixin.py:188} INFO - 2026-03-07 21:22:21 [debug    ] Stored to PostgreSQL           claim_id=CLM-16CB5F89DAAC
[2026-03-07T21:22:22.025+0000] {logging_mixin.py:188} INFO - 2026-03-07 21:22:22 [debug    ] Lineage event recorded         claim_id=CLM-16CB5F89DAAC latency_ms=0 source=tx_enrichment target=sink_postgres
[2026-03-07T21:22:22.168+0000] {logging_mixin.py:188} INFO - 2026-03-07 21:22:22 [debug    ] Lineage event recorded         claim_id=CLM-0B900E445C68 latency_ms=0.17571449279785156 source=src_claims_ingestion target=tx_validation
[2026-03-07T21:22:22.169+0000] {logging_mixin.py:188} INFO - 2026-03-07 21:22:22 [info     ] Claim validated                claim_id=CLM-0B900E445C68 errors=0 latency_ms=0.18 valid=True
[2026-03-07T21:22:22.190+0000] {logging_mixin.py:188} INFO - 2026-03-07 21:22:22 [debug    ] Stored to S3                   key=validated/2026/03/07/CLM-0B900E445C68.json
[2026-03-07T21:22:22.244+0000] {logging_mixin.py:188} INFO - 2026-03-07 21:22:22 [debug    ] Lineage event recorded         claim_id=CLM-0B900E445C68 latency_ms=0.3070831298828125 source=tx_validation target=tx_fraud_detection
[2026-03-07T21:22:22.246+0000] {logging_mixin.py:188} INFO - 2026-03-07 21:22:22 [info     ] Claim fraud scored             claim_id=CLM-0B900E445C68 fraud_score=0.1197 risk_level=low rules=['high_amount', 'weekend_filing']
[2026-03-07T21:22:22.255+0000] {logging_mixin.py:188} INFO - 2026-03-07 21:22:22 [debug    ] Stored to S3                   key=scored/2026/03/07/CLM-0B900E445C68.json
[2026-03-07T21:22:22.282+0000] {logging_mixin.py:188} INFO - 2026-03-07 21:22:22 [debug    ] Lineage event recorded         claim_id=CLM-0B900E445C68 latency_ms=0.7979869842529297 source=tx_fraud_detection target=tx_enrichment
[2026-03-07T21:22:22.283+0000] {logging_mixin.py:188} INFO - 2026-03-07 21:22:22 [info     ] Claim enriched                 claim_id=CLM-0B900E445C68 fields=['policy', 'claimant_history', 'geo_risk', 'category_analysis', 'adjuster_recommendation', 'reserve_estimate'] latency_ms=0.8
[2026-03-07T21:22:22.292+0000] {logging_mixin.py:188} INFO - 2026-03-07 21:22:22 [debug    ] Stored to S3                   key=enriched/2026/03/07/CLM-0B900E445C68.json
[2026-03-07T21:22:22.319+0000] {logging_mixin.py:188} INFO - 2026-03-07 21:22:22 [debug    ] Lineage event recorded         claim_id=CLM-0B900E445C68 latency_ms=264.68634605407715 source=tx_enrichment target=sink_s3_datalake
[2026-03-07T21:22:22.342+0000] {logging_mixin.py:188} INFO - 2026-03-07 21:22:22 [debug    ] Stored to PostgreSQL           claim_id=CLM-0B900E445C68
[2026-03-07T21:22:22.366+0000] {logging_mixin.py:188} INFO - 2026-03-07 21:22:22 [debug    ] Lineage event recorded         claim_id=CLM-0B900E445C68 latency_ms=0 source=tx_enrichment target=sink_postgres
[2026-03-07T21:22:22.392+0000] {logging_mixin.py:188} INFO - 2026-03-07 21:22:22 [debug    ] Lineage event recorded         claim_id=CLM-D0F98451A127 latency_ms=0.2269744873046875 source=src_claims_ingestion target=tx_validation
[2026-03-07T21:22:22.393+0000] {logging_mixin.py:188} INFO - 2026-03-07 21:22:22 [info     ] Claim validated                claim_id=CLM-D0F98451A127 errors=0 latency_ms=0.23 valid=True
[2026-03-07T21:22:22.400+0000] {logging_mixin.py:188} INFO - 2026-03-07 21:22:22 [debug    ] Stored to S3                   key=validated/2026/03/07/CLM-D0F98451A127.json
[2026-03-07T21:22:22.425+0000] {logging_mixin.py:188} INFO - 2026-03-07 21:22:22 [debug    ] Lineage event recorded         claim_id=CLM-D0F98451A127 latency_ms=0.16546249389648438 source=tx_validation target=tx_fraud_detection
[2026-03-07T21:22:22.425+0000] {logging_mixin.py:188} INFO - 2026-03-07 21:22:22 [info     ] Claim fraud scored             claim_id=CLM-D0F98451A127 fraud_score=0.1925 risk_level=low rules=['high_amount', 'weekend_filing', 'late_filing']
[2026-03-07T21:22:22.434+0000] {logging_mixin.py:188} INFO - 2026-03-07 21:22:22 [debug    ] Stored to S3                   key=scored/2026/03/07/CLM-D0F98451A127.json
[2026-03-07T21:22:22.491+0000] {logging_mixin.py:188} INFO - 2026-03-07 21:22:22 [debug    ] Lineage event recorded         claim_id=CLM-D0F98451A127 latency_ms=0.2429485321044922 source=tx_fraud_detection target=tx_enrichment
[2026-03-07T21:22:22.492+0000] {logging_mixin.py:188} INFO - 2026-03-07 21:22:22 [info     ] Claim enriched                 claim_id=CLM-D0F98451A127 fields=['policy', 'claimant_history', 'geo_risk', 'category_analysis', 'adjuster_recommendation', 'reserve_estimate'] latency_ms=0.24
[2026-03-07T21:22:22.500+0000] {logging_mixin.py:188} INFO - 2026-03-07 21:22:22 [debug    ] Stored to S3                   key=enriched/2026/03/07/CLM-D0F98451A127.json
[2026-03-07T21:22:22.524+0000] {logging_mixin.py:188} INFO - 2026-03-07 21:22:22 [debug    ] Lineage event recorded         claim_id=CLM-D0F98451A127 latency_ms=133.60166549682617 source=tx_enrichment target=sink_s3_datalake
[2026-03-07T21:22:22.547+0000] {logging_mixin.py:188} INFO - 2026-03-07 21:22:22 [debug    ] Stored to PostgreSQL           claim_id=CLM-D0F98451A127
[2026-03-07T21:22:22.583+0000] {logging_mixin.py:188} INFO - 2026-03-07 21:22:22 [debug    ] Lineage event recorded         claim_id=CLM-D0F98451A127 latency_ms=0 source=tx_enrichment target=sink_postgres
[2026-03-07T21:22:22.625+0000] {logging_mixin.py:188} INFO - 2026-03-07 21:22:22 [debug    ] Lineage event recorded         claim_id=CLM-E04E7AC7E3F1 latency_ms=0.2880096435546875 source=src_claims_ingestion target=tx_validation
[2026-03-07T21:22:22.626+0000] {logging_mixin.py:188} INFO - 2026-03-07 21:22:22 [info     ] Claim validated                claim_id=CLM-E04E7AC7E3F1 errors=0 latency_ms=0.29 valid=True
[2026-03-07T21:22:22.646+0000] {logging_mixin.py:188} INFO - 2026-03-07 21:22:22 [debug    ] Stored to S3                   key=validated/2026/03/07/CLM-E04E7AC7E3F1.json
[2026-03-07T21:22:22.687+0000] {logging_mixin.py:188} INFO - 2026-03-07 21:22:22 [debug    ] Lineage event recorded         claim_id=CLM-E04E7AC7E3F1 latency_ms=0.22745132446289062 source=tx_validation target=tx_fraud_detection
[2026-03-07T21:22:22.688+0000] {logging_mixin.py:188} INFO - 2026-03-07 21:22:22 [info     ] Claim fraud scored             claim_id=CLM-E04E7AC7E3F1 fraud_score=0.0759 risk_level=low rules=['weekend_filing']
[2026-03-07T21:22:22.696+0000] {logging_mixin.py:188} INFO - 2026-03-07 21:22:22 [debug    ] Stored to S3                   key=scored/2026/03/07/CLM-E04E7AC7E3F1.json
[2026-03-07T21:22:22.719+0000] {logging_mixin.py:188} INFO - 2026-03-07 21:22:22 [debug    ] Lineage event recorded         claim_id=CLM-E04E7AC7E3F1 latency_ms=0.25272369384765625 source=tx_fraud_detection target=tx_enrichment
[2026-03-07T21:22:22.720+0000] {logging_mixin.py:188} INFO - 2026-03-07 21:22:22 [info     ] Claim enriched                 claim_id=CLM-E04E7AC7E3F1 fields=['policy', 'claimant_history', 'geo_risk', 'category_analysis', 'adjuster_recommendation', 'reserve_estimate'] latency_ms=0.25
[2026-03-07T21:22:22.729+0000] {logging_mixin.py:188} INFO - 2026-03-07 21:22:22 [debug    ] Stored to S3                   key=enriched/2026/03/07/CLM-E04E7AC7E3F1.json
[2026-03-07T21:22:22.753+0000] {logging_mixin.py:188} INFO - 2026-03-07 21:22:22 [debug    ] Lineage event recorded         claim_id=CLM-E04E7AC7E3F1 latency_ms=144.9110507965088 source=tx_enrichment target=sink_s3_datalake
[2026-03-07T21:22:22.775+0000] {logging_mixin.py:188} INFO - 2026-03-07 21:22:22 [debug    ] Stored to PostgreSQL           claim_id=CLM-E04E7AC7E3F1
[2026-03-07T21:22:22.795+0000] {logging_mixin.py:188} INFO - 2026-03-07 21:22:22 [debug    ] Lineage event recorded         claim_id=CLM-E04E7AC7E3F1 latency_ms=0 source=tx_enrichment target=sink_postgres
[2026-03-07T21:22:22.817+0000] {logging_mixin.py:188} INFO - 2026-03-07 21:22:22 [debug    ] Lineage event recorded         claim_id=CLM-63005CB8A646 latency_ms=0.13566017150878906 source=src_claims_ingestion target=tx_validation
[2026-03-07T21:22:22.818+0000] {logging_mixin.py:188} INFO - 2026-03-07 21:22:22 [info     ] Claim validated                claim_id=CLM-63005CB8A646 errors=0 latency_ms=0.14 valid=True
[2026-03-07T21:22:22.825+0000] {logging_mixin.py:188} INFO - 2026-03-07 21:22:22 [debug    ] Stored to S3                   key=validated/2026/03/07/CLM-63005CB8A646.json
[2026-03-07T21:22:22.845+0000] {logging_mixin.py:188} INFO - 2026-03-07 21:22:22 [debug    ] Lineage event recorded         claim_id=CLM-63005CB8A646 latency_ms=0.13589859008789062 source=tx_validation target=tx_fraud_detection
[2026-03-07T21:22:22.846+0000] {logging_mixin.py:188} INFO - 2026-03-07 21:22:22 [info     ] Claim fraud scored             claim_id=CLM-63005CB8A646 fraud_score=0.3848 risk_level=medium rules=['high_amount', 'weekend_filing', 'excessive_amount_for_type']
[2026-03-07T21:22:22.854+0000] {logging_mixin.py:188} INFO - 2026-03-07 21:22:22 [debug    ] Stored to S3                   key=scored/2026/03/07/CLM-63005CB8A646.json
[2026-03-07T21:22:22.888+0000] {logging_mixin.py:188} INFO - 2026-03-07 21:22:22 [debug    ] Lineage event recorded         claim_id=CLM-63005CB8A646 latency_ms=0.2593994140625 source=tx_fraud_detection target=tx_enrichment
[2026-03-07T21:22:22.888+0000] {logging_mixin.py:188} INFO - 2026-03-07 21:22:22 [info     ] Claim enriched                 claim_id=CLM-63005CB8A646 fields=['policy', 'claimant_history', 'geo_risk', 'category_analysis', 'adjuster_recommendation', 'reserve_estimate'] latency_ms=0.26
[2026-03-07T21:22:22.899+0000] {logging_mixin.py:188} INFO - 2026-03-07 21:22:22 [debug    ] Stored to S3                   key=enriched/2026/03/07/CLM-63005CB8A646.json
[2026-03-07T21:22:22.929+0000] {logging_mixin.py:188} INFO - 2026-03-07 21:22:22 [debug    ] Lineage event recorded         claim_id=CLM-63005CB8A646 latency_ms=104.17890548706055 source=tx_enrichment target=sink_s3_datalake
[2026-03-07T21:22:22.959+0000] {logging_mixin.py:188} INFO - 2026-03-07 21:22:22 [debug    ] Stored to PostgreSQL           claim_id=CLM-63005CB8A646
[2026-03-07T21:22:22.990+0000] {logging_mixin.py:188} INFO - 2026-03-07 21:22:22 [debug    ] Lineage event recorded         claim_id=CLM-63005CB8A646 latency_ms=0 source=tx_enrichment target=sink_postgres
[2026-03-07T21:22:23.021+0000] {logging_mixin.py:188} INFO - 2026-03-07 21:22:23 [debug    ] Lineage event recorded         claim_id=CLM-59842CBBD03E latency_ms=0.12373924255371094 source=src_claims_ingestion target=tx_validation
[2026-03-07T21:22:23.022+0000] {logging_mixin.py:188} INFO - 2026-03-07 21:22:23 [info     ] Claim validated                claim_id=CLM-59842CBBD03E errors=0 latency_ms=0.12 valid=True
[2026-03-07T21:22:23.033+0000] {logging_mixin.py:188} INFO - 2026-03-07 21:22:23 [debug    ] Stored to S3                   key=validated/2026/03/07/CLM-59842CBBD03E.json
[2026-03-07T21:22:23.054+0000] {logging_mixin.py:188} INFO - 2026-03-07 21:22:23 [debug    ] Lineage event recorded         claim_id=CLM-59842CBBD03E latency_ms=0.17404556274414062 source=tx_validation target=tx_fraud_detection
[2026-03-07T21:22:23.055+0000] {logging_mixin.py:188} INFO - 2026-03-07 21:22:23 [info     ] Claim fraud scored             claim_id=CLM-59842CBBD03E fraud_score=0.5922 risk_level=medium rules=['high_amount', 'weekend_filing', 'late_filing', 'excessive_amount_for_type']
[2026-03-07T21:22:23.063+0000] {logging_mixin.py:188} INFO - 2026-03-07 21:22:23 [debug    ] Stored to S3                   key=scored/2026/03/07/CLM-59842CBBD03E.json
[2026-03-07T21:22:23.498+0000] {logging_mixin.py:188} INFO - 2026-03-07 21:22:23 [debug    ] Lineage event recorded         claim_id=CLM-59842CBBD03E latency_ms=0.5307197570800781 source=tx_fraud_detection target=tx_enrichment
[2026-03-07T21:22:23.499+0000] {logging_mixin.py:188} INFO - 2026-03-07 21:22:23 [info     ] Claim enriched                 claim_id=CLM-59842CBBD03E fields=['policy', 'claimant_history', 'geo_risk', 'category_analysis', 'adjuster_recommendation', 'reserve_estimate'] latency_ms=0.53
[2026-03-07T21:22:23.509+0000] {logging_mixin.py:188} INFO - 2026-03-07 21:22:23 [debug    ] Stored to S3                   key=enriched/2026/03/07/CLM-59842CBBD03E.json
[2026-03-07T21:22:23.535+0000] {logging_mixin.py:188} INFO - 2026-03-07 21:22:23 [debug    ] Lineage event recorded         claim_id=CLM-59842CBBD03E latency_ms=518.5949802398682 source=tx_enrichment target=sink_s3_datalake
[2026-03-07T21:22:23.570+0000] {logging_mixin.py:188} INFO - 2026-03-07 21:22:23 [debug    ] Stored to PostgreSQL           claim_id=CLM-59842CBBD03E
[2026-03-07T21:22:23.609+0000] {logging_mixin.py:188} INFO - 2026-03-07 21:22:23 [debug    ] Lineage event recorded         claim_id=CLM-59842CBBD03E latency_ms=0 source=tx_enrichment target=sink_postgres
[2026-03-07T21:22:23.650+0000] {logging_mixin.py:188} INFO - 2026-03-07 21:22:23 [debug    ] Lineage event recorded         claim_id=CLM-1084E255DC28 latency_ms=0.11157989501953125 source=src_claims_ingestion target=tx_validation
[2026-03-07T21:22:23.652+0000] {logging_mixin.py:188} INFO - 2026-03-07 21:22:23 [info     ] Claim validated                claim_id=CLM-1084E255DC28 errors=1 latency_ms=0.11 valid=False
[2026-03-07T21:22:23.666+0000] {logging_mixin.py:188} INFO - 2026-03-07 21:22:23 [debug    ] Stored to S3                   key=rejected/2026/03/07/CLM-1084E255DC28.json
[2026-03-07T21:22:23.701+0000] {logging_mixin.py:188} INFO - 2026-03-07 21:22:23 [debug    ] Lineage event recorded         claim_id=CLM-F5CA546E1E70 latency_ms=0.12993812561035156 source=src_claims_ingestion target=tx_validation
[2026-03-07T21:22:23.702+0000] {logging_mixin.py:188} INFO - 2026-03-07 21:22:23 [info     ] Claim validated                claim_id=CLM-F5CA546E1E70 errors=0 latency_ms=0.13 valid=True
[2026-03-07T21:22:23.714+0000] {logging_mixin.py:188} INFO - 2026-03-07 21:22:23 [debug    ] Stored to S3                   key=validated/2026/03/07/CLM-F5CA546E1E70.json
[2026-03-07T21:22:23.738+0000] {logging_mixin.py:188} INFO - 2026-03-07 21:22:23 [debug    ] Lineage event recorded         claim_id=CLM-F5CA546E1E70 latency_ms=0.17786026000976562 source=tx_validation target=tx_fraud_detection
[2026-03-07T21:22:23.738+0000] {logging_mixin.py:188} INFO - 2026-03-07 21:22:23 [info     ] Claim fraud scored             claim_id=CLM-F5CA546E1E70 fraud_score=0.6211 risk_level=high rules=['high_amount', 'weekend_filing', 'late_filing', 'excessive_amount_for_type']
[2026-03-07T21:22:23.746+0000] {logging_mixin.py:188} INFO - 2026-03-07 21:22:23 [debug    ] Stored to S3                   key=scored/2026/03/07/CLM-F5CA546E1E70.json
[2026-03-07T21:22:23.773+0000] {logging_mixin.py:188} INFO - 2026-03-07 21:22:23 [debug    ] Lineage event recorded         claim_id=CLM-F5CA546E1E70 latency_ms=0.30875205993652344 source=tx_fraud_detection target=tx_enrichment
[2026-03-07T21:22:23.773+0000] {logging_mixin.py:188} INFO - 2026-03-07 21:22:23 [info     ] Claim enriched                 claim_id=CLM-F5CA546E1E70 fields=['policy', 'claimant_history', 'geo_risk', 'category_analysis', 'adjuster_recommendation', 'reserve_estimate'] latency_ms=0.31
[2026-03-07T21:22:23.779+0000] {logging_mixin.py:188} INFO - 2026-03-07 21:22:23 [debug    ] Stored to S3                   key=enriched/2026/03/07/CLM-F5CA546E1E70.json
[2026-03-07T21:22:23.796+0000] {logging_mixin.py:188} INFO - 2026-03-07 21:22:23 [debug    ] Lineage event recorded         claim_id=CLM-F5CA546E1E70 latency_ms=112.6699447631836 source=tx_enrichment target=sink_s3_datalake
[2026-03-07T21:22:23.814+0000] {logging_mixin.py:188} INFO - 2026-03-07 21:22:23 [debug    ] Stored to PostgreSQL           claim_id=CLM-F5CA546E1E70
[2026-03-07T21:22:23.830+0000] {logging_mixin.py:188} INFO - 2026-03-07 21:22:23 [debug    ] Lineage event recorded         claim_id=CLM-F5CA546E1E70 latency_ms=0 source=tx_enrichment target=sink_postgres
[2026-03-07T21:22:23.830+0000] {logging_mixin.py:188} INFO - 2026-03-07 21:22:23 [info     ] Processed 50 claims            throughput=4.35/s
[2026-03-07T21:22:23.838+0000] {logging_mixin.py:188} INFO - 2026-03-07 21:22:23 [info     ] Stream processor stopped. Total processed: 50
[2026-03-07T21:22:23.839+0000] {logging_mixin.py:188} INFO - Stream processing completed for 50 claims
[2026-03-07T21:22:23.840+0000] {python.py:201} INFO - Done. Returned value was: 50
[2026-03-07T21:22:23.887+0000] {taskinstance.py:1138} INFO - Marking task as SUCCESS. dag_id=insurance_claims_pipeline, task_id=stream_processing, execution_date=20260307T212206, start_date=20260307T212211, end_date=20260307T212223
[2026-03-07T21:22:23.915+0000] {local_task_job_runner.py:234} INFO - Task exited with return code 0
[2026-03-07T21:22:23.961+0000] {taskinstance.py:3280} INFO - 2 downstream tasks scheduled from follow-on schedule check
