[2026-03-07T21:22:30.100+0000] {taskinstance.py:1956} INFO - Dependencies all met for dep_context=non-requeueable deps ti=<TaskInstance: insurance_claims_pipeline.stream_processing manual__2026-03-07T21:22:20+00:00 [queued]>
[2026-03-07T21:22:30.107+0000] {taskinstance.py:1956} INFO - Dependencies all met for dep_context=requeueable deps ti=<TaskInstance: insurance_claims_pipeline.stream_processing manual__2026-03-07T21:22:20+00:00 [queued]>
[2026-03-07T21:22:30.107+0000] {taskinstance.py:2170} INFO - Starting attempt 1 of 3
[2026-03-07T21:22:30.116+0000] {taskinstance.py:2191} INFO - Executing <Task(PythonOperator): stream_processing> on 2026-03-07 21:22:20+00:00
[2026-03-07T21:22:30.119+0000] {standard_task_runner.py:60} INFO - Started process 1245 to run task
[2026-03-07T21:22:30.122+0000] {standard_task_runner.py:87} INFO - Running: ['airflow', 'tasks', 'run', 'insurance_claims_pipeline', 'stream_processing', 'manual__2026-03-07T21:22:20+00:00', '--job-id', '29', '--raw', '--subdir', 'DAGS_FOLDER/insurance_claims_pipeline.py', '--cfg-path', '/tmp/tmp89igk46_']
[2026-03-07T21:22:30.124+0000] {standard_task_runner.py:88} INFO - Job 29: Subtask stream_processing
[2026-03-07T21:22:30.166+0000] {task_command.py:423} INFO - Running <TaskInstance: insurance_claims_pipeline.stream_processing manual__2026-03-07T21:22:20+00:00 [running]> on host 9dc18f9f578f
[2026-03-07T21:22:30.228+0000] {taskinstance.py:2480} INFO - Exporting env vars: AIRFLOW_CTX_DAG_OWNER='insurance-pipeline-team' AIRFLOW_CTX_DAG_ID='insurance_claims_pipeline' AIRFLOW_CTX_TASK_ID='stream_processing' AIRFLOW_CTX_EXECUTION_DATE='2026-03-07T21:22:20+00:00' AIRFLOW_CTX_TRY_NUMBER='1' AIRFLOW_CTX_DAG_RUN_ID='manual__2026-03-07T21:22:20+00:00'
[2026-03-07T21:22:30.416+0000] {logging_mixin.py:188} INFO - 2026-03-07 21:22:30 [info     ] OTLP tracing exporter initialized endpoint=http://jaeger:4317
[2026-03-07T21:22:30.416+0000] {logging_mixin.py:188} INFO - 2026-03-07 21:22:30 [info     ] Tracing initialized            service=insurance-claims-pipeline
[2026-03-07T21:22:30.699+0000] {logging_mixin.py:188} INFO - 2026-03-07 21:22:30 [info     ] Stream processor started       max_messages=50 topic=insurance.claims.raw
[2026-03-07T21:22:33.775+0000] {logging_mixin.py:188} INFO - 2026-03-07 21:22:33 [debug    ] Lineage event recorded         claim_id=CLM-0A8DF6C45894 latency_ms=0.2040863037109375 source=src_claims_ingestion target=tx_validation
[2026-03-07T21:22:33.776+0000] {logging_mixin.py:188} INFO - 2026-03-07 21:22:33 [info     ] Claim validated                claim_id=CLM-0A8DF6C45894 errors=0 latency_ms=0.2 valid=True
[2026-03-07T21:22:33.788+0000] {logging_mixin.py:188} INFO - 2026-03-07 21:22:33 [debug    ] Stored to S3                   key=validated/2026/03/07/CLM-0A8DF6C45894.json
[2026-03-07T21:22:33.812+0000] {logging_mixin.py:188} INFO - 2026-03-07 21:22:33 [debug    ] Lineage event recorded         claim_id=CLM-0A8DF6C45894 latency_ms=0.15664100646972656 source=tx_validation target=tx_fraud_detection
[2026-03-07T21:22:33.812+0000] {logging_mixin.py:188} INFO - 2026-03-07 21:22:33 [info     ] Claim fraud scored             claim_id=CLM-0A8DF6C45894 fraud_score=0.1916 risk_level=low rules=['high_amount', 'weekend_filing']
[2026-03-07T21:22:33.817+0000] {logging_mixin.py:188} INFO - 2026-03-07 21:22:33 [debug    ] Stored to S3                   key=scored/2026/03/07/CLM-0A8DF6C45894.json
[2026-03-07T21:22:33.843+0000] {logging_mixin.py:188} INFO - 2026-03-07 21:22:33 [debug    ] Lineage event recorded         claim_id=CLM-0A8DF6C45894 latency_ms=0.2434253692626953 source=tx_fraud_detection target=tx_enrichment
[2026-03-07T21:22:33.844+0000] {logging_mixin.py:188} INFO - 2026-03-07 21:22:33 [info     ] Claim enriched                 claim_id=CLM-0A8DF6C45894 fields=['policy', 'claimant_history', 'geo_risk', 'category_analysis', 'adjuster_recommendation', 'reserve_estimate'] latency_ms=0.24
[2026-03-07T21:22:33.849+0000] {logging_mixin.py:188} INFO - 2026-03-07 21:22:33 [debug    ] Stored to S3                   key=enriched/2026/03/07/CLM-0A8DF6C45894.json
[2026-03-07T21:22:33.871+0000] {logging_mixin.py:188} INFO - 2026-03-07 21:22:33 [debug    ] Lineage event recorded         claim_id=CLM-0A8DF6C45894 latency_ms=130.1426887512207 source=tx_enrichment target=sink_s3_datalake
[2026-03-07T21:22:33.884+0000] {logging_mixin.py:188} INFO - 2026-03-07 21:22:33 [debug    ] Stored to PostgreSQL           claim_id=CLM-0A8DF6C45894
[2026-03-07T21:22:33.909+0000] {logging_mixin.py:188} INFO - 2026-03-07 21:22:33 [debug    ] Lineage event recorded         claim_id=CLM-0A8DF6C45894 latency_ms=0 source=tx_enrichment target=sink_postgres
[2026-03-07T21:22:33.923+0000] {logging_mixin.py:188} INFO - 2026-03-07 21:22:33 [debug    ] Lineage event recorded         claim_id=CLM-1FFA6AF57C50 latency_ms=0.12302398681640625 source=src_claims_ingestion target=tx_validation
[2026-03-07T21:22:33.923+0000] {logging_mixin.py:188} INFO - 2026-03-07 21:22:33 [info     ] Claim validated                claim_id=CLM-1FFA6AF57C50 errors=0 latency_ms=0.12 valid=True
[2026-03-07T21:22:33.928+0000] {logging_mixin.py:188} INFO - 2026-03-07 21:22:33 [debug    ] Stored to S3                   key=validated/2026/03/07/CLM-1FFA6AF57C50.json
[2026-03-07T21:22:33.940+0000] {logging_mixin.py:188} INFO - 2026-03-07 21:22:33 [debug    ] Lineage event recorded         claim_id=CLM-1FFA6AF57C50 latency_ms=0.07963180541992188 source=tx_validation target=tx_fraud_detection
[2026-03-07T21:22:33.941+0000] {logging_mixin.py:188} INFO - 2026-03-07 21:22:33 [info     ] Claim fraud scored             claim_id=CLM-1FFA6AF57C50 fraud_score=0.1135 risk_level=low rules=['weekend_filing', 'late_filing']
[2026-03-07T21:22:33.946+0000] {logging_mixin.py:188} INFO - 2026-03-07 21:22:33 [debug    ] Stored to S3                   key=scored/2026/03/07/CLM-1FFA6AF57C50.json
[2026-03-07T21:22:33.959+0000] {logging_mixin.py:188} INFO - 2026-03-07 21:22:33 [debug    ] Lineage event recorded         claim_id=CLM-1FFA6AF57C50 latency_ms=0.14734268188476562 source=tx_fraud_detection target=tx_enrichment
[2026-03-07T21:22:33.960+0000] {logging_mixin.py:188} INFO - 2026-03-07 21:22:33 [info     ] Claim enriched                 claim_id=CLM-1FFA6AF57C50 fields=['policy', 'claimant_history', 'geo_risk', 'category_analysis', 'adjuster_recommendation', 'reserve_estimate'] latency_ms=0.15
[2026-03-07T21:22:33.964+0000] {logging_mixin.py:188} INFO - 2026-03-07 21:22:33 [debug    ] Stored to S3                   key=enriched/2026/03/07/CLM-1FFA6AF57C50.json
[2026-03-07T21:22:33.978+0000] {logging_mixin.py:188} INFO - 2026-03-07 21:22:33 [debug    ] Lineage event recorded         claim_id=CLM-1FFA6AF57C50 latency_ms=55.069684982299805 source=tx_enrichment target=sink_s3_datalake
[2026-03-07T21:22:33.990+0000] {logging_mixin.py:188} INFO - 2026-03-07 21:22:33 [debug    ] Stored to PostgreSQL           claim_id=CLM-1FFA6AF57C50
[2026-03-07T21:22:34.001+0000] {logging_mixin.py:188} INFO - 2026-03-07 21:22:34 [debug    ] Lineage event recorded         claim_id=CLM-1FFA6AF57C50 latency_ms=0 source=tx_enrichment target=sink_postgres
[2026-03-07T21:22:34.014+0000] {logging_mixin.py:188} INFO - 2026-03-07 21:22:34 [debug    ] Lineage event recorded         claim_id=CLM-664FCCCFF7E4 latency_ms=0.06413459777832031 source=src_claims_ingestion target=tx_validation
[2026-03-07T21:22:34.014+0000] {logging_mixin.py:188} INFO - 2026-03-07 21:22:34 [info     ] Claim validated                claim_id=CLM-664FCCCFF7E4 errors=0 latency_ms=0.06 valid=True
[2026-03-07T21:22:34.019+0000] {logging_mixin.py:188} INFO - 2026-03-07 21:22:34 [debug    ] Stored to S3                   key=validated/2026/03/07/CLM-664FCCCFF7E4.json
[2026-03-07T21:22:34.032+0000] {logging_mixin.py:188} INFO - 2026-03-07 21:22:34 [debug    ] Lineage event recorded         claim_id=CLM-664FCCCFF7E4 latency_ms=0.08225440979003906 source=tx_validation target=tx_fraud_detection
[2026-03-07T21:22:34.033+0000] {logging_mixin.py:188} INFO - 2026-03-07 21:22:34 [info     ] Claim fraud scored             claim_id=CLM-664FCCCFF7E4 fraud_score=0.2662 risk_level=low rules=['high_amount', 'weekend_filing']
[2026-03-07T21:22:34.037+0000] {logging_mixin.py:188} INFO - 2026-03-07 21:22:34 [debug    ] Stored to S3                   key=scored/2026/03/07/CLM-664FCCCFF7E4.json
[2026-03-07T21:22:34.054+0000] {logging_mixin.py:188} INFO - 2026-03-07 21:22:34 [debug    ] Lineage event recorded         claim_id=CLM-664FCCCFF7E4 latency_ms=0.1552104949951172 source=tx_fraud_detection target=tx_enrichment
[2026-03-07T21:22:34.054+0000] {logging_mixin.py:188} INFO - 2026-03-07 21:22:34 [info     ] Claim enriched                 claim_id=CLM-664FCCCFF7E4 fields=['policy', 'claimant_history', 'geo_risk', 'category_analysis', 'adjuster_recommendation', 'reserve_estimate'] latency_ms=0.16
[2026-03-07T21:22:34.059+0000] {logging_mixin.py:188} INFO - 2026-03-07 21:22:34 [debug    ] Stored to S3                   key=enriched/2026/03/07/CLM-664FCCCFF7E4.json
[2026-03-07T21:22:34.070+0000] {logging_mixin.py:188} INFO - 2026-03-07 21:22:34 [debug    ] Lineage event recorded         claim_id=CLM-664FCCCFF7E4 latency_ms=57.12890625 source=tx_enrichment target=sink_s3_datalake
[2026-03-07T21:22:34.081+0000] {logging_mixin.py:188} INFO - 2026-03-07 21:22:34 [debug    ] Stored to PostgreSQL           claim_id=CLM-664FCCCFF7E4
[2026-03-07T21:22:34.093+0000] {logging_mixin.py:188} INFO - 2026-03-07 21:22:34 [debug    ] Lineage event recorded         claim_id=CLM-664FCCCFF7E4 latency_ms=0 source=tx_enrichment target=sink_postgres
[2026-03-07T21:22:34.103+0000] {logging_mixin.py:188} INFO - 2026-03-07 21:22:34 [debug    ] Lineage event recorded         claim_id=CLM-C40BB8500C06 latency_ms=0.06937980651855469 source=src_claims_ingestion target=tx_validation
[2026-03-07T21:22:34.103+0000] {logging_mixin.py:188} INFO - 2026-03-07 21:22:34 [info     ] Claim validated                claim_id=CLM-C40BB8500C06 errors=1 latency_ms=0.07 valid=False
[2026-03-07T21:22:34.108+0000] {logging_mixin.py:188} INFO - 2026-03-07 21:22:34 [debug    ] Stored to S3                   key=rejected/2026/03/07/CLM-C40BB8500C06.json
[2026-03-07T21:22:34.119+0000] {logging_mixin.py:188} INFO - 2026-03-07 21:22:34 [debug    ] Lineage event recorded         claim_id=CLM-54BED1276B70 latency_ms=0.05888938903808594 source=src_claims_ingestion target=tx_validation
[2026-03-07T21:22:34.119+0000] {logging_mixin.py:188} INFO - 2026-03-07 21:22:34 [info     ] Claim validated                claim_id=CLM-54BED1276B70 errors=0 latency_ms=0.06 valid=True
[2026-03-07T21:22:34.123+0000] {logging_mixin.py:188} INFO - 2026-03-07 21:22:34 [debug    ] Stored to S3                   key=validated/2026/03/07/CLM-54BED1276B70.json
[2026-03-07T21:22:34.134+0000] {logging_mixin.py:188} INFO - 2026-03-07 21:22:34 [debug    ] Lineage event recorded         claim_id=CLM-54BED1276B70 latency_ms=0.10466575622558594 source=tx_validation target=tx_fraud_detection
[2026-03-07T21:22:34.135+0000] {logging_mixin.py:188} INFO - 2026-03-07 21:22:34 [info     ] Claim fraud scored             claim_id=CLM-54BED1276B70 fraud_score=0.2139 risk_level=low rules=['high_amount', 'weekend_filing', 'late_filing']
[2026-03-07T21:22:34.139+0000] {logging_mixin.py:188} INFO - 2026-03-07 21:22:34 [debug    ] Stored to S3                   key=scored/2026/03/07/CLM-54BED1276B70.json
[2026-03-07T21:22:34.152+0000] {logging_mixin.py:188} INFO - 2026-03-07 21:22:34 [debug    ] Lineage event recorded         claim_id=CLM-54BED1276B70 latency_ms=0.13375282287597656 source=tx_fraud_detection target=tx_enrichment
[2026-03-07T21:22:34.152+0000] {logging_mixin.py:188} INFO - 2026-03-07 21:22:34 [info     ] Claim enriched                 claim_id=CLM-54BED1276B70 fields=['policy', 'claimant_history', 'geo_risk', 'category_analysis', 'adjuster_recommendation', 'reserve_estimate'] latency_ms=0.13
[2026-03-07T21:22:34.156+0000] {logging_mixin.py:188} INFO - 2026-03-07 21:22:34 [debug    ] Stored to S3                   key=enriched/2026/03/07/CLM-54BED1276B70.json
[2026-03-07T21:22:34.169+0000] {logging_mixin.py:188} INFO - 2026-03-07 21:22:34 [debug    ] Lineage event recorded         claim_id=CLM-54BED1276B70 latency_ms=48.887014389038086 source=tx_enrichment target=sink_s3_datalake
[2026-03-07T21:22:34.180+0000] {logging_mixin.py:188} INFO - 2026-03-07 21:22:34 [debug    ] Stored to PostgreSQL           claim_id=CLM-54BED1276B70
[2026-03-07T21:22:34.191+0000] {logging_mixin.py:188} INFO - 2026-03-07 21:22:34 [debug    ] Lineage event recorded         claim_id=CLM-54BED1276B70 latency_ms=0 source=tx_enrichment target=sink_postgres
[2026-03-07T21:22:34.202+0000] {logging_mixin.py:188} INFO - 2026-03-07 21:22:34 [debug    ] Lineage event recorded         claim_id=CLM-02FC4DAD43C2 latency_ms=0.06222724914550781 source=src_claims_ingestion target=tx_validation
[2026-03-07T21:22:34.202+0000] {logging_mixin.py:188} INFO - 2026-03-07 21:22:34 [info     ] Claim validated                claim_id=CLM-02FC4DAD43C2 errors=0 latency_ms=0.06 valid=True
[2026-03-07T21:22:34.207+0000] {logging_mixin.py:188} INFO - 2026-03-07 21:22:34 [debug    ] Stored to S3                   key=validated/2026/03/07/CLM-02FC4DAD43C2.json
[2026-03-07T21:22:34.218+0000] {logging_mixin.py:188} INFO - 2026-03-07 21:22:34 [debug    ] Lineage event recorded         claim_id=CLM-02FC4DAD43C2 latency_ms=0.07677078247070312 source=tx_validation target=tx_fraud_detection
[2026-03-07T21:22:34.218+0000] {logging_mixin.py:188} INFO - 2026-03-07 21:22:34 [info     ] Claim fraud scored             claim_id=CLM-02FC4DAD43C2 fraud_score=0.0968 risk_level=low rules=['weekend_filing', 'late_filing']
[2026-03-07T21:22:34.223+0000] {logging_mixin.py:188} INFO - 2026-03-07 21:22:34 [debug    ] Stored to S3                   key=scored/2026/03/07/CLM-02FC4DAD43C2.json
[2026-03-07T21:22:34.234+0000] {logging_mixin.py:188} INFO - 2026-03-07 21:22:34 [debug    ] Lineage event recorded         claim_id=CLM-02FC4DAD43C2 latency_ms=0.13566017150878906 source=tx_fraud_detection target=tx_enrichment
[2026-03-07T21:22:34.234+0000] {logging_mixin.py:188} INFO - 2026-03-07 21:22:34 [info     ] Claim enriched                 claim_id=CLM-02FC4DAD43C2 fields=['policy', 'claimant_history', 'geo_risk', 'category_analysis', 'adjuster_recommendation', 'reserve_estimate'] latency_ms=0.14
[2026-03-07T21:22:34.239+0000] {logging_mixin.py:188} INFO - 2026-03-07 21:22:34 [debug    ] Stored to S3                   key=enriched/2026/03/07/CLM-02FC4DAD43C2.json
[2026-03-07T21:22:34.250+0000] {logging_mixin.py:188} INFO - 2026-03-07 21:22:34 [debug    ] Lineage event recorded         claim_id=CLM-02FC4DAD43C2 latency_ms=47.31464385986328 source=tx_enrichment target=sink_s3_datalake
[2026-03-07T21:22:34.263+0000] {logging_mixin.py:188} INFO - 2026-03-07 21:22:34 [debug    ] Stored to PostgreSQL           claim_id=CLM-02FC4DAD43C2
[2026-03-07T21:22:34.276+0000] {logging_mixin.py:188} INFO - 2026-03-07 21:22:34 [debug    ] Lineage event recorded         claim_id=CLM-02FC4DAD43C2 latency_ms=0 source=tx_enrichment target=sink_postgres
[2026-03-07T21:22:34.287+0000] {logging_mixin.py:188} INFO - 2026-03-07 21:22:34 [debug    ] Lineage event recorded         claim_id=CLM-013B4419E008 latency_ms=0.05936622619628906 source=src_claims_ingestion target=tx_validation
[2026-03-07T21:22:34.288+0000] {logging_mixin.py:188} INFO - 2026-03-07 21:22:34 [info     ] Claim validated                claim_id=CLM-013B4419E008 errors=0 latency_ms=0.06 valid=True
[2026-03-07T21:22:34.294+0000] {logging_mixin.py:188} INFO - 2026-03-07 21:22:34 [debug    ] Stored to S3                   key=validated/2026/03/07/CLM-013B4419E008.json
[2026-03-07T21:22:34.311+0000] {logging_mixin.py:188} INFO - 2026-03-07 21:22:34 [debug    ] Lineage event recorded         claim_id=CLM-013B4419E008 latency_ms=0.09322166442871094 source=tx_validation target=tx_fraud_detection
[2026-03-07T21:22:34.311+0000] {logging_mixin.py:188} INFO - 2026-03-07 21:22:34 [info     ] Claim fraud scored             claim_id=CLM-013B4419E008 fraud_score=0.5121 risk_level=medium rules=['high_amount', 'weekend_filing', 'late_filing', 'excessive_amount_for_type']
[2026-03-07T21:22:34.318+0000] {logging_mixin.py:188} INFO - 2026-03-07 21:22:34 [debug    ] Stored to S3                   key=scored/2026/03/07/CLM-013B4419E008.json
[2026-03-07T21:22:34.334+0000] {logging_mixin.py:188} INFO - 2026-03-07 21:22:34 [debug    ] Lineage event recorded         claim_id=CLM-013B4419E008 latency_ms=0.1430511474609375 source=tx_fraud_detection target=tx_enrichment
[2026-03-07T21:22:34.334+0000] {logging_mixin.py:188} INFO - 2026-03-07 21:22:34 [info     ] Claim enriched                 claim_id=CLM-013B4419E008 fields=['policy', 'claimant_history', 'geo_risk', 'category_analysis', 'adjuster_recommendation', 'reserve_estimate'] latency_ms=0.14
[2026-03-07T21:22:34.340+0000] {logging_mixin.py:188} INFO - 2026-03-07 21:22:34 [debug    ] Stored to S3                   key=enriched/2026/03/07/CLM-013B4419E008.json
[2026-03-07T21:22:34.358+0000] {logging_mixin.py:188} INFO - 2026-03-07 21:22:34 [debug    ] Lineage event recorded         claim_id=CLM-013B4419E008 latency_ms=63.983917236328125 source=tx_enrichment target=sink_s3_datalake
[2026-03-07T21:22:34.373+0000] {logging_mixin.py:188} INFO - 2026-03-07 21:22:34 [debug    ] Stored to PostgreSQL           claim_id=CLM-013B4419E008
[2026-03-07T21:22:34.386+0000] {logging_mixin.py:188} INFO - 2026-03-07 21:22:34 [debug    ] Lineage event recorded         claim_id=CLM-013B4419E008 latency_ms=0 source=tx_enrichment target=sink_postgres
[2026-03-07T21:22:34.402+0000] {logging_mixin.py:188} INFO - 2026-03-07 21:22:34 [debug    ] Lineage event recorded         claim_id=CLM-7FFF58DC1EAC latency_ms=0.06937980651855469 source=src_claims_ingestion target=tx_validation
[2026-03-07T21:22:34.402+0000] {logging_mixin.py:188} INFO - 2026-03-07 21:22:34 [info     ] Claim validated                claim_id=CLM-7FFF58DC1EAC errors=0 latency_ms=0.07 valid=True
[2026-03-07T21:22:34.408+0000] {logging_mixin.py:188} INFO - 2026-03-07 21:22:34 [debug    ] Stored to S3                   key=validated/2026/03/07/CLM-7FFF58DC1EAC.json
[2026-03-07T21:22:34.419+0000] {logging_mixin.py:188} INFO - 2026-03-07 21:22:34 [debug    ] Lineage event recorded         claim_id=CLM-7FFF58DC1EAC latency_ms=0.09846687316894531 source=tx_validation target=tx_fraud_detection
[2026-03-07T21:22:34.420+0000] {logging_mixin.py:188} INFO - 2026-03-07 21:22:34 [info     ] Claim fraud scored             claim_id=CLM-7FFF58DC1EAC fraud_score=0.0953 risk_level=low rules=['weekend_filing', 'late_filing']
[2026-03-07T21:22:34.425+0000] {logging_mixin.py:188} INFO - 2026-03-07 21:22:34 [debug    ] Stored to S3                   key=scored/2026/03/07/CLM-7FFF58DC1EAC.json
[2026-03-07T21:22:34.443+0000] {logging_mixin.py:188} INFO - 2026-03-07 21:22:34 [debug    ] Lineage event recorded         claim_id=CLM-7FFF58DC1EAC latency_ms=0.14448165893554688 source=tx_fraud_detection target=tx_enrichment
[2026-03-07T21:22:34.444+0000] {logging_mixin.py:188} INFO - 2026-03-07 21:22:34 [info     ] Claim enriched                 claim_id=CLM-7FFF58DC1EAC fields=['policy', 'claimant_history', 'geo_risk', 'category_analysis', 'adjuster_recommendation', 'reserve_estimate'] latency_ms=0.14
[2026-03-07T21:22:34.450+0000] {logging_mixin.py:188} INFO - 2026-03-07 21:22:34 [debug    ] Stored to S3                   key=enriched/2026/03/07/CLM-7FFF58DC1EAC.json
[2026-03-07T21:22:34.465+0000] {logging_mixin.py:188} INFO - 2026-03-07 21:22:34 [debug    ] Lineage event recorded         claim_id=CLM-7FFF58DC1EAC latency_ms=63.42744827270508 source=tx_enrichment target=sink_s3_datalake
[2026-03-07T21:22:34.479+0000] {logging_mixin.py:188} INFO - 2026-03-07 21:22:34 [debug    ] Stored to PostgreSQL           claim_id=CLM-7FFF58DC1EAC
[2026-03-07T21:22:34.494+0000] {logging_mixin.py:188} INFO - 2026-03-07 21:22:34 [debug    ] Lineage event recorded         claim_id=CLM-7FFF58DC1EAC latency_ms=0 source=tx_enrichment target=sink_postgres
[2026-03-07T21:22:34.508+0000] {logging_mixin.py:188} INFO - 2026-03-07 21:22:34 [debug    ] Lineage event recorded         claim_id=CLM-57A63AAE8BDB latency_ms=0.07724761962890625 source=src_claims_ingestion target=tx_validation
[2026-03-07T21:22:34.508+0000] {logging_mixin.py:188} INFO - 2026-03-07 21:22:34 [info     ] Claim validated                claim_id=CLM-57A63AAE8BDB errors=0 latency_ms=0.08 valid=True
[2026-03-07T21:22:34.513+0000] {logging_mixin.py:188} INFO - 2026-03-07 21:22:34 [debug    ] Stored to S3                   key=validated/2026/03/07/CLM-57A63AAE8BDB.json
[2026-03-07T21:22:34.528+0000] {logging_mixin.py:188} INFO - 2026-03-07 21:22:34 [debug    ] Lineage event recorded         claim_id=CLM-57A63AAE8BDB latency_ms=0.08726119995117188 source=tx_validation target=tx_fraud_detection
[2026-03-07T21:22:34.528+0000] {logging_mixin.py:188} INFO - 2026-03-07 21:22:34 [info     ] Claim fraud scored             claim_id=CLM-57A63AAE8BDB fraud_score=0.093 risk_level=low rules=['weekend_filing', 'late_filing']
[2026-03-07T21:22:34.533+0000] {logging_mixin.py:188} INFO - 2026-03-07 21:22:34 [debug    ] Stored to S3                   key=scored/2026/03/07/CLM-57A63AAE8BDB.json
[2026-03-07T21:22:34.556+0000] {logging_mixin.py:188} INFO - 2026-03-07 21:22:34 [debug    ] Lineage event recorded         claim_id=CLM-57A63AAE8BDB latency_ms=0.15234947204589844 source=tx_fraud_detection target=tx_enrichment
[2026-03-07T21:22:34.556+0000] {logging_mixin.py:188} INFO - 2026-03-07 21:22:34 [info     ] Claim enriched                 claim_id=CLM-57A63AAE8BDB fields=['policy', 'claimant_history', 'geo_risk', 'category_analysis', 'adjuster_recommendation', 'reserve_estimate'] latency_ms=0.15
[2026-03-07T21:22:34.562+0000] {logging_mixin.py:188} INFO - 2026-03-07 21:22:34 [debug    ] Stored to S3                   key=enriched/2026/03/07/CLM-57A63AAE8BDB.json
[2026-03-07T21:22:34.580+0000] {logging_mixin.py:188} INFO - 2026-03-07 21:22:34 [debug    ] Lineage event recorded         claim_id=CLM-57A63AAE8BDB latency_ms=67.47841835021973 source=tx_enrichment target=sink_s3_datalake
[2026-03-07T21:22:34.593+0000] {logging_mixin.py:188} INFO - 2026-03-07 21:22:34 [debug    ] Stored to PostgreSQL           claim_id=CLM-57A63AAE8BDB
[2026-03-07T21:22:34.606+0000] {logging_mixin.py:188} INFO - 2026-03-07 21:22:34 [debug    ] Lineage event recorded         claim_id=CLM-57A63AAE8BDB latency_ms=0 source=tx_enrichment target=sink_postgres
[2026-03-07T21:22:34.619+0000] {logging_mixin.py:188} INFO - 2026-03-07 21:22:34 [debug    ] Lineage event recorded         claim_id=CLM-FADE42973859 latency_ms=0.06866455078125 source=src_claims_ingestion target=tx_validation
[2026-03-07T21:22:34.619+0000] {logging_mixin.py:188} INFO - 2026-03-07 21:22:34 [info     ] Claim validated                claim_id=CLM-FADE42973859 errors=0 latency_ms=0.07 valid=True
[2026-03-07T21:22:34.624+0000] {logging_mixin.py:188} INFO - 2026-03-07 21:22:34 [debug    ] Stored to S3                   key=validated/2026/03/07/CLM-FADE42973859.json
[2026-03-07T21:22:34.637+0000] {logging_mixin.py:188} INFO - 2026-03-07 21:22:34 [debug    ] Lineage event recorded         claim_id=CLM-FADE42973859 latency_ms=0.08487701416015625 source=tx_validation target=tx_fraud_detection
[2026-03-07T21:22:34.637+0000] {logging_mixin.py:188} INFO - 2026-03-07 21:22:34 [info     ] Claim fraud scored             claim_id=CLM-FADE42973859 fraud_score=0.2025 risk_level=low rules=['high_amount', 'weekend_filing']
[2026-03-07T21:22:34.642+0000] {logging_mixin.py:188} INFO - 2026-03-07 21:22:34 [debug    ] Stored to S3                   key=scored/2026/03/07/CLM-FADE42973859.json
[2026-03-07T21:22:34.655+0000] {logging_mixin.py:188} INFO - 2026-03-07 21:22:34 [debug    ] Lineage event recorded         claim_id=CLM-FADE42973859 latency_ms=0.1392364501953125 source=tx_fraud_detection target=tx_enrichment
[2026-03-07T21:22:34.656+0000] {logging_mixin.py:188} INFO - 2026-03-07 21:22:34 [info     ] Claim enriched                 claim_id=CLM-FADE42973859 fields=['policy', 'claimant_history', 'geo_risk', 'category_analysis', 'adjuster_recommendation', 'reserve_estimate'] latency_ms=0.14
[2026-03-07T21:22:34.660+0000] {logging_mixin.py:188} INFO - 2026-03-07 21:22:34 [debug    ] Stored to S3                   key=enriched/2026/03/07/CLM-FADE42973859.json
[2026-03-07T21:22:34.674+0000] {logging_mixin.py:188} INFO - 2026-03-07 21:22:34 [debug    ] Lineage event recorded         claim_id=CLM-FADE42973859 latency_ms=54.19564247131348 source=tx_enrichment target=sink_s3_datalake
[2026-03-07T21:22:34.685+0000] {logging_mixin.py:188} INFO - 2026-03-07 21:22:34 [debug    ] Stored to PostgreSQL           claim_id=CLM-FADE42973859
[2026-03-07T21:22:34.697+0000] {logging_mixin.py:188} INFO - 2026-03-07 21:22:34 [debug    ] Lineage event recorded         claim_id=CLM-FADE42973859 latency_ms=0 source=tx_enrichment target=sink_postgres
[2026-03-07T21:22:34.697+0000] {logging_mixin.py:188} INFO - 2026-03-07 21:22:34 [info     ] Processed 10 claims            throughput=2.50/s
[2026-03-07T21:22:34.709+0000] {logging_mixin.py:188} INFO - 2026-03-07 21:22:34 [debug    ] Lineage event recorded         claim_id=CLM-3B1D9653EA60 latency_ms=0.0591278076171875 source=src_claims_ingestion target=tx_validation
[2026-03-07T21:22:34.709+0000] {logging_mixin.py:188} INFO - 2026-03-07 21:22:34 [info     ] Claim validated                claim_id=CLM-3B1D9653EA60 errors=0 latency_ms=0.06 valid=True
[2026-03-07T21:22:34.714+0000] {logging_mixin.py:188} INFO - 2026-03-07 21:22:34 [debug    ] Stored to S3                   key=validated/2026/03/07/CLM-3B1D9653EA60.json
[2026-03-07T21:22:34.727+0000] {logging_mixin.py:188} INFO - 2026-03-07 21:22:34 [debug    ] Lineage event recorded         claim_id=CLM-3B1D9653EA60 latency_ms=0.07772445678710938 source=tx_validation target=tx_fraud_detection
[2026-03-07T21:22:34.728+0000] {logging_mixin.py:188} INFO - 2026-03-07 21:22:34 [info     ] Claim fraud scored             claim_id=CLM-3B1D9653EA60 fraud_score=0.1124 risk_level=low rules=['weekend_filing', 'late_filing']
[2026-03-07T21:22:34.731+0000] {logging_mixin.py:188} INFO - 2026-03-07 21:22:34 [debug    ] Stored to S3                   key=scored/2026/03/07/CLM-3B1D9653EA60.json
[2026-03-07T21:22:34.743+0000] {logging_mixin.py:188} INFO - 2026-03-07 21:22:34 [debug    ] Lineage event recorded         claim_id=CLM-3B1D9653EA60 latency_ms=0.12159347534179688 source=tx_fraud_detection target=tx_enrichment
[2026-03-07T21:22:34.744+0000] {logging_mixin.py:188} INFO - 2026-03-07 21:22:34 [info     ] Claim enriched                 claim_id=CLM-3B1D9653EA60 fields=['policy', 'claimant_history', 'geo_risk', 'category_analysis', 'adjuster_recommendation', 'reserve_estimate'] latency_ms=0.12
[2026-03-07T21:22:34.748+0000] {logging_mixin.py:188} INFO - 2026-03-07 21:22:34 [debug    ] Stored to S3                   key=enriched/2026/03/07/CLM-3B1D9653EA60.json
[2026-03-07T21:22:34.760+0000] {logging_mixin.py:188} INFO - 2026-03-07 21:22:34 [debug    ] Lineage event recorded         claim_id=CLM-3B1D9653EA60 latency_ms=50.4765510559082 source=tx_enrichment target=sink_s3_datalake
[2026-03-07T21:22:34.771+0000] {logging_mixin.py:188} INFO - 2026-03-07 21:22:34 [debug    ] Stored to PostgreSQL           claim_id=CLM-3B1D9653EA60
[2026-03-07T21:22:34.786+0000] {logging_mixin.py:188} INFO - 2026-03-07 21:22:34 [debug    ] Lineage event recorded         claim_id=CLM-3B1D9653EA60 latency_ms=0 source=tx_enrichment target=sink_postgres
[2026-03-07T21:22:34.797+0000] {logging_mixin.py:188} INFO - 2026-03-07 21:22:34 [debug    ] Lineage event recorded         claim_id=CLM-BA67731102CC latency_ms=0.061511993408203125 source=src_claims_ingestion target=tx_validation
[2026-03-07T21:22:34.798+0000] {logging_mixin.py:188} INFO - 2026-03-07 21:22:34 [info     ] Claim validated                claim_id=CLM-BA67731102CC errors=0 latency_ms=0.06 valid=True
[2026-03-07T21:22:34.802+0000] {logging_mixin.py:188} INFO - 2026-03-07 21:22:34 [debug    ] Stored to S3                   key=validated/2026/03/07/CLM-BA67731102CC.json
[2026-03-07T21:22:34.813+0000] {logging_mixin.py:188} INFO - 2026-03-07 21:22:34 [debug    ] Lineage event recorded         claim_id=CLM-BA67731102CC latency_ms=0.07915496826171875 source=tx_validation target=tx_fraud_detection
[2026-03-07T21:22:34.813+0000] {logging_mixin.py:188} INFO - 2026-03-07 21:22:34 [info     ] Claim fraud scored             claim_id=CLM-BA67731102CC fraud_score=0.2588 risk_level=low rules=['high_amount', 'weekend_filing', 'late_filing']
[2026-03-07T21:22:34.817+0000] {logging_mixin.py:188} INFO - 2026-03-07 21:22:34 [debug    ] Stored to S3                   key=scored/2026/03/07/CLM-BA67731102CC.json
[2026-03-07T21:22:34.829+0000] {logging_mixin.py:188} INFO - 2026-03-07 21:22:34 [debug    ] Lineage event recorded         claim_id=CLM-BA67731102CC latency_ms=0.12469291687011719 source=tx_fraud_detection target=tx_enrichment
[2026-03-07T21:22:34.829+0000] {logging_mixin.py:188} INFO - 2026-03-07 21:22:34 [info     ] Claim enriched                 claim_id=CLM-BA67731102CC fields=['policy', 'claimant_history', 'geo_risk', 'category_analysis', 'adjuster_recommendation', 'reserve_estimate'] latency_ms=0.12
[2026-03-07T21:22:34.833+0000] {logging_mixin.py:188} INFO - 2026-03-07 21:22:34 [debug    ] Stored to S3                   key=enriched/2026/03/07/CLM-BA67731102CC.json
[2026-03-07T21:22:34.844+0000] {logging_mixin.py:188} INFO - 2026-03-07 21:22:34 [debug    ] Lineage event recorded         claim_id=CLM-BA67731102CC latency_ms=46.51451110839844 source=tx_enrichment target=sink_s3_datalake
[2026-03-07T21:22:34.855+0000] {logging_mixin.py:188} INFO - 2026-03-07 21:22:34 [debug    ] Stored to PostgreSQL           claim_id=CLM-BA67731102CC
[2026-03-07T21:22:34.865+0000] {logging_mixin.py:188} INFO - 2026-03-07 21:22:34 [debug    ] Lineage event recorded         claim_id=CLM-BA67731102CC latency_ms=0 source=tx_enrichment target=sink_postgres
[2026-03-07T21:22:34.876+0000] {logging_mixin.py:188} INFO - 2026-03-07 21:22:34 [debug    ] Lineage event recorded         claim_id=CLM-CE98C84CE9F3 latency_ms=0.060558319091796875 source=src_claims_ingestion target=tx_validation
[2026-03-07T21:22:34.876+0000] {logging_mixin.py:188} INFO - 2026-03-07 21:22:34 [info     ] Claim validated                claim_id=CLM-CE98C84CE9F3 errors=0 latency_ms=0.06 valid=True
[2026-03-07T21:22:34.880+0000] {logging_mixin.py:188} INFO - 2026-03-07 21:22:34 [debug    ] Stored to S3                   key=validated/2026/03/07/CLM-CE98C84CE9F3.json
[2026-03-07T21:22:34.891+0000] {logging_mixin.py:188} INFO - 2026-03-07 21:22:34 [debug    ] Lineage event recorded         claim_id=CLM-CE98C84CE9F3 latency_ms=0.07152557373046875 source=tx_validation target=tx_fraud_detection
[2026-03-07T21:22:34.891+0000] {logging_mixin.py:188} INFO - 2026-03-07 21:22:34 [info     ] Claim fraud scored             claim_id=CLM-CE98C84CE9F3 fraud_score=0.1028 risk_level=low rules=['weekend_filing', 'late_filing']
[2026-03-07T21:22:34.895+0000] {logging_mixin.py:188} INFO - 2026-03-07 21:22:34 [debug    ] Stored to S3                   key=scored/2026/03/07/CLM-CE98C84CE9F3.json
[2026-03-07T21:22:34.907+0000] {logging_mixin.py:188} INFO - 2026-03-07 21:22:34 [debug    ] Lineage event recorded         claim_id=CLM-CE98C84CE9F3 latency_ms=0.11301040649414062 source=tx_fraud_detection target=tx_enrichment
[2026-03-07T21:22:34.908+0000] {logging_mixin.py:188} INFO - 2026-03-07 21:22:34 [info     ] Claim enriched                 claim_id=CLM-CE98C84CE9F3 fields=['policy', 'claimant_history', 'geo_risk', 'category_analysis', 'adjuster_recommendation', 'reserve_estimate'] latency_ms=0.11
[2026-03-07T21:22:34.912+0000] {logging_mixin.py:188} INFO - 2026-03-07 21:22:34 [debug    ] Stored to S3                   key=enriched/2026/03/07/CLM-CE98C84CE9F3.json
[2026-03-07T21:22:34.924+0000] {logging_mixin.py:188} INFO - 2026-03-07 21:22:34 [debug    ] Lineage event recorded         claim_id=CLM-CE98C84CE9F3 latency_ms=47.19829559326172 source=tx_enrichment target=sink_s3_datalake
[2026-03-07T21:22:34.934+0000] {logging_mixin.py:188} INFO - 2026-03-07 21:22:34 [debug    ] Stored to PostgreSQL           claim_id=CLM-CE98C84CE9F3
[2026-03-07T21:22:34.945+0000] {logging_mixin.py:188} INFO - 2026-03-07 21:22:34 [debug    ] Lineage event recorded         claim_id=CLM-CE98C84CE9F3 latency_ms=0 source=tx_enrichment target=sink_postgres
[2026-03-07T21:22:34.957+0000] {logging_mixin.py:188} INFO - 2026-03-07 21:22:34 [debug    ] Lineage event recorded         claim_id=CLM-2D2B842DE819 latency_ms=0.07748603820800781 source=src_claims_ingestion target=tx_validation
[2026-03-07T21:22:34.958+0000] {logging_mixin.py:188} INFO - 2026-03-07 21:22:34 [info     ] Claim validated                claim_id=CLM-2D2B842DE819 errors=0 latency_ms=0.08 valid=True
[2026-03-07T21:22:34.962+0000] {logging_mixin.py:188} INFO - 2026-03-07 21:22:34 [debug    ] Stored to S3                   key=validated/2026/03/07/CLM-2D2B842DE819.json
[2026-03-07T21:22:34.973+0000] {logging_mixin.py:188} INFO - 2026-03-07 21:22:34 [debug    ] Lineage event recorded         claim_id=CLM-2D2B842DE819 latency_ms=0.08177757263183594 source=tx_validation target=tx_fraud_detection
[2026-03-07T21:22:34.973+0000] {logging_mixin.py:188} INFO - 2026-03-07 21:22:34 [info     ] Claim fraud scored             claim_id=CLM-2D2B842DE819 fraud_score=0.5497 risk_level=medium rules=['high_amount', 'weekend_filing', 'late_filing', 'excessive_amount_for_type']
[2026-03-07T21:22:34.977+0000] {logging_mixin.py:188} INFO - 2026-03-07 21:22:34 [debug    ] Stored to S3                   key=scored/2026/03/07/CLM-2D2B842DE819.json
[2026-03-07T21:22:34.988+0000] {logging_mixin.py:188} INFO - 2026-03-07 21:22:34 [debug    ] Lineage event recorded         claim_id=CLM-2D2B842DE819 latency_ms=0.11420249938964844 source=tx_fraud_detection target=tx_enrichment
[2026-03-07T21:22:34.988+0000] {logging_mixin.py:188} INFO - 2026-03-07 21:22:34 [info     ] Claim enriched                 claim_id=CLM-2D2B842DE819 fields=['policy', 'claimant_history', 'geo_risk', 'category_analysis', 'adjuster_recommendation', 'reserve_estimate'] latency_ms=0.11
[2026-03-07T21:22:34.993+0000] {logging_mixin.py:188} INFO - 2026-03-07 21:22:34 [debug    ] Stored to S3                   key=enriched/2026/03/07/CLM-2D2B842DE819.json
[2026-03-07T21:22:35.008+0000] {logging_mixin.py:188} INFO - 2026-03-07 21:22:35 [debug    ] Lineage event recorded         claim_id=CLM-2D2B842DE819 latency_ms=47.70970344543457 source=tx_enrichment target=sink_s3_datalake
[2026-03-07T21:22:35.019+0000] {logging_mixin.py:188} INFO - 2026-03-07 21:22:35 [debug    ] Stored to PostgreSQL           claim_id=CLM-2D2B842DE819
[2026-03-07T21:22:35.030+0000] {logging_mixin.py:188} INFO - 2026-03-07 21:22:35 [debug    ] Lineage event recorded         claim_id=CLM-2D2B842DE819 latency_ms=0 source=tx_enrichment target=sink_postgres
[2026-03-07T21:22:35.041+0000] {logging_mixin.py:188} INFO - 2026-03-07 21:22:35 [debug    ] Lineage event recorded         claim_id=CLM-D6489A1B6072 latency_ms=0.05650520324707031 source=src_claims_ingestion target=tx_validation
[2026-03-07T21:22:35.042+0000] {logging_mixin.py:188} INFO - 2026-03-07 21:22:35 [info     ] Claim validated                claim_id=CLM-D6489A1B6072 errors=0 latency_ms=0.06 valid=True
[2026-03-07T21:22:35.045+0000] {logging_mixin.py:188} INFO - 2026-03-07 21:22:35 [debug    ] Stored to S3                   key=validated/2026/03/07/CLM-D6489A1B6072.json
[2026-03-07T21:22:35.056+0000] {logging_mixin.py:188} INFO - 2026-03-07 21:22:35 [debug    ] Lineage event recorded         claim_id=CLM-D6489A1B6072 latency_ms=0.06985664367675781 source=tx_validation target=tx_fraud_detection
[2026-03-07T21:22:35.057+0000] {logging_mixin.py:188} INFO - 2026-03-07 21:22:35 [info     ] Claim fraud scored             claim_id=CLM-D6489A1B6072 fraud_score=0.4767 risk_level=medium rules=['high_amount', 'weekend_filing', 'late_filing', 'excessive_amount_for_type']
[2026-03-07T21:22:35.060+0000] {logging_mixin.py:188} INFO - 2026-03-07 21:22:35 [debug    ] Stored to S3                   key=scored/2026/03/07/CLM-D6489A1B6072.json
[2026-03-07T21:22:35.071+0000] {logging_mixin.py:188} INFO - 2026-03-07 21:22:35 [debug    ] Lineage event recorded         claim_id=CLM-D6489A1B6072 latency_ms=0.1251697540283203 source=tx_fraud_detection target=tx_enrichment
[2026-03-07T21:22:35.071+0000] {logging_mixin.py:188} INFO - 2026-03-07 21:22:35 [info     ] Claim enriched                 claim_id=CLM-D6489A1B6072 fields=['policy', 'claimant_history', 'geo_risk', 'category_analysis', 'adjuster_recommendation', 'reserve_estimate'] latency_ms=0.13
[2026-03-07T21:22:35.076+0000] {logging_mixin.py:188} INFO - 2026-03-07 21:22:35 [debug    ] Stored to S3                   key=enriched/2026/03/07/CLM-D6489A1B6072.json
[2026-03-07T21:22:35.088+0000] {logging_mixin.py:188} INFO - 2026-03-07 21:22:35 [debug    ] Lineage event recorded         claim_id=CLM-D6489A1B6072 latency_ms=45.25637626647949 source=tx_enrichment target=sink_s3_datalake
[2026-03-07T21:22:35.098+0000] {logging_mixin.py:188} INFO - 2026-03-07 21:22:35 [debug    ] Stored to PostgreSQL           claim_id=CLM-D6489A1B6072
[2026-03-07T21:22:35.108+0000] {logging_mixin.py:188} INFO - 2026-03-07 21:22:35 [debug    ] Lineage event recorded         claim_id=CLM-D6489A1B6072 latency_ms=0 source=tx_enrichment target=sink_postgres
[2026-03-07T21:22:35.120+0000] {logging_mixin.py:188} INFO - 2026-03-07 21:22:35 [debug    ] Lineage event recorded         claim_id=CLM-131A08F94E6D latency_ms=0.07843971252441406 source=src_claims_ingestion target=tx_validation
[2026-03-07T21:22:35.120+0000] {logging_mixin.py:188} INFO - 2026-03-07 21:22:35 [info     ] Claim validated                claim_id=CLM-131A08F94E6D errors=1 latency_ms=0.08 valid=False
[2026-03-07T21:22:35.124+0000] {logging_mixin.py:188} INFO - 2026-03-07 21:22:35 [debug    ] Stored to S3                   key=rejected/2026/03/07/CLM-131A08F94E6D.json
[2026-03-07T21:22:35.142+0000] {logging_mixin.py:188} INFO - 2026-03-07 21:22:35 [debug    ] Lineage event recorded         claim_id=CLM-A486B7D2EDBB latency_ms=0.0591278076171875 source=src_claims_ingestion target=tx_validation
[2026-03-07T21:22:35.143+0000] {logging_mixin.py:188} INFO - 2026-03-07 21:22:35 [info     ] Claim validated                claim_id=CLM-A486B7D2EDBB errors=0 latency_ms=0.06 valid=True
[2026-03-07T21:22:35.151+0000] {logging_mixin.py:188} INFO - 2026-03-07 21:22:35 [debug    ] Stored to S3                   key=validated/2026/03/07/CLM-A486B7D2EDBB.json
[2026-03-07T21:22:35.169+0000] {logging_mixin.py:188} INFO - 2026-03-07 21:22:35 [debug    ] Lineage event recorded         claim_id=CLM-A486B7D2EDBB latency_ms=0.1163482666015625 source=tx_validation target=tx_fraud_detection
[2026-03-07T21:22:35.169+0000] {logging_mixin.py:188} INFO - 2026-03-07 21:22:35 [info     ] Claim fraud scored             claim_id=CLM-A486B7D2EDBB fraud_score=0.0759 risk_level=low rules=['weekend_filing']
[2026-03-07T21:22:35.176+0000] {logging_mixin.py:188} INFO - 2026-03-07 21:22:35 [debug    ] Stored to S3                   key=scored/2026/03/07/CLM-A486B7D2EDBB.json
[2026-03-07T21:22:35.191+0000] {logging_mixin.py:188} INFO - 2026-03-07 21:22:35 [debug    ] Lineage event recorded         claim_id=CLM-A486B7D2EDBB latency_ms=0.1380443572998047 source=tx_fraud_detection target=tx_enrichment
[2026-03-07T21:22:35.192+0000] {logging_mixin.py:188} INFO - 2026-03-07 21:22:35 [info     ] Claim enriched                 claim_id=CLM-A486B7D2EDBB fields=['policy', 'claimant_history', 'geo_risk', 'category_analysis', 'adjuster_recommendation', 'reserve_estimate'] latency_ms=0.14
[2026-03-07T21:22:35.200+0000] {logging_mixin.py:188} INFO - 2026-03-07 21:22:35 [debug    ] Stored to S3                   key=enriched/2026/03/07/CLM-A486B7D2EDBB.json
[2026-03-07T21:22:35.219+0000] {logging_mixin.py:188} INFO - 2026-03-07 21:22:35 [debug    ] Lineage event recorded         claim_id=CLM-A486B7D2EDBB latency_ms=76.51782035827637 source=tx_enrichment target=sink_s3_datalake
[2026-03-07T21:22:35.234+0000] {logging_mixin.py:188} INFO - 2026-03-07 21:22:35 [debug    ] Stored to PostgreSQL           claim_id=CLM-A486B7D2EDBB
[2026-03-07T21:22:35.250+0000] {logging_mixin.py:188} INFO - 2026-03-07 21:22:35 [debug    ] Lineage event recorded         claim_id=CLM-A486B7D2EDBB latency_ms=0 source=tx_enrichment target=sink_postgres
[2026-03-07T21:22:35.262+0000] {logging_mixin.py:188} INFO - 2026-03-07 21:22:35 [debug    ] Lineage event recorded         claim_id=CLM-E7CD442F64EC latency_ms=0.06175041198730469 source=src_claims_ingestion target=tx_validation
[2026-03-07T21:22:35.262+0000] {logging_mixin.py:188} INFO - 2026-03-07 21:22:35 [info     ] Claim validated                claim_id=CLM-E7CD442F64EC errors=0 latency_ms=0.06 valid=True
[2026-03-07T21:22:35.266+0000] {logging_mixin.py:188} INFO - 2026-03-07 21:22:35 [debug    ] Stored to S3                   key=validated/2026/03/07/CLM-E7CD442F64EC.json
[2026-03-07T21:22:35.278+0000] {logging_mixin.py:188} INFO - 2026-03-07 21:22:35 [debug    ] Lineage event recorded         claim_id=CLM-E7CD442F64EC latency_ms=0.07104873657226562 source=tx_validation target=tx_fraud_detection
[2026-03-07T21:22:35.278+0000] {logging_mixin.py:188} INFO - 2026-03-07 21:22:35 [info     ] Claim fraud scored             claim_id=CLM-E7CD442F64EC fraud_score=0.2529 risk_level=low rules=['high_amount', 'weekend_filing', 'late_filing']
[2026-03-07T21:22:35.282+0000] {logging_mixin.py:188} INFO - 2026-03-07 21:22:35 [debug    ] Stored to S3                   key=scored/2026/03/07/CLM-E7CD442F64EC.json
[2026-03-07T21:22:35.293+0000] {logging_mixin.py:188} INFO - 2026-03-07 21:22:35 [debug    ] Lineage event recorded         claim_id=CLM-E7CD442F64EC latency_ms=0.1201629638671875 source=tx_fraud_detection target=tx_enrichment
[2026-03-07T21:22:35.294+0000] {logging_mixin.py:188} INFO - 2026-03-07 21:22:35 [info     ] Claim enriched                 claim_id=CLM-E7CD442F64EC fields=['policy', 'claimant_history', 'geo_risk', 'category_analysis', 'adjuster_recommendation', 'reserve_estimate'] latency_ms=0.12
[2026-03-07T21:22:35.298+0000] {logging_mixin.py:188} INFO - 2026-03-07 21:22:35 [debug    ] Stored to S3                   key=enriched/2026/03/07/CLM-E7CD442F64EC.json
[2026-03-07T21:22:35.311+0000] {logging_mixin.py:188} INFO - 2026-03-07 21:22:35 [debug    ] Lineage event recorded         claim_id=CLM-E7CD442F64EC latency_ms=47.83225059509277 source=tx_enrichment target=sink_s3_datalake
[2026-03-07T21:22:35.328+0000] {logging_mixin.py:188} INFO - 2026-03-07 21:22:35 [debug    ] Stored to PostgreSQL           claim_id=CLM-E7CD442F64EC
[2026-03-07T21:22:35.341+0000] {logging_mixin.py:188} INFO - 2026-03-07 21:22:35 [debug    ] Lineage event recorded         claim_id=CLM-E7CD442F64EC latency_ms=0 source=tx_enrichment target=sink_postgres
[2026-03-07T21:22:35.355+0000] {logging_mixin.py:188} INFO - 2026-03-07 21:22:35 [debug    ] Lineage event recorded         claim_id=CLM-BB4710BA6805 latency_ms=0.0782012939453125 source=src_claims_ingestion target=tx_validation
[2026-03-07T21:22:35.355+0000] {logging_mixin.py:188} INFO - 2026-03-07 21:22:35 [info     ] Claim validated                claim_id=CLM-BB4710BA6805 errors=0 latency_ms=0.08 valid=True
[2026-03-07T21:22:35.360+0000] {logging_mixin.py:188} INFO - 2026-03-07 21:22:35 [debug    ] Stored to S3                   key=validated/2026/03/07/CLM-BB4710BA6805.json
[2026-03-07T21:22:35.373+0000] {logging_mixin.py:188} INFO - 2026-03-07 21:22:35 [debug    ] Lineage event recorded         claim_id=CLM-BB4710BA6805 latency_ms=0.08082389831542969 source=tx_validation target=tx_fraud_detection
[2026-03-07T21:22:35.373+0000] {logging_mixin.py:188} INFO - 2026-03-07 21:22:35 [info     ] Claim fraud scored             claim_id=CLM-BB4710BA6805 fraud_score=0.3208 risk_level=medium rules=['high_amount', 'weekend_filing', 'late_filing']
[2026-03-07T21:22:35.378+0000] {logging_mixin.py:188} INFO - 2026-03-07 21:22:35 [debug    ] Stored to S3                   key=scored/2026/03/07/CLM-BB4710BA6805.json
[2026-03-07T21:22:35.391+0000] {logging_mixin.py:188} INFO - 2026-03-07 21:22:35 [debug    ] Lineage event recorded         claim_id=CLM-BB4710BA6805 latency_ms=0.13136863708496094 source=tx_fraud_detection target=tx_enrichment
[2026-03-07T21:22:35.391+0000] {logging_mixin.py:188} INFO - 2026-03-07 21:22:35 [info     ] Claim enriched                 claim_id=CLM-BB4710BA6805 fields=['policy', 'claimant_history', 'geo_risk', 'category_analysis', 'adjuster_recommendation', 'reserve_estimate'] latency_ms=0.13
[2026-03-07T21:22:35.396+0000] {logging_mixin.py:188} INFO - 2026-03-07 21:22:35 [debug    ] Stored to S3                   key=enriched/2026/03/07/CLM-BB4710BA6805.json
[2026-03-07T21:22:35.409+0000] {logging_mixin.py:188} INFO - 2026-03-07 21:22:35 [debug    ] Lineage event recorded         claim_id=CLM-BB4710BA6805 latency_ms=54.379940032958984 source=tx_enrichment target=sink_s3_datalake
[2026-03-07T21:22:35.432+0000] {logging_mixin.py:188} INFO - 2026-03-07 21:22:35 [debug    ] Stored to PostgreSQL           claim_id=CLM-BB4710BA6805
[2026-03-07T21:22:35.451+0000] {logging_mixin.py:188} INFO - 2026-03-07 21:22:35 [debug    ] Lineage event recorded         claim_id=CLM-BB4710BA6805 latency_ms=0 source=tx_enrichment target=sink_postgres
[2026-03-07T21:22:35.484+0000] {logging_mixin.py:188} INFO - 2026-03-07 21:22:35 [debug    ] Lineage event recorded         claim_id=CLM-3AD0E28CD2D8 latency_ms=0.10561943054199219 source=src_claims_ingestion target=tx_validation
[2026-03-07T21:22:35.485+0000] {logging_mixin.py:188} INFO - 2026-03-07 21:22:35 [info     ] Claim validated                claim_id=CLM-3AD0E28CD2D8 errors=1 latency_ms=0.11 valid=False
[2026-03-07T21:22:35.492+0000] {logging_mixin.py:188} INFO - 2026-03-07 21:22:35 [debug    ] Stored to S3                   key=rejected/2026/03/07/CLM-3AD0E28CD2D8.json
[2026-03-07T21:22:35.492+0000] {logging_mixin.py:188} INFO - 2026-03-07 21:22:35 [info     ] Processed 20 claims            throughput=4.17/s
[2026-03-07T21:22:35.508+0000] {logging_mixin.py:188} INFO - 2026-03-07 21:22:35 [debug    ] Lineage event recorded         claim_id=CLM-5A55D572A313 latency_ms=0.08821487426757812 source=src_claims_ingestion target=tx_validation
[2026-03-07T21:22:35.508+0000] {logging_mixin.py:188} INFO - 2026-03-07 21:22:35 [info     ] Claim validated                claim_id=CLM-5A55D572A313 errors=0 latency_ms=0.09 valid=True
[2026-03-07T21:22:35.513+0000] {logging_mixin.py:188} INFO - 2026-03-07 21:22:35 [debug    ] Stored to S3                   key=validated/2026/03/07/CLM-5A55D572A313.json
[2026-03-07T21:22:35.529+0000] {logging_mixin.py:188} INFO - 2026-03-07 21:22:35 [debug    ] Lineage event recorded         claim_id=CLM-5A55D572A313 latency_ms=0.10085105895996094 source=tx_validation target=tx_fraud_detection
[2026-03-07T21:22:35.529+0000] {logging_mixin.py:188} INFO - 2026-03-07 21:22:35 [info     ] Claim fraud scored             claim_id=CLM-5A55D572A313 fraud_score=0.3671 risk_level=medium rules=['high_amount', 'weekend_filing', 'excessive_amount_for_type']
[2026-03-07T21:22:35.534+0000] {logging_mixin.py:188} INFO - 2026-03-07 21:22:35 [debug    ] Stored to S3                   key=scored/2026/03/07/CLM-5A55D572A313.json
[2026-03-07T21:22:35.553+0000] {logging_mixin.py:188} INFO - 2026-03-07 21:22:35 [debug    ] Lineage event recorded         claim_id=CLM-5A55D572A313 latency_ms=0.14543533325195312 source=tx_fraud_detection target=tx_enrichment
[2026-03-07T21:22:35.553+0000] {logging_mixin.py:188} INFO - 2026-03-07 21:22:35 [info     ] Claim enriched                 claim_id=CLM-5A55D572A313 fields=['policy', 'claimant_history', 'geo_risk', 'category_analysis', 'adjuster_recommendation', 'reserve_estimate'] latency_ms=0.15
[2026-03-07T21:22:35.559+0000] {logging_mixin.py:188} INFO - 2026-03-07 21:22:35 [debug    ] Stored to S3                   key=enriched/2026/03/07/CLM-5A55D572A313.json
[2026-03-07T21:22:35.571+0000] {logging_mixin.py:188} INFO - 2026-03-07 21:22:35 [debug    ] Lineage event recorded         claim_id=CLM-5A55D572A313 latency_ms=66.23697280883789 source=tx_enrichment target=sink_s3_datalake
[2026-03-07T21:22:35.582+0000] {logging_mixin.py:188} INFO - 2026-03-07 21:22:35 [debug    ] Stored to PostgreSQL           claim_id=CLM-5A55D572A313
[2026-03-07T21:22:35.594+0000] {logging_mixin.py:188} INFO - 2026-03-07 21:22:35 [debug    ] Lineage event recorded         claim_id=CLM-5A55D572A313 latency_ms=0 source=tx_enrichment target=sink_postgres
[2026-03-07T21:22:35.605+0000] {logging_mixin.py:188} INFO - 2026-03-07 21:22:35 [debug    ] Lineage event recorded         claim_id=CLM-A33C0B9F3A25 latency_ms=0.0591278076171875 source=src_claims_ingestion target=tx_validation
[2026-03-07T21:22:35.605+0000] {logging_mixin.py:188} INFO - 2026-03-07 21:22:35 [info     ] Claim validated                claim_id=CLM-A33C0B9F3A25 errors=0 latency_ms=0.06 valid=True
[2026-03-07T21:22:35.609+0000] {logging_mixin.py:188} INFO - 2026-03-07 21:22:35 [debug    ] Stored to S3                   key=validated/2026/03/07/CLM-A33C0B9F3A25.json
[2026-03-07T21:22:35.621+0000] {logging_mixin.py:188} INFO - 2026-03-07 21:22:35 [debug    ] Lineage event recorded         claim_id=CLM-A33C0B9F3A25 latency_ms=0.09131431579589844 source=tx_validation target=tx_fraud_detection
[2026-03-07T21:22:35.621+0000] {logging_mixin.py:188} INFO - 2026-03-07 21:22:35 [info     ] Claim fraud scored             claim_id=CLM-A33C0B9F3A25 fraud_score=0.209 risk_level=low rules=['high_amount', 'weekend_filing', 'late_filing']
[2026-03-07T21:22:35.626+0000] {logging_mixin.py:188} INFO - 2026-03-07 21:22:35 [debug    ] Stored to S3                   key=scored/2026/03/07/CLM-A33C0B9F3A25.json
[2026-03-07T21:22:35.637+0000] {logging_mixin.py:188} INFO - 2026-03-07 21:22:35 [debug    ] Lineage event recorded         claim_id=CLM-A33C0B9F3A25 latency_ms=0.1251697540283203 source=tx_fraud_detection target=tx_enrichment
[2026-03-07T21:22:35.637+0000] {logging_mixin.py:188} INFO - 2026-03-07 21:22:35 [info     ] Claim enriched                 claim_id=CLM-A33C0B9F3A25 fields=['policy', 'claimant_history', 'geo_risk', 'category_analysis', 'adjuster_recommendation', 'reserve_estimate'] latency_ms=0.13
[2026-03-07T21:22:35.641+0000] {logging_mixin.py:188} INFO - 2026-03-07 21:22:35 [debug    ] Stored to S3                   key=enriched/2026/03/07/CLM-A33C0B9F3A25.json
[2026-03-07T21:22:35.654+0000] {logging_mixin.py:188} INFO - 2026-03-07 21:22:35 [debug    ] Lineage event recorded         claim_id=CLM-A33C0B9F3A25 latency_ms=47.638654708862305 source=tx_enrichment target=sink_s3_datalake
[2026-03-07T21:22:35.664+0000] {logging_mixin.py:188} INFO - 2026-03-07 21:22:35 [debug    ] Stored to PostgreSQL           claim_id=CLM-A33C0B9F3A25
[2026-03-07T21:22:35.675+0000] {logging_mixin.py:188} INFO - 2026-03-07 21:22:35 [debug    ] Lineage event recorded         claim_id=CLM-A33C0B9F3A25 latency_ms=0 source=tx_enrichment target=sink_postgres
[2026-03-07T21:22:35.686+0000] {logging_mixin.py:188} INFO - 2026-03-07 21:22:35 [debug    ] Lineage event recorded         claim_id=CLM-BB9CF37FFCA7 latency_ms=0.05817413330078125 source=src_claims_ingestion target=tx_validation
[2026-03-07T21:22:35.686+0000] {logging_mixin.py:188} INFO - 2026-03-07 21:22:35 [info     ] Claim validated                claim_id=CLM-BB9CF37FFCA7 errors=0 latency_ms=0.06 valid=True
[2026-03-07T21:22:35.690+0000] {logging_mixin.py:188} INFO - 2026-03-07 21:22:35 [debug    ] Stored to S3                   key=validated/2026/03/07/CLM-BB9CF37FFCA7.json
[2026-03-07T21:22:35.701+0000] {logging_mixin.py:188} INFO - 2026-03-07 21:22:35 [debug    ] Lineage event recorded         claim_id=CLM-BB9CF37FFCA7 latency_ms=0.07176399230957031 source=tx_validation target=tx_fraud_detection
[2026-03-07T21:22:35.701+0000] {logging_mixin.py:188} INFO - 2026-03-07 21:22:35 [info     ] Claim fraud scored             claim_id=CLM-BB9CF37FFCA7 fraud_score=0.1054 risk_level=low rules=['weekend_filing', 'late_filing']
[2026-03-07T21:22:35.706+0000] {logging_mixin.py:188} INFO - 2026-03-07 21:22:35 [debug    ] Stored to S3                   key=scored/2026/03/07/CLM-BB9CF37FFCA7.json
[2026-03-07T21:22:35.718+0000] {logging_mixin.py:188} INFO - 2026-03-07 21:22:35 [debug    ] Lineage event recorded         claim_id=CLM-BB9CF37FFCA7 latency_ms=0.12946128845214844 source=tx_fraud_detection target=tx_enrichment
[2026-03-07T21:22:35.718+0000] {logging_mixin.py:188} INFO - 2026-03-07 21:22:35 [info     ] Claim enriched                 claim_id=CLM-BB9CF37FFCA7 fields=['policy', 'claimant_history', 'geo_risk', 'category_analysis', 'adjuster_recommendation', 'reserve_estimate'] latency_ms=0.13
[2026-03-07T21:22:35.722+0000] {logging_mixin.py:188} INFO - 2026-03-07 21:22:35 [debug    ] Stored to S3                   key=enriched/2026/03/07/CLM-BB9CF37FFCA7.json
[2026-03-07T21:22:35.734+0000] {logging_mixin.py:188} INFO - 2026-03-07 21:22:35 [debug    ] Lineage event recorded         claim_id=CLM-BB9CF37FFCA7 latency_ms=47.42312431335449 source=tx_enrichment target=sink_s3_datalake
[2026-03-07T21:22:35.747+0000] {logging_mixin.py:188} INFO - 2026-03-07 21:22:35 [debug    ] Stored to PostgreSQL           claim_id=CLM-BB9CF37FFCA7
[2026-03-07T21:22:35.757+0000] {logging_mixin.py:188} INFO - 2026-03-07 21:22:35 [debug    ] Lineage event recorded         claim_id=CLM-BB9CF37FFCA7 latency_ms=0 source=tx_enrichment target=sink_postgres
[2026-03-07T21:22:35.776+0000] {logging_mixin.py:188} INFO - 2026-03-07 21:22:35 [debug    ] Lineage event recorded         claim_id=CLM-063F6D3A0858 latency_ms=0.07033348083496094 source=src_claims_ingestion target=tx_validation
[2026-03-07T21:22:35.777+0000] {logging_mixin.py:188} INFO - 2026-03-07 21:22:35 [info     ] Claim validated                claim_id=CLM-063F6D3A0858 errors=1 latency_ms=0.07 valid=False
[2026-03-07T21:22:35.782+0000] {logging_mixin.py:188} INFO - 2026-03-07 21:22:35 [debug    ] Stored to S3                   key=rejected/2026/03/07/CLM-063F6D3A0858.json
[2026-03-07T21:22:35.796+0000] {logging_mixin.py:188} INFO - 2026-03-07 21:22:35 [debug    ] Lineage event recorded         claim_id=CLM-E570F859EABA latency_ms=0.07557868957519531 source=src_claims_ingestion target=tx_validation
[2026-03-07T21:22:35.796+0000] {logging_mixin.py:188} INFO - 2026-03-07 21:22:35 [info     ] Claim validated                claim_id=CLM-E570F859EABA errors=0 latency_ms=0.08 valid=True
[2026-03-07T21:22:35.800+0000] {logging_mixin.py:188} INFO - 2026-03-07 21:22:35 [debug    ] Stored to S3                   key=validated/2026/03/07/CLM-E570F859EABA.json
[2026-03-07T21:22:35.812+0000] {logging_mixin.py:188} INFO - 2026-03-07 21:22:35 [debug    ] Lineage event recorded         claim_id=CLM-E570F859EABA latency_ms=0.08344650268554688 source=tx_validation target=tx_fraud_detection
[2026-03-07T21:22:35.813+0000] {logging_mixin.py:188} INFO - 2026-03-07 21:22:35 [info     ] Claim fraud scored             claim_id=CLM-E570F859EABA fraud_score=0.2654 risk_level=low rules=['high_amount', 'weekend_filing', 'late_filing']
[2026-03-07T21:22:35.816+0000] {logging_mixin.py:188} INFO - 2026-03-07 21:22:35 [debug    ] Stored to S3                   key=scored/2026/03/07/CLM-E570F859EABA.json
[2026-03-07T21:22:35.829+0000] {logging_mixin.py:188} INFO - 2026-03-07 21:22:35 [debug    ] Lineage event recorded         claim_id=CLM-E570F859EABA latency_ms=0.1270771026611328 source=tx_fraud_detection target=tx_enrichment
[2026-03-07T21:22:35.829+0000] {logging_mixin.py:188} INFO - 2026-03-07 21:22:35 [info     ] Claim enriched                 claim_id=CLM-E570F859EABA fields=['policy', 'claimant_history', 'geo_risk', 'category_analysis', 'adjuster_recommendation', 'reserve_estimate'] latency_ms=0.13
[2026-03-07T21:22:35.833+0000] {logging_mixin.py:188} INFO - 2026-03-07 21:22:35 [debug    ] Stored to S3                   key=enriched/2026/03/07/CLM-E570F859EABA.json
[2026-03-07T21:22:35.844+0000] {logging_mixin.py:188} INFO - 2026-03-07 21:22:35 [debug    ] Lineage event recorded         claim_id=CLM-E570F859EABA latency_ms=50.65774917602539 source=tx_enrichment target=sink_s3_datalake
[2026-03-07T21:22:35.854+0000] {logging_mixin.py:188} INFO - 2026-03-07 21:22:35 [debug    ] Stored to PostgreSQL           claim_id=CLM-E570F859EABA
[2026-03-07T21:22:35.864+0000] {logging_mixin.py:188} INFO - 2026-03-07 21:22:35 [debug    ] Lineage event recorded         claim_id=CLM-E570F859EABA latency_ms=0 source=tx_enrichment target=sink_postgres
[2026-03-07T21:22:35.876+0000] {logging_mixin.py:188} INFO - 2026-03-07 21:22:35 [debug    ] Lineage event recorded         claim_id=CLM-F7CD7220C84B latency_ms=0.060558319091796875 source=src_claims_ingestion target=tx_validation
[2026-03-07T21:22:35.876+0000] {logging_mixin.py:188} INFO - 2026-03-07 21:22:35 [info     ] Claim validated                claim_id=CLM-F7CD7220C84B errors=1 latency_ms=0.06 valid=False
[2026-03-07T21:22:35.880+0000] {logging_mixin.py:188} INFO - 2026-03-07 21:22:35 [debug    ] Stored to S3                   key=rejected/2026/03/07/CLM-F7CD7220C84B.json
[2026-03-07T21:22:35.892+0000] {logging_mixin.py:188} INFO - 2026-03-07 21:22:35 [debug    ] Lineage event recorded         claim_id=CLM-4C84B746F27C latency_ms=0.05650520324707031 source=src_claims_ingestion target=tx_validation
[2026-03-07T21:22:35.892+0000] {logging_mixin.py:188} INFO - 2026-03-07 21:22:35 [info     ] Claim validated                claim_id=CLM-4C84B746F27C errors=0 latency_ms=0.06 valid=True
[2026-03-07T21:22:35.896+0000] {logging_mixin.py:188} INFO - 2026-03-07 21:22:35 [debug    ] Stored to S3                   key=validated/2026/03/07/CLM-4C84B746F27C.json
[2026-03-07T21:22:35.908+0000] {logging_mixin.py:188} INFO - 2026-03-07 21:22:35 [debug    ] Lineage event recorded         claim_id=CLM-4C84B746F27C latency_ms=0.06961822509765625 source=tx_validation target=tx_fraud_detection
[2026-03-07T21:22:35.908+0000] {logging_mixin.py:188} INFO - 2026-03-07 21:22:35 [info     ] Claim fraud scored             claim_id=CLM-4C84B746F27C fraud_score=0.2029 risk_level=low rules=['high_amount', 'weekend_filing', 'late_filing']
[2026-03-07T21:22:35.914+0000] {logging_mixin.py:188} INFO - 2026-03-07 21:22:35 [debug    ] Stored to S3                   key=scored/2026/03/07/CLM-4C84B746F27C.json
[2026-03-07T21:22:35.928+0000] {logging_mixin.py:188} INFO - 2026-03-07 21:22:35 [debug    ] Lineage event recorded         claim_id=CLM-4C84B746F27C latency_ms=0.164031982421875 source=tx_fraud_detection target=tx_enrichment
[2026-03-07T21:22:35.928+0000] {logging_mixin.py:188} INFO - 2026-03-07 21:22:35 [info     ] Claim enriched                 claim_id=CLM-4C84B746F27C fields=['policy', 'claimant_history', 'geo_risk', 'category_analysis', 'adjuster_recommendation', 'reserve_estimate'] latency_ms=0.16
[2026-03-07T21:22:35.932+0000] {logging_mixin.py:188} INFO - 2026-03-07 21:22:35 [debug    ] Stored to S3                   key=enriched/2026/03/07/CLM-4C84B746F27C.json
[2026-03-07T21:22:35.944+0000] {logging_mixin.py:188} INFO - 2026-03-07 21:22:35 [debug    ] Lineage event recorded         claim_id=CLM-4C84B746F27C latency_ms=52.507877349853516 source=tx_enrichment target=sink_s3_datalake
[2026-03-07T21:22:35.956+0000] {logging_mixin.py:188} INFO - 2026-03-07 21:22:35 [debug    ] Stored to PostgreSQL           claim_id=CLM-4C84B746F27C
[2026-03-07T21:22:35.967+0000] {logging_mixin.py:188} INFO - 2026-03-07 21:22:35 [debug    ] Lineage event recorded         claim_id=CLM-4C84B746F27C latency_ms=0 source=tx_enrichment target=sink_postgres
[2026-03-07T21:22:35.978+0000] {logging_mixin.py:188} INFO - 2026-03-07 21:22:35 [debug    ] Lineage event recorded         claim_id=CLM-D97BD07507F6 latency_ms=0.064849853515625 source=src_claims_ingestion target=tx_validation
[2026-03-07T21:22:35.979+0000] {logging_mixin.py:188} INFO - 2026-03-07 21:22:35 [info     ] Claim validated                claim_id=CLM-D97BD07507F6 errors=1 latency_ms=0.06 valid=False
[2026-03-07T21:22:35.982+0000] {logging_mixin.py:188} INFO - 2026-03-07 21:22:35 [debug    ] Stored to S3                   key=rejected/2026/03/07/CLM-D97BD07507F6.json
[2026-03-07T21:22:35.994+0000] {logging_mixin.py:188} INFO - 2026-03-07 21:22:35 [debug    ] Lineage event recorded         claim_id=CLM-B0D60D016441 latency_ms=0.05841255187988281 source=src_claims_ingestion target=tx_validation
[2026-03-07T21:22:35.994+0000] {logging_mixin.py:188} INFO - 2026-03-07 21:22:35 [info     ] Claim validated                claim_id=CLM-B0D60D016441 errors=0 latency_ms=0.06 valid=True
[2026-03-07T21:22:35.998+0000] {logging_mixin.py:188} INFO - 2026-03-07 21:22:35 [debug    ] Stored to S3                   key=validated/2026/03/07/CLM-B0D60D016441.json
[2026-03-07T21:22:36.014+0000] {logging_mixin.py:188} INFO - 2026-03-07 21:22:36 [debug    ] Lineage event recorded         claim_id=CLM-B0D60D016441 latency_ms=0.06461143493652344 source=tx_validation target=tx_fraud_detection
[2026-03-07T21:22:36.014+0000] {logging_mixin.py:188} INFO - 2026-03-07 21:22:36 [info     ] Claim fraud scored             claim_id=CLM-B0D60D016441 fraud_score=0.4334 risk_level=medium rules=['high_amount', 'weekend_filing', 'late_filing', 'excessive_amount_for_type']
[2026-03-07T21:22:36.018+0000] {logging_mixin.py:188} INFO - 2026-03-07 21:22:36 [debug    ] Stored to S3                   key=scored/2026/03/07/CLM-B0D60D016441.json
[2026-03-07T21:22:36.029+0000] {logging_mixin.py:188} INFO - 2026-03-07 21:22:36 [debug    ] Lineage event recorded         claim_id=CLM-B0D60D016441 latency_ms=0.12040138244628906 source=tx_fraud_detection target=tx_enrichment
[2026-03-07T21:22:36.030+0000] {logging_mixin.py:188} INFO - 2026-03-07 21:22:36 [info     ] Claim enriched                 claim_id=CLM-B0D60D016441 fields=['policy', 'claimant_history', 'geo_risk', 'category_analysis', 'adjuster_recommendation', 'reserve_estimate'] latency_ms=0.12
[2026-03-07T21:22:36.034+0000] {logging_mixin.py:188} INFO - 2026-03-07 21:22:36 [debug    ] Stored to S3                   key=enriched/2026/03/07/CLM-B0D60D016441.json
[2026-03-07T21:22:36.044+0000] {logging_mixin.py:188} INFO - 2026-03-07 21:22:36 [debug    ] Lineage event recorded         claim_id=CLM-B0D60D016441 latency_ms=51.05280876159668 source=tx_enrichment target=sink_s3_datalake
[2026-03-07T21:22:36.057+0000] {logging_mixin.py:188} INFO - 2026-03-07 21:22:36 [debug    ] Stored to PostgreSQL           claim_id=CLM-B0D60D016441
[2026-03-07T21:22:36.068+0000] {logging_mixin.py:188} INFO - 2026-03-07 21:22:36 [debug    ] Lineage event recorded         claim_id=CLM-B0D60D016441 latency_ms=0 source=tx_enrichment target=sink_postgres
[2026-03-07T21:22:36.079+0000] {logging_mixin.py:188} INFO - 2026-03-07 21:22:36 [debug    ] Lineage event recorded         claim_id=CLM-0BED6388DEAE latency_ms=0.06723403930664062 source=src_claims_ingestion target=tx_validation
[2026-03-07T21:22:36.079+0000] {logging_mixin.py:188} INFO - 2026-03-07 21:22:36 [info     ] Claim validated                claim_id=CLM-0BED6388DEAE errors=1 latency_ms=0.07 valid=False
[2026-03-07T21:22:36.083+0000] {logging_mixin.py:188} INFO - 2026-03-07 21:22:36 [debug    ] Stored to S3                   key=rejected/2026/03/07/CLM-0BED6388DEAE.json
[2026-03-07T21:22:36.084+0000] {logging_mixin.py:188} INFO - 2026-03-07 21:22:36 [info     ] Processed 30 claims            throughput=5.57/s
[2026-03-07T21:22:36.096+0000] {logging_mixin.py:188} INFO - 2026-03-07 21:22:36 [debug    ] Lineage event recorded         claim_id=CLM-200E7B6238FC latency_ms=0.061511993408203125 source=src_claims_ingestion target=tx_validation
[2026-03-07T21:22:36.096+0000] {logging_mixin.py:188} INFO - 2026-03-07 21:22:36 [info     ] Claim validated                claim_id=CLM-200E7B6238FC errors=1 latency_ms=0.06 valid=False
[2026-03-07T21:22:36.100+0000] {logging_mixin.py:188} INFO - 2026-03-07 21:22:36 [debug    ] Stored to S3                   key=rejected/2026/03/07/CLM-200E7B6238FC.json
[2026-03-07T21:22:36.112+0000] {logging_mixin.py:188} INFO - 2026-03-07 21:22:36 [debug    ] Lineage event recorded         claim_id=CLM-BC48AA17630C latency_ms=0.05793571472167969 source=src_claims_ingestion target=tx_validation
[2026-03-07T21:22:36.112+0000] {logging_mixin.py:188} INFO - 2026-03-07 21:22:36 [info     ] Claim validated                claim_id=CLM-BC48AA17630C errors=0 latency_ms=0.06 valid=True
[2026-03-07T21:22:36.116+0000] {logging_mixin.py:188} INFO - 2026-03-07 21:22:36 [debug    ] Stored to S3                   key=validated/2026/03/07/CLM-BC48AA17630C.json
[2026-03-07T21:22:36.128+0000] {logging_mixin.py:188} INFO - 2026-03-07 21:22:36 [debug    ] Lineage event recorded         claim_id=CLM-BC48AA17630C latency_ms=0.07891654968261719 source=tx_validation target=tx_fraud_detection
[2026-03-07T21:22:36.128+0000] {logging_mixin.py:188} INFO - 2026-03-07 21:22:36 [info     ] Claim fraud scored             claim_id=CLM-BC48AA17630C fraud_score=0.1963 risk_level=low rules=['high_amount', 'weekend_filing']
[2026-03-07T21:22:36.132+0000] {logging_mixin.py:188} INFO - 2026-03-07 21:22:36 [debug    ] Stored to S3                   key=scored/2026/03/07/CLM-BC48AA17630C.json
[2026-03-07T21:22:36.143+0000] {logging_mixin.py:188} INFO - 2026-03-07 21:22:36 [debug    ] Lineage event recorded         claim_id=CLM-BC48AA17630C latency_ms=0.11992454528808594 source=tx_fraud_detection target=tx_enrichment
[2026-03-07T21:22:36.143+0000] {logging_mixin.py:188} INFO - 2026-03-07 21:22:36 [info     ] Claim enriched                 claim_id=CLM-BC48AA17630C fields=['policy', 'claimant_history', 'geo_risk', 'category_analysis', 'adjuster_recommendation', 'reserve_estimate'] latency_ms=0.12
[2026-03-07T21:22:36.147+0000] {logging_mixin.py:188} INFO - 2026-03-07 21:22:36 [debug    ] Stored to S3                   key=enriched/2026/03/07/CLM-BC48AA17630C.json
[2026-03-07T21:22:36.157+0000] {logging_mixin.py:188} INFO - 2026-03-07 21:22:36 [debug    ] Lineage event recorded         claim_id=CLM-BC48AA17630C latency_ms=47.09315299987793 source=tx_enrichment target=sink_s3_datalake
[2026-03-07T21:22:36.168+0000] {logging_mixin.py:188} INFO - 2026-03-07 21:22:36 [debug    ] Stored to PostgreSQL           claim_id=CLM-BC48AA17630C
[2026-03-07T21:22:36.179+0000] {logging_mixin.py:188} INFO - 2026-03-07 21:22:36 [debug    ] Lineage event recorded         claim_id=CLM-BC48AA17630C latency_ms=0 source=tx_enrichment target=sink_postgres
[2026-03-07T21:22:36.190+0000] {logging_mixin.py:188} INFO - 2026-03-07 21:22:36 [debug    ] Lineage event recorded         claim_id=CLM-9DF76B2AF50B latency_ms=0.05698204040527344 source=src_claims_ingestion target=tx_validation
[2026-03-07T21:22:36.191+0000] {logging_mixin.py:188} INFO - 2026-03-07 21:22:36 [info     ] Claim validated                claim_id=CLM-9DF76B2AF50B errors=0 latency_ms=0.06 valid=True
[2026-03-07T21:22:36.194+0000] {logging_mixin.py:188} INFO - 2026-03-07 21:22:36 [debug    ] Stored to S3                   key=validated/2026/03/07/CLM-9DF76B2AF50B.json
[2026-03-07T21:22:36.206+0000] {logging_mixin.py:188} INFO - 2026-03-07 21:22:36 [debug    ] Lineage event recorded         claim_id=CLM-9DF76B2AF50B latency_ms=0.07510185241699219 source=tx_validation target=tx_fraud_detection
[2026-03-07T21:22:36.206+0000] {logging_mixin.py:188} INFO - 2026-03-07 21:22:36 [info     ] Claim fraud scored             claim_id=CLM-9DF76B2AF50B fraud_score=0.8083 risk_level=critical rules=['high_amount', 'weekend_filing', 'late_filing', 'excessive_amount_for_type']
[2026-03-07T21:22:36.210+0000] {logging_mixin.py:188} INFO - 2026-03-07 21:22:36 [debug    ] Stored to S3                   key=scored/2026/03/07/CLM-9DF76B2AF50B.json
[2026-03-07T21:22:36.221+0000] {logging_mixin.py:188} INFO - 2026-03-07 21:22:36 [debug    ] Lineage event recorded         claim_id=CLM-9DF76B2AF50B latency_ms=0.14138221740722656 source=tx_fraud_detection target=tx_enrichment
[2026-03-07T21:22:36.222+0000] {logging_mixin.py:188} INFO - 2026-03-07 21:22:36 [info     ] Claim enriched                 claim_id=CLM-9DF76B2AF50B fields=['policy', 'claimant_history', 'geo_risk', 'category_analysis', 'adjuster_recommendation', 'reserve_estimate'] latency_ms=0.14
[2026-03-07T21:22:36.226+0000] {logging_mixin.py:188} INFO - 2026-03-07 21:22:36 [debug    ] Stored to S3                   key=enriched/2026/03/07/CLM-9DF76B2AF50B.json
[2026-03-07T21:22:36.241+0000] {logging_mixin.py:188} INFO - 2026-03-07 21:22:36 [debug    ] Lineage event recorded         claim_id=CLM-9DF76B2AF50B latency_ms=46.23699188232422 source=tx_enrichment target=sink_s3_datalake
[2026-03-07T21:22:36.251+0000] {logging_mixin.py:188} INFO - 2026-03-07 21:22:36 [debug    ] Stored to PostgreSQL           claim_id=CLM-9DF76B2AF50B
[2026-03-07T21:22:36.262+0000] {logging_mixin.py:188} INFO - 2026-03-07 21:22:36 [debug    ] Lineage event recorded         claim_id=CLM-9DF76B2AF50B latency_ms=0 source=tx_enrichment target=sink_postgres
[2026-03-07T21:22:36.273+0000] {logging_mixin.py:188} INFO - 2026-03-07 21:22:36 [debug    ] Lineage event recorded         claim_id=CLM-FA1EAAA592A8 latency_ms=0.05650520324707031 source=src_claims_ingestion target=tx_validation
[2026-03-07T21:22:36.273+0000] {logging_mixin.py:188} INFO - 2026-03-07 21:22:36 [info     ] Claim validated                claim_id=CLM-FA1EAAA592A8 errors=0 latency_ms=0.06 valid=True
[2026-03-07T21:22:36.277+0000] {logging_mixin.py:188} INFO - 2026-03-07 21:22:36 [debug    ] Stored to S3                   key=validated/2026/03/07/CLM-FA1EAAA592A8.json
[2026-03-07T21:22:36.288+0000] {logging_mixin.py:188} INFO - 2026-03-07 21:22:36 [debug    ] Lineage event recorded         claim_id=CLM-FA1EAAA592A8 latency_ms=0.06413459777832031 source=tx_validation target=tx_fraud_detection
[2026-03-07T21:22:36.288+0000] {logging_mixin.py:188} INFO - 2026-03-07 21:22:36 [info     ] Claim fraud scored             claim_id=CLM-FA1EAAA592A8 fraud_score=0.2257 risk_level=low rules=['weekend_filing', 'late_filing', 'excessive_amount_for_type']
[2026-03-07T21:22:36.293+0000] {logging_mixin.py:188} INFO - 2026-03-07 21:22:36 [debug    ] Stored to S3                   key=scored/2026/03/07/CLM-FA1EAAA592A8.json
[2026-03-07T21:22:36.303+0000] {logging_mixin.py:188} INFO - 2026-03-07 21:22:36 [debug    ] Lineage event recorded         claim_id=CLM-FA1EAAA592A8 latency_ms=0.13184547424316406 source=tx_fraud_detection target=tx_enrichment
[2026-03-07T21:22:36.304+0000] {logging_mixin.py:188} INFO - 2026-03-07 21:22:36 [info     ] Claim enriched                 claim_id=CLM-FA1EAAA592A8 fields=['policy', 'claimant_history', 'geo_risk', 'category_analysis', 'adjuster_recommendation', 'reserve_estimate'] latency_ms=0.13
[2026-03-07T21:22:36.308+0000] {logging_mixin.py:188} INFO - 2026-03-07 21:22:36 [debug    ] Stored to S3                   key=enriched/2026/03/07/CLM-FA1EAAA592A8.json
[2026-03-07T21:22:36.319+0000] {logging_mixin.py:188} INFO - 2026-03-07 21:22:36 [debug    ] Lineage event recorded         claim_id=CLM-FA1EAAA592A8 latency_ms=46.431779861450195 source=tx_enrichment target=sink_s3_datalake
[2026-03-07T21:22:36.329+0000] {logging_mixin.py:188} INFO - 2026-03-07 21:22:36 [debug    ] Stored to PostgreSQL           claim_id=CLM-FA1EAAA592A8
[2026-03-07T21:22:36.340+0000] {logging_mixin.py:188} INFO - 2026-03-07 21:22:36 [debug    ] Lineage event recorded         claim_id=CLM-FA1EAAA592A8 latency_ms=0 source=tx_enrichment target=sink_postgres
[2026-03-07T21:22:36.352+0000] {logging_mixin.py:188} INFO - 2026-03-07 21:22:36 [debug    ] Lineage event recorded         claim_id=CLM-1CD72D260C8E latency_ms=0.05817413330078125 source=src_claims_ingestion target=tx_validation
[2026-03-07T21:22:36.352+0000] {logging_mixin.py:188} INFO - 2026-03-07 21:22:36 [info     ] Claim validated                claim_id=CLM-1CD72D260C8E errors=0 latency_ms=0.06 valid=True
[2026-03-07T21:22:36.356+0000] {logging_mixin.py:188} INFO - 2026-03-07 21:22:36 [debug    ] Stored to S3                   key=validated/2026/03/07/CLM-1CD72D260C8E.json
[2026-03-07T21:22:36.369+0000] {logging_mixin.py:188} INFO - 2026-03-07 21:22:36 [debug    ] Lineage event recorded         claim_id=CLM-1CD72D260C8E latency_ms=0.07557868957519531 source=tx_validation target=tx_fraud_detection
[2026-03-07T21:22:36.369+0000] {logging_mixin.py:188} INFO - 2026-03-07 21:22:36 [info     ] Claim fraud scored             claim_id=CLM-1CD72D260C8E fraud_score=0.1054 risk_level=low rules=['weekend_filing', 'late_filing']
[2026-03-07T21:22:36.374+0000] {logging_mixin.py:188} INFO - 2026-03-07 21:22:36 [debug    ] Stored to S3                   key=scored/2026/03/07/CLM-1CD72D260C8E.json
[2026-03-07T21:22:36.386+0000] {logging_mixin.py:188} INFO - 2026-03-07 21:22:36 [debug    ] Lineage event recorded         claim_id=CLM-1CD72D260C8E latency_ms=0.141143798828125 source=tx_fraud_detection target=tx_enrichment
[2026-03-07T21:22:36.386+0000] {logging_mixin.py:188} INFO - 2026-03-07 21:22:36 [info     ] Claim enriched                 claim_id=CLM-1CD72D260C8E fields=['policy', 'claimant_history', 'geo_risk', 'category_analysis', 'adjuster_recommendation', 'reserve_estimate'] latency_ms=0.14
[2026-03-07T21:22:36.390+0000] {logging_mixin.py:188} INFO - 2026-03-07 21:22:36 [debug    ] Stored to S3                   key=enriched/2026/03/07/CLM-1CD72D260C8E.json
[2026-03-07T21:22:36.401+0000] {logging_mixin.py:188} INFO - 2026-03-07 21:22:36 [debug    ] Lineage event recorded         claim_id=CLM-1CD72D260C8E latency_ms=49.720048904418945 source=tx_enrichment target=sink_s3_datalake
[2026-03-07T21:22:36.412+0000] {logging_mixin.py:188} INFO - 2026-03-07 21:22:36 [debug    ] Stored to PostgreSQL           claim_id=CLM-1CD72D260C8E
[2026-03-07T21:22:36.424+0000] {logging_mixin.py:188} INFO - 2026-03-07 21:22:36 [debug    ] Lineage event recorded         claim_id=CLM-1CD72D260C8E latency_ms=0 source=tx_enrichment target=sink_postgres
[2026-03-07T21:22:36.442+0000] {logging_mixin.py:188} INFO - 2026-03-07 21:22:36 [debug    ] Lineage event recorded         claim_id=CLM-89EE5E7C2B58 latency_ms=0.07557868957519531 source=src_claims_ingestion target=tx_validation
[2026-03-07T21:22:36.443+0000] {logging_mixin.py:188} INFO - 2026-03-07 21:22:36 [info     ] Claim validated                claim_id=CLM-89EE5E7C2B58 errors=0 latency_ms=0.08 valid=True
[2026-03-07T21:22:36.447+0000] {logging_mixin.py:188} INFO - 2026-03-07 21:22:36 [debug    ] Stored to S3                   key=validated/2026/03/07/CLM-89EE5E7C2B58.json
[2026-03-07T21:22:36.460+0000] {logging_mixin.py:188} INFO - 2026-03-07 21:22:36 [debug    ] Lineage event recorded         claim_id=CLM-89EE5E7C2B58 latency_ms=0.08273124694824219 source=tx_validation target=tx_fraud_detection
[2026-03-07T21:22:36.460+0000] {logging_mixin.py:188} INFO - 2026-03-07 21:22:36 [info     ] Claim fraud scored             claim_id=CLM-89EE5E7C2B58 fraud_score=0.3088 risk_level=medium rules=['high_amount', 'weekend_filing', 'late_filing']
[2026-03-07T21:22:36.464+0000] {logging_mixin.py:188} INFO - 2026-03-07 21:22:36 [debug    ] Stored to S3                   key=scored/2026/03/07/CLM-89EE5E7C2B58.json
[2026-03-07T21:22:36.476+0000] {logging_mixin.py:188} INFO - 2026-03-07 21:22:36 [debug    ] Lineage event recorded         claim_id=CLM-89EE5E7C2B58 latency_ms=0.12445449829101562 source=tx_fraud_detection target=tx_enrichment
[2026-03-07T21:22:36.477+0000] {logging_mixin.py:188} INFO - 2026-03-07 21:22:36 [info     ] Claim enriched                 claim_id=CLM-89EE5E7C2B58 fields=['policy', 'claimant_history', 'geo_risk', 'category_analysis', 'adjuster_recommendation', 'reserve_estimate'] latency_ms=0.12
[2026-03-07T21:22:36.480+0000] {logging_mixin.py:188} INFO - 2026-03-07 21:22:36 [debug    ] Stored to S3                   key=enriched/2026/03/07/CLM-89EE5E7C2B58.json
[2026-03-07T21:22:36.491+0000] {logging_mixin.py:188} INFO - 2026-03-07 21:22:36 [debug    ] Lineage event recorded         claim_id=CLM-89EE5E7C2B58 latency_ms=55.585622787475586 source=tx_enrichment target=sink_s3_datalake
[2026-03-07T21:22:36.502+0000] {logging_mixin.py:188} INFO - 2026-03-07 21:22:36 [debug    ] Stored to PostgreSQL           claim_id=CLM-89EE5E7C2B58
[2026-03-07T21:22:36.512+0000] {logging_mixin.py:188} INFO - 2026-03-07 21:22:36 [debug    ] Lineage event recorded         claim_id=CLM-89EE5E7C2B58 latency_ms=0 source=tx_enrichment target=sink_postgres
[2026-03-07T21:22:36.512+0000] {logging_mixin.py:188} INFO - 2026-03-07 21:22:36 [error    ] Pipeline processing failed     error=1 validation error for InsuranceClaim
claim_amount
  Input should be greater than 0 [type=greater_than, input_value=-100, input_type=int]
    For further information visit https://errors.pydantic.dev/2.5/v/greater_than
[2026-03-07T21:22:36.525+0000] {logging_mixin.py:188} INFO - 2026-03-07 21:22:36 [debug    ] Lineage event recorded         claim_id=CLM-220AFF283456 latency_ms=0.07486343383789062 source=src_claims_ingestion target=tx_validation
[2026-03-07T21:22:36.526+0000] {logging_mixin.py:188} INFO - 2026-03-07 21:22:36 [info     ] Claim validated                claim_id=CLM-220AFF283456 errors=0 latency_ms=0.07 valid=True
[2026-03-07T21:22:36.529+0000] {logging_mixin.py:188} INFO - 2026-03-07 21:22:36 [debug    ] Stored to S3                   key=validated/2026/03/07/CLM-220AFF283456.json
[2026-03-07T21:22:36.540+0000] {logging_mixin.py:188} INFO - 2026-03-07 21:22:36 [debug    ] Lineage event recorded         claim_id=CLM-220AFF283456 latency_ms=0.07224082946777344 source=tx_validation target=tx_fraud_detection
[2026-03-07T21:22:36.541+0000] {logging_mixin.py:188} INFO - 2026-03-07 21:22:36 [info     ] Claim fraud scored             claim_id=CLM-220AFF283456 fraud_score=0.2039 risk_level=low rules=['high_amount', 'weekend_filing', 'late_filing']
[2026-03-07T21:22:36.545+0000] {logging_mixin.py:188} INFO - 2026-03-07 21:22:36 [debug    ] Stored to S3                   key=scored/2026/03/07/CLM-220AFF283456.json
[2026-03-07T21:22:36.557+0000] {logging_mixin.py:188} INFO - 2026-03-07 21:22:36 [debug    ] Lineage event recorded         claim_id=CLM-220AFF283456 latency_ms=0.13256072998046875 source=tx_fraud_detection target=tx_enrichment
[2026-03-07T21:22:36.557+0000] {logging_mixin.py:188} INFO - 2026-03-07 21:22:36 [info     ] Claim enriched                 claim_id=CLM-220AFF283456 fields=['policy', 'claimant_history', 'geo_risk', 'category_analysis', 'adjuster_recommendation', 'reserve_estimate'] latency_ms=0.13
[2026-03-07T21:22:36.561+0000] {logging_mixin.py:188} INFO - 2026-03-07 21:22:36 [debug    ] Stored to S3                   key=enriched/2026/03/07/CLM-220AFF283456.json
[2026-03-07T21:22:36.573+0000] {logging_mixin.py:188} INFO - 2026-03-07 21:22:36 [debug    ] Lineage event recorded         claim_id=CLM-220AFF283456 latency_ms=47.26457595825195 source=tx_enrichment target=sink_s3_datalake
[2026-03-07T21:22:36.585+0000] {logging_mixin.py:188} INFO - 2026-03-07 21:22:36 [debug    ] Stored to PostgreSQL           claim_id=CLM-220AFF283456
[2026-03-07T21:22:36.597+0000] {logging_mixin.py:188} INFO - 2026-03-07 21:22:36 [debug    ] Lineage event recorded         claim_id=CLM-220AFF283456 latency_ms=0 source=tx_enrichment target=sink_postgres
[2026-03-07T21:22:36.609+0000] {logging_mixin.py:188} INFO - 2026-03-07 21:22:36 [debug    ] Lineage event recorded         claim_id=CLM-8B1F0C660F22 latency_ms=0.08702278137207031 source=src_claims_ingestion target=tx_validation
[2026-03-07T21:22:36.609+0000] {logging_mixin.py:188} INFO - 2026-03-07 21:22:36 [info     ] Claim validated                claim_id=CLM-8B1F0C660F22 errors=0 latency_ms=0.09 valid=True
[2026-03-07T21:22:36.613+0000] {logging_mixin.py:188} INFO - 2026-03-07 21:22:36 [debug    ] Stored to S3                   key=validated/2026/03/07/CLM-8B1F0C660F22.json
[2026-03-07T21:22:36.625+0000] {logging_mixin.py:188} INFO - 2026-03-07 21:22:36 [debug    ] Lineage event recorded         claim_id=CLM-8B1F0C660F22 latency_ms=0.06818771362304688 source=tx_validation target=tx_fraud_detection
[2026-03-07T21:22:36.625+0000] {logging_mixin.py:188} INFO - 2026-03-07 21:22:36 [info     ] Claim fraud scored             claim_id=CLM-8B1F0C660F22 fraud_score=0.197 risk_level=low rules=['weekend_filing', 'late_filing', 'excessive_amount_for_type']
[2026-03-07T21:22:36.629+0000] {logging_mixin.py:188} INFO - 2026-03-07 21:22:36 [debug    ] Stored to S3                   key=scored/2026/03/07/CLM-8B1F0C660F22.json
[2026-03-07T21:22:36.640+0000] {logging_mixin.py:188} INFO - 2026-03-07 21:22:36 [debug    ] Lineage event recorded         claim_id=CLM-8B1F0C660F22 latency_ms=0.11277198791503906 source=tx_fraud_detection target=tx_enrichment
[2026-03-07T21:22:36.640+0000] {logging_mixin.py:188} INFO - 2026-03-07 21:22:36 [info     ] Claim enriched                 claim_id=CLM-8B1F0C660F22 fields=['policy', 'claimant_history', 'geo_risk', 'category_analysis', 'adjuster_recommendation', 'reserve_estimate'] latency_ms=0.11
[2026-03-07T21:22:36.644+0000] {logging_mixin.py:188} INFO - 2026-03-07 21:22:36 [debug    ] Stored to S3                   key=enriched/2026/03/07/CLM-8B1F0C660F22.json
[2026-03-07T21:22:36.657+0000] {logging_mixin.py:188} INFO - 2026-03-07 21:22:36 [debug    ] Lineage event recorded         claim_id=CLM-8B1F0C660F22 latency_ms=46.51212692260742 source=tx_enrichment target=sink_s3_datalake
[2026-03-07T21:22:36.668+0000] {logging_mixin.py:188} INFO - 2026-03-07 21:22:36 [debug    ] Stored to PostgreSQL           claim_id=CLM-8B1F0C660F22
[2026-03-07T21:22:36.679+0000] {logging_mixin.py:188} INFO - 2026-03-07 21:22:36 [debug    ] Lineage event recorded         claim_id=CLM-8B1F0C660F22 latency_ms=0 source=tx_enrichment target=sink_postgres
[2026-03-07T21:22:36.697+0000] {logging_mixin.py:188} INFO - 2026-03-07 21:22:36 [debug    ] Lineage event recorded         claim_id=CLM-4A30FD36211E latency_ms=0.06198883056640625 source=src_claims_ingestion target=tx_validation
[2026-03-07T21:22:36.697+0000] {logging_mixin.py:188} INFO - 2026-03-07 21:22:36 [info     ] Claim validated                claim_id=CLM-4A30FD36211E errors=0 latency_ms=0.06 valid=True
[2026-03-07T21:22:36.701+0000] {logging_mixin.py:188} INFO - 2026-03-07 21:22:36 [debug    ] Stored to S3                   key=validated/2026/03/07/CLM-4A30FD36211E.json
[2026-03-07T21:22:36.712+0000] {logging_mixin.py:188} INFO - 2026-03-07 21:22:36 [debug    ] Lineage event recorded         claim_id=CLM-4A30FD36211E latency_ms=0.07343292236328125 source=tx_validation target=tx_fraud_detection
[2026-03-07T21:22:36.713+0000] {logging_mixin.py:188} INFO - 2026-03-07 21:22:36 [info     ] Claim fraud scored             claim_id=CLM-4A30FD36211E fraud_score=0.2322 risk_level=low rules=['high_amount', 'weekend_filing', 'late_filing']
[2026-03-07T21:22:36.718+0000] {logging_mixin.py:188} INFO - 2026-03-07 21:22:36 [debug    ] Stored to S3                   key=scored/2026/03/07/CLM-4A30FD36211E.json
[2026-03-07T21:22:36.730+0000] {logging_mixin.py:188} INFO - 2026-03-07 21:22:36 [debug    ] Lineage event recorded         claim_id=CLM-4A30FD36211E latency_ms=0.19478797912597656 source=tx_fraud_detection target=tx_enrichment
[2026-03-07T21:22:36.730+0000] {logging_mixin.py:188} INFO - 2026-03-07 21:22:36 [info     ] Claim enriched                 claim_id=CLM-4A30FD36211E fields=['policy', 'claimant_history', 'geo_risk', 'category_analysis', 'adjuster_recommendation', 'reserve_estimate'] latency_ms=0.19
[2026-03-07T21:22:36.734+0000] {logging_mixin.py:188} INFO - 2026-03-07 21:22:36 [debug    ] Stored to S3                   key=enriched/2026/03/07/CLM-4A30FD36211E.json
[2026-03-07T21:22:36.746+0000] {logging_mixin.py:188} INFO - 2026-03-07 21:22:36 [debug    ] Lineage event recorded         claim_id=CLM-4A30FD36211E latency_ms=54.93354797363281 source=tx_enrichment target=sink_s3_datalake
[2026-03-07T21:22:36.756+0000] {logging_mixin.py:188} INFO - 2026-03-07 21:22:36 [debug    ] Stored to PostgreSQL           claim_id=CLM-4A30FD36211E
[2026-03-07T21:22:36.767+0000] {logging_mixin.py:188} INFO - 2026-03-07 21:22:36 [debug    ] Lineage event recorded         claim_id=CLM-4A30FD36211E latency_ms=0 source=tx_enrichment target=sink_postgres
[2026-03-07T21:22:36.767+0000] {logging_mixin.py:188} INFO - 2026-03-07 21:22:36 [info     ] Processed 40 claims            throughput=6.59/s
[2026-03-07T21:22:36.779+0000] {logging_mixin.py:188} INFO - 2026-03-07 21:22:36 [debug    ] Lineage event recorded         claim_id=CLM-14B417058F2D latency_ms=0.06318092346191406 source=src_claims_ingestion target=tx_validation
[2026-03-07T21:22:36.779+0000] {logging_mixin.py:188} INFO - 2026-03-07 21:22:36 [info     ] Claim validated                claim_id=CLM-14B417058F2D errors=0 latency_ms=0.06 valid=True
[2026-03-07T21:22:36.783+0000] {logging_mixin.py:188} INFO - 2026-03-07 21:22:36 [debug    ] Stored to S3                   key=validated/2026/03/07/CLM-14B417058F2D.json
[2026-03-07T21:22:36.795+0000] {logging_mixin.py:188} INFO - 2026-03-07 21:22:36 [debug    ] Lineage event recorded         claim_id=CLM-14B417058F2D latency_ms=0.11038780212402344 source=tx_validation target=tx_fraud_detection
[2026-03-07T21:22:36.795+0000] {logging_mixin.py:188} INFO - 2026-03-07 21:22:36 [info     ] Claim fraud scored             claim_id=CLM-14B417058F2D fraud_score=0.0759 risk_level=low rules=['weekend_filing']
[2026-03-07T21:22:36.799+0000] {logging_mixin.py:188} INFO - 2026-03-07 21:22:36 [debug    ] Stored to S3                   key=scored/2026/03/07/CLM-14B417058F2D.json
[2026-03-07T21:22:36.809+0000] {logging_mixin.py:188} INFO - 2026-03-07 21:22:36 [debug    ] Lineage event recorded         claim_id=CLM-14B417058F2D latency_ms=0.12040138244628906 source=tx_fraud_detection target=tx_enrichment
[2026-03-07T21:22:36.810+0000] {logging_mixin.py:188} INFO - 2026-03-07 21:22:36 [info     ] Claim enriched                 claim_id=CLM-14B417058F2D fields=['policy', 'claimant_history', 'geo_risk', 'category_analysis', 'adjuster_recommendation', 'reserve_estimate'] latency_ms=0.12
[2026-03-07T21:22:36.813+0000] {logging_mixin.py:188} INFO - 2026-03-07 21:22:36 [debug    ] Stored to S3                   key=enriched/2026/03/07/CLM-14B417058F2D.json
[2026-03-07T21:22:36.826+0000] {logging_mixin.py:188} INFO - 2026-03-07 21:22:36 [debug    ] Lineage event recorded         claim_id=CLM-14B417058F2D latency_ms=46.06008529663086 source=tx_enrichment target=sink_s3_datalake
[2026-03-07T21:22:36.836+0000] {logging_mixin.py:188} INFO - 2026-03-07 21:22:36 [debug    ] Stored to PostgreSQL           claim_id=CLM-14B417058F2D
[2026-03-07T21:22:36.846+0000] {logging_mixin.py:188} INFO - 2026-03-07 21:22:36 [debug    ] Lineage event recorded         claim_id=CLM-14B417058F2D latency_ms=0 source=tx_enrichment target=sink_postgres
[2026-03-07T21:22:36.857+0000] {logging_mixin.py:188} INFO - 2026-03-07 21:22:36 [debug    ] Lineage event recorded         claim_id=CLM-CC4558B0744F latency_ms=0.06198883056640625 source=src_claims_ingestion target=tx_validation
[2026-03-07T21:22:36.857+0000] {logging_mixin.py:188} INFO - 2026-03-07 21:22:36 [info     ] Claim validated                claim_id=CLM-CC4558B0744F errors=1 latency_ms=0.06 valid=False
[2026-03-07T21:22:36.861+0000] {logging_mixin.py:188} INFO - 2026-03-07 21:22:36 [debug    ] Stored to S3                   key=rejected/2026/03/07/CLM-CC4558B0744F.json
[2026-03-07T21:22:36.873+0000] {logging_mixin.py:188} INFO - 2026-03-07 21:22:36 [debug    ] Lineage event recorded         claim_id=CLM-74EDA5CD4AC6 latency_ms=0.0553131103515625 source=src_claims_ingestion target=tx_validation
[2026-03-07T21:22:36.873+0000] {logging_mixin.py:188} INFO - 2026-03-07 21:22:36 [info     ] Claim validated                claim_id=CLM-74EDA5CD4AC6 errors=0 latency_ms=0.06 valid=True
[2026-03-07T21:22:36.877+0000] {logging_mixin.py:188} INFO - 2026-03-07 21:22:36 [debug    ] Stored to S3                   key=validated/2026/03/07/CLM-74EDA5CD4AC6.json
[2026-03-07T21:22:36.888+0000] {logging_mixin.py:188} INFO - 2026-03-07 21:22:36 [debug    ] Lineage event recorded         claim_id=CLM-74EDA5CD4AC6 latency_ms=0.07367134094238281 source=tx_validation target=tx_fraud_detection
[2026-03-07T21:22:36.889+0000] {logging_mixin.py:188} INFO - 2026-03-07 21:22:36 [info     ] Claim fraud scored             claim_id=CLM-74EDA5CD4AC6 fraud_score=0.6728 risk_level=high rules=['high_amount', 'weekend_filing', 'late_filing', 'excessive_amount_for_type']
[2026-03-07T21:22:36.893+0000] {logging_mixin.py:188} INFO - 2026-03-07 21:22:36 [debug    ] Stored to S3                   key=scored/2026/03/07/CLM-74EDA5CD4AC6.json
[2026-03-07T21:22:36.903+0000] {logging_mixin.py:188} INFO - 2026-03-07 21:22:36 [debug    ] Lineage event recorded         claim_id=CLM-74EDA5CD4AC6 latency_ms=0.12111663818359375 source=tx_fraud_detection target=tx_enrichment
[2026-03-07T21:22:36.904+0000] {logging_mixin.py:188} INFO - 2026-03-07 21:22:36 [info     ] Claim enriched                 claim_id=CLM-74EDA5CD4AC6 fields=['policy', 'claimant_history', 'geo_risk', 'category_analysis', 'adjuster_recommendation', 'reserve_estimate'] latency_ms=0.12
[2026-03-07T21:22:36.908+0000] {logging_mixin.py:188} INFO - 2026-03-07 21:22:36 [debug    ] Stored to S3                   key=enriched/2026/03/07/CLM-74EDA5CD4AC6.json
[2026-03-07T21:22:36.920+0000] {logging_mixin.py:188} INFO - 2026-03-07 21:22:36 [debug    ] Lineage event recorded         claim_id=CLM-74EDA5CD4AC6 latency_ms=46.92816734313965 source=tx_enrichment target=sink_s3_datalake
[2026-03-07T21:22:36.935+0000] {logging_mixin.py:188} INFO - 2026-03-07 21:22:36 [debug    ] Stored to PostgreSQL           claim_id=CLM-74EDA5CD4AC6
[2026-03-07T21:22:36.947+0000] {logging_mixin.py:188} INFO - 2026-03-07 21:22:36 [debug    ] Lineage event recorded         claim_id=CLM-74EDA5CD4AC6 latency_ms=0 source=tx_enrichment target=sink_postgres
[2026-03-07T21:22:36.959+0000] {logging_mixin.py:188} INFO - 2026-03-07 21:22:36 [debug    ] Lineage event recorded         claim_id=CLM-2C706246980D latency_ms=0.06723403930664062 source=src_claims_ingestion target=tx_validation
[2026-03-07T21:22:36.959+0000] {logging_mixin.py:188} INFO - 2026-03-07 21:22:36 [info     ] Claim validated                claim_id=CLM-2C706246980D errors=1 latency_ms=0.07 valid=False
[2026-03-07T21:22:36.963+0000] {logging_mixin.py:188} INFO - 2026-03-07 21:22:36 [debug    ] Stored to S3                   key=rejected/2026/03/07/CLM-2C706246980D.json
[2026-03-07T21:22:36.975+0000] {logging_mixin.py:188} INFO - 2026-03-07 21:22:36 [debug    ] Lineage event recorded         claim_id=CLM-DB2A4C466F81 latency_ms=0.06270408630371094 source=src_claims_ingestion target=tx_validation
[2026-03-07T21:22:36.975+0000] {logging_mixin.py:188} INFO - 2026-03-07 21:22:36 [info     ] Claim validated                claim_id=CLM-DB2A4C466F81 errors=0 latency_ms=0.06 valid=True
[2026-03-07T21:22:36.979+0000] {logging_mixin.py:188} INFO - 2026-03-07 21:22:36 [debug    ] Stored to S3                   key=validated/2026/03/07/CLM-DB2A4C466F81.json
[2026-03-07T21:22:36.989+0000] {logging_mixin.py:188} INFO - 2026-03-07 21:22:36 [debug    ] Lineage event recorded         claim_id=CLM-DB2A4C466F81 latency_ms=0.07486343383789062 source=tx_validation target=tx_fraud_detection
[2026-03-07T21:22:36.990+0000] {logging_mixin.py:188} INFO - 2026-03-07 21:22:36 [info     ] Claim fraud scored             claim_id=CLM-DB2A4C466F81 fraud_score=0.514 risk_level=medium rules=['high_amount', 'weekend_filing', 'late_filing', 'excessive_amount_for_type']
[2026-03-07T21:22:36.994+0000] {logging_mixin.py:188} INFO - 2026-03-07 21:22:36 [debug    ] Stored to S3                   key=scored/2026/03/07/CLM-DB2A4C466F81.json
[2026-03-07T21:22:37.011+0000] {logging_mixin.py:188} INFO - 2026-03-07 21:22:37 [debug    ] Lineage event recorded         claim_id=CLM-DB2A4C466F81 latency_ms=0.1766681671142578 source=tx_fraud_detection target=tx_enrichment
[2026-03-07T21:22:37.011+0000] {logging_mixin.py:188} INFO - 2026-03-07 21:22:37 [info     ] Claim enriched                 claim_id=CLM-DB2A4C466F81 fields=['policy', 'claimant_history', 'geo_risk', 'category_analysis', 'adjuster_recommendation', 'reserve_estimate'] latency_ms=0.18
[2026-03-07T21:22:37.015+0000] {logging_mixin.py:188} INFO - 2026-03-07 21:22:37 [debug    ] Stored to S3                   key=enriched/2026/03/07/CLM-DB2A4C466F81.json
[2026-03-07T21:22:37.028+0000] {logging_mixin.py:188} INFO - 2026-03-07 21:22:37 [debug    ] Lineage event recorded         claim_id=CLM-DB2A4C466F81 latency_ms=51.73158645629883 source=tx_enrichment target=sink_s3_datalake
[2026-03-07T21:22:37.041+0000] {logging_mixin.py:188} INFO - 2026-03-07 21:22:37 [debug    ] Stored to PostgreSQL           claim_id=CLM-DB2A4C466F81
[2026-03-07T21:22:37.056+0000] {logging_mixin.py:188} INFO - 2026-03-07 21:22:37 [debug    ] Lineage event recorded         claim_id=CLM-DB2A4C466F81 latency_ms=0 source=tx_enrichment target=sink_postgres
[2026-03-07T21:22:37.067+0000] {logging_mixin.py:188} INFO - 2026-03-07 21:22:37 [debug    ] Lineage event recorded         claim_id=CLM-D9E7A97E324E latency_ms=0.061511993408203125 source=src_claims_ingestion target=tx_validation
[2026-03-07T21:22:37.068+0000] {logging_mixin.py:188} INFO - 2026-03-07 21:22:37 [info     ] Claim validated                claim_id=CLM-D9E7A97E324E errors=0 latency_ms=0.06 valid=True
[2026-03-07T21:22:37.072+0000] {logging_mixin.py:188} INFO - 2026-03-07 21:22:37 [debug    ] Stored to S3                   key=validated/2026/03/07/CLM-D9E7A97E324E.json
[2026-03-07T21:22:37.083+0000] {logging_mixin.py:188} INFO - 2026-03-07 21:22:37 [debug    ] Lineage event recorded         claim_id=CLM-D9E7A97E324E latency_ms=0.07915496826171875 source=tx_validation target=tx_fraud_detection
[2026-03-07T21:22:37.084+0000] {logging_mixin.py:188} INFO - 2026-03-07 21:22:37 [info     ] Claim fraud scored             claim_id=CLM-D9E7A97E324E fraud_score=0.4066 risk_level=medium rules=['high_amount', 'weekend_filing', 'excessive_amount_for_type']
[2026-03-07T21:22:37.088+0000] {logging_mixin.py:188} INFO - 2026-03-07 21:22:37 [debug    ] Stored to S3                   key=scored/2026/03/07/CLM-D9E7A97E324E.json
[2026-03-07T21:22:37.099+0000] {logging_mixin.py:188} INFO - 2026-03-07 21:22:37 [debug    ] Lineage event recorded         claim_id=CLM-D9E7A97E324E latency_ms=0.1270771026611328 source=tx_fraud_detection target=tx_enrichment
[2026-03-07T21:22:37.099+0000] {logging_mixin.py:188} INFO - 2026-03-07 21:22:37 [info     ] Claim enriched                 claim_id=CLM-D9E7A97E324E fields=['policy', 'claimant_history', 'geo_risk', 'category_analysis', 'adjuster_recommendation', 'reserve_estimate'] latency_ms=0.13
[2026-03-07T21:22:37.103+0000] {logging_mixin.py:188} INFO - 2026-03-07 21:22:37 [debug    ] Stored to S3                   key=enriched/2026/03/07/CLM-D9E7A97E324E.json
[2026-03-07T21:22:37.114+0000] {logging_mixin.py:188} INFO - 2026-03-07 21:22:37 [debug    ] Lineage event recorded         claim_id=CLM-D9E7A97E324E latency_ms=47.097206115722656 source=tx_enrichment target=sink_s3_datalake
[2026-03-07T21:22:37.126+0000] {logging_mixin.py:188} INFO - 2026-03-07 21:22:37 [debug    ] Stored to PostgreSQL           claim_id=CLM-D9E7A97E324E
[2026-03-07T21:22:37.137+0000] {logging_mixin.py:188} INFO - 2026-03-07 21:22:37 [debug    ] Lineage event recorded         claim_id=CLM-D9E7A97E324E latency_ms=0 source=tx_enrichment target=sink_postgres
[2026-03-07T21:22:37.150+0000] {logging_mixin.py:188} INFO - 2026-03-07 21:22:37 [debug    ] Lineage event recorded         claim_id=CLM-23E07C141A60 latency_ms=0.07534027099609375 source=src_claims_ingestion target=tx_validation
[2026-03-07T21:22:37.150+0000] {logging_mixin.py:188} INFO - 2026-03-07 21:22:37 [info     ] Claim validated                claim_id=CLM-23E07C141A60 errors=0 latency_ms=0.08 valid=True
[2026-03-07T21:22:37.155+0000] {logging_mixin.py:188} INFO - 2026-03-07 21:22:37 [debug    ] Stored to S3                   key=validated/2026/03/07/CLM-23E07C141A60.json
[2026-03-07T21:22:37.170+0000] {logging_mixin.py:188} INFO - 2026-03-07 21:22:37 [debug    ] Lineage event recorded         claim_id=CLM-23E07C141A60 latency_ms=0.2090930938720703 source=tx_validation target=tx_fraud_detection
[2026-03-07T21:22:37.170+0000] {logging_mixin.py:188} INFO - 2026-03-07 21:22:37 [info     ] Claim fraud scored             claim_id=CLM-23E07C141A60 fraud_score=0.0759 risk_level=low rules=['weekend_filing']
[2026-03-07T21:22:37.175+0000] {logging_mixin.py:188} INFO - 2026-03-07 21:22:37 [debug    ] Stored to S3                   key=scored/2026/03/07/CLM-23E07C141A60.json
[2026-03-07T21:22:37.192+0000] {logging_mixin.py:188} INFO - 2026-03-07 21:22:37 [debug    ] Lineage event recorded         claim_id=CLM-23E07C141A60 latency_ms=0.12421607971191406 source=tx_fraud_detection target=tx_enrichment
[2026-03-07T21:22:37.192+0000] {logging_mixin.py:188} INFO - 2026-03-07 21:22:37 [info     ] Claim enriched                 claim_id=CLM-23E07C141A60 fields=['policy', 'claimant_history', 'geo_risk', 'category_analysis', 'adjuster_recommendation', 'reserve_estimate'] latency_ms=0.12
[2026-03-07T21:22:37.196+0000] {logging_mixin.py:188} INFO - 2026-03-07 21:22:37 [debug    ] Stored to S3                   key=enriched/2026/03/07/CLM-23E07C141A60.json
[2026-03-07T21:22:37.447+0000] {logging_mixin.py:188} INFO - 2026-03-07 21:22:37 [debug    ] Lineage event recorded         claim_id=CLM-23E07C141A60 latency_ms=59.090614318847656 source=tx_enrichment target=sink_s3_datalake
[2026-03-07T21:22:37.465+0000] {logging_mixin.py:188} INFO - 2026-03-07 21:22:37 [debug    ] Stored to PostgreSQL           claim_id=CLM-23E07C141A60
[2026-03-07T21:22:37.481+0000] {logging_mixin.py:188} INFO - 2026-03-07 21:22:37 [debug    ] Lineage event recorded         claim_id=CLM-23E07C141A60 latency_ms=0 source=tx_enrichment target=sink_postgres
[2026-03-07T21:22:37.498+0000] {logging_mixin.py:188} INFO - 2026-03-07 21:22:37 [debug    ] Lineage event recorded         claim_id=CLM-9AF9BC6FDF5D latency_ms=0.0934600830078125 source=src_claims_ingestion target=tx_validation
[2026-03-07T21:22:37.499+0000] {logging_mixin.py:188} INFO - 2026-03-07 21:22:37 [info     ] Claim validated                claim_id=CLM-9AF9BC6FDF5D errors=0 latency_ms=0.09 valid=True
[2026-03-07T21:22:37.505+0000] {logging_mixin.py:188} INFO - 2026-03-07 21:22:37 [debug    ] Stored to S3                   key=validated/2026/03/07/CLM-9AF9BC6FDF5D.json
[2026-03-07T21:22:37.523+0000] {logging_mixin.py:188} INFO - 2026-03-07 21:22:37 [debug    ] Lineage event recorded         claim_id=CLM-9AF9BC6FDF5D latency_ms=0.17690658569335938 source=tx_validation target=tx_fraud_detection
[2026-03-07T21:22:37.524+0000] {logging_mixin.py:188} INFO - 2026-03-07 21:22:37 [info     ] Claim fraud scored             claim_id=CLM-9AF9BC6FDF5D fraud_score=0.2606 risk_level=low rules=['high_amount', 'weekend_filing', 'late_filing']
[2026-03-07T21:22:37.530+0000] {logging_mixin.py:188} INFO - 2026-03-07 21:22:37 [debug    ] Stored to S3                   key=scored/2026/03/07/CLM-9AF9BC6FDF5D.json
[2026-03-07T21:22:37.547+0000] {logging_mixin.py:188} INFO - 2026-03-07 21:22:37 [debug    ] Lineage event recorded         claim_id=CLM-9AF9BC6FDF5D latency_ms=0.240325927734375 source=tx_fraud_detection target=tx_enrichment
[2026-03-07T21:22:37.547+0000] {logging_mixin.py:188} INFO - 2026-03-07 21:22:37 [info     ] Claim enriched                 claim_id=CLM-9AF9BC6FDF5D fields=['policy', 'claimant_history', 'geo_risk', 'category_analysis', 'adjuster_recommendation', 'reserve_estimate'] latency_ms=0.24
[2026-03-07T21:22:37.552+0000] {logging_mixin.py:188} INFO - 2026-03-07 21:22:37 [debug    ] Stored to S3                   key=enriched/2026/03/07/CLM-9AF9BC6FDF5D.json
[2026-03-07T21:22:37.566+0000] {logging_mixin.py:188} INFO - 2026-03-07 21:22:37 [debug    ] Lineage event recorded         claim_id=CLM-9AF9BC6FDF5D latency_ms=70.44053077697754 source=tx_enrichment target=sink_s3_datalake
[2026-03-07T21:22:37.582+0000] {logging_mixin.py:188} INFO - 2026-03-07 21:22:37 [debug    ] Stored to PostgreSQL           claim_id=CLM-9AF9BC6FDF5D
[2026-03-07T21:22:37.598+0000] {logging_mixin.py:188} INFO - 2026-03-07 21:22:37 [debug    ] Lineage event recorded         claim_id=CLM-9AF9BC6FDF5D latency_ms=0 source=tx_enrichment target=sink_postgres
[2026-03-07T21:22:37.612+0000] {logging_mixin.py:188} INFO - 2026-03-07 21:22:37 [debug    ] Lineage event recorded         claim_id=CLM-804AD6C96F33 latency_ms=0.10704994201660156 source=src_claims_ingestion target=tx_validation
[2026-03-07T21:22:37.613+0000] {logging_mixin.py:188} INFO - 2026-03-07 21:22:37 [info     ] Claim validated                claim_id=CLM-804AD6C96F33 errors=1 latency_ms=0.11 valid=False
[2026-03-07T21:22:37.619+0000] {logging_mixin.py:188} INFO - 2026-03-07 21:22:37 [debug    ] Stored to S3                   key=rejected/2026/03/07/CLM-804AD6C96F33.json
[2026-03-07T21:22:37.633+0000] {logging_mixin.py:188} INFO - 2026-03-07 21:22:37 [debug    ] Lineage event recorded         claim_id=CLM-261F86705CA7 latency_ms=0.07295608520507812 source=src_claims_ingestion target=tx_validation
[2026-03-07T21:22:37.633+0000] {logging_mixin.py:188} INFO - 2026-03-07 21:22:37 [info     ] Claim validated                claim_id=CLM-261F86705CA7 errors=1 latency_ms=0.07 valid=False
[2026-03-07T21:22:37.638+0000] {logging_mixin.py:188} INFO - 2026-03-07 21:22:37 [debug    ] Stored to S3                   key=rejected/2026/03/07/CLM-261F86705CA7.json
[2026-03-07T21:22:37.639+0000] {logging_mixin.py:188} INFO - 2026-03-07 21:22:37 [info     ] Processed 50 claims            throughput=7.20/s
[2026-03-07T21:22:37.647+0000] {logging_mixin.py:188} INFO - 2026-03-07 21:22:37 [info     ] Stream processor stopped. Total processed: 50
[2026-03-07T21:22:37.647+0000] {logging_mixin.py:188} INFO - Stream processing completed for 50 claims
[2026-03-07T21:22:37.649+0000] {python.py:201} INFO - Done. Returned value was: 50
[2026-03-07T21:22:37.677+0000] {taskinstance.py:1138} INFO - Marking task as SUCCESS. dag_id=insurance_claims_pipeline, task_id=stream_processing, execution_date=20260307T212220, start_date=20260307T212230, end_date=20260307T212237
[2026-03-07T21:22:37.732+0000] {local_task_job_runner.py:234} INFO - Task exited with return code 0
[2026-03-07T21:22:37.770+0000] {taskinstance.py:3280} INFO - 0 downstream tasks scheduled from follow-on schedule check
