[2026-03-07T21:14:57.733+0000] {taskinstance.py:1956} INFO - Dependencies all met for dep_context=non-requeueable deps ti=<TaskInstance: insurance_claims_pipeline.stream_processing manual__2026-03-07T21:14:37+00:00 [queued]>
[2026-03-07T21:14:57.762+0000] {taskinstance.py:1956} INFO - Dependencies all met for dep_context=requeueable deps ti=<TaskInstance: insurance_claims_pipeline.stream_processing manual__2026-03-07T21:14:37+00:00 [queued]>
[2026-03-07T21:14:57.763+0000] {taskinstance.py:2170} INFO - Starting attempt 1 of 3
[2026-03-07T21:14:57.803+0000] {taskinstance.py:2191} INFO - Executing <Task(PythonOperator): stream_processing> on 2026-03-07 21:14:37+00:00
[2026-03-07T21:14:57.817+0000] {standard_task_runner.py:60} INFO - Started process 587 to run task
[2026-03-07T21:14:57.831+0000] {standard_task_runner.py:87} INFO - Running: ['airflow', 'tasks', 'run', 'insurance_claims_pipeline', 'stream_processing', 'manual__2026-03-07T21:14:37+00:00', '--job-id', '11', '--raw', '--subdir', 'DAGS_FOLDER/insurance_claims_pipeline.py', '--cfg-path', '/tmp/tmp7jipq253']
[2026-03-07T21:14:57.845+0000] {standard_task_runner.py:88} INFO - Job 11: Subtask stream_processing
[2026-03-07T21:14:58.022+0000] {task_command.py:423} INFO - Running <TaskInstance: insurance_claims_pipeline.stream_processing manual__2026-03-07T21:14:37+00:00 [running]> on host 9dc18f9f578f
[2026-03-07T21:14:58.403+0000] {taskinstance.py:2480} INFO - Exporting env vars: AIRFLOW_CTX_DAG_OWNER='insurance-pipeline-team' AIRFLOW_CTX_DAG_ID='insurance_claims_pipeline' AIRFLOW_CTX_TASK_ID='stream_processing' AIRFLOW_CTX_EXECUTION_DATE='2026-03-07T21:14:37+00:00' AIRFLOW_CTX_TRY_NUMBER='1' AIRFLOW_CTX_DAG_RUN_ID='manual__2026-03-07T21:14:37+00:00'
[2026-03-07T21:14:59.099+0000] {logging_mixin.py:188} INFO - 2026-03-07 21:14:59 [info     ] OTLP tracing exporter initialized endpoint=http://jaeger:4317
[2026-03-07T21:14:59.099+0000] {logging_mixin.py:188} INFO - 2026-03-07 21:14:59 [info     ] Tracing initialized            service=insurance-claims-pipeline
[2026-03-07T21:14:59.424+0000] {logging_mixin.py:188} INFO - 2026-03-07 21:14:59 [info     ] Stream processor started       max_messages=50 topic=insurance.claims.raw
[2026-03-07T21:15:02.854+0000] {logging_mixin.py:188} INFO - 2026-03-07 21:15:02 [debug    ] Lineage event recorded         claim_id=CLM-B78DD792CD93 latency_ms=0.5729198455810547 source=src_claims_ingestion target=tx_validation
[2026-03-07T21:15:02.859+0000] {logging_mixin.py:188} INFO - 2026-03-07 21:15:02 [info     ] Claim validated                claim_id=CLM-B78DD792CD93 errors=0 latency_ms=0.57 valid=True
[2026-03-07T21:15:02.994+0000] {logging_mixin.py:188} INFO - 2026-03-07 21:15:02 [debug    ] Stored to S3                   key=validated/2026/03/07/CLM-B78DD792CD93.json
[2026-03-07T21:15:03.179+0000] {logging_mixin.py:188} INFO - 2026-03-07 21:15:03 [debug    ] Lineage event recorded         claim_id=CLM-B78DD792CD93 latency_ms=0.5583763122558594 source=tx_validation target=tx_fraud_detection
[2026-03-07T21:15:03.182+0000] {logging_mixin.py:188} INFO - 2026-03-07 21:15:03 [info     ] Claim fraud scored             claim_id=CLM-B78DD792CD93 fraud_score=0.1515 risk_level=low rules=['high_amount', 'weekend_filing']
[2026-03-07T21:15:03.202+0000] {logging_mixin.py:188} INFO - 2026-03-07 21:15:03 [debug    ] Stored to S3                   key=scored/2026/03/07/CLM-B78DD792CD93.json
[2026-03-07T21:15:03.274+0000] {logging_mixin.py:188} INFO - 2026-03-07 21:15:03 [debug    ] Lineage event recorded         claim_id=CLM-B78DD792CD93 latency_ms=5.750179290771484 source=tx_fraud_detection target=tx_enrichment
[2026-03-07T21:15:03.275+0000] {logging_mixin.py:188} INFO - 2026-03-07 21:15:03 [info     ] Claim enriched                 claim_id=CLM-B78DD792CD93 fields=['policy', 'claimant_history', 'geo_risk', 'category_analysis', 'adjuster_recommendation', 'reserve_estimate'] latency_ms=5.75
[2026-03-07T21:15:03.286+0000] {logging_mixin.py:188} INFO - 2026-03-07 21:15:03 [debug    ] Stored to S3                   key=enriched/2026/03/07/CLM-B78DD792CD93.json
[2026-03-07T21:15:03.333+0000] {logging_mixin.py:188} INFO - 2026-03-07 21:15:03 [debug    ] Lineage event recorded         claim_id=CLM-B78DD792CD93 latency_ms=736.635684967041 source=tx_enrichment target=sink_s3_datalake
[2026-03-07T21:15:03.363+0000] {logging_mixin.py:188} INFO - 2026-03-07 21:15:03 [debug    ] Stored to PostgreSQL           claim_id=CLM-B78DD792CD93
[2026-03-07T21:15:03.430+0000] {logging_mixin.py:188} INFO - 2026-03-07 21:15:03 [debug    ] Lineage event recorded         claim_id=CLM-B78DD792CD93 latency_ms=0 source=tx_enrichment target=sink_postgres
[2026-03-07T21:15:03.466+0000] {logging_mixin.py:188} INFO - 2026-03-07 21:15:03 [debug    ] Lineage event recorded         claim_id=CLM-08D2DA914D3A latency_ms=0.34117698669433594 source=src_claims_ingestion target=tx_validation
[2026-03-07T21:15:03.467+0000] {logging_mixin.py:188} INFO - 2026-03-07 21:15:03 [info     ] Claim validated                claim_id=CLM-08D2DA914D3A errors=0 latency_ms=0.34 valid=True
[2026-03-07T21:15:03.482+0000] {logging_mixin.py:188} INFO - 2026-03-07 21:15:03 [debug    ] Stored to S3                   key=validated/2026/03/07/CLM-08D2DA914D3A.json
[2026-03-07T21:15:03.513+0000] {logging_mixin.py:188} INFO - 2026-03-07 21:15:03 [debug    ] Lineage event recorded         claim_id=CLM-08D2DA914D3A latency_ms=0.14209747314453125 source=tx_validation target=tx_fraud_detection
[2026-03-07T21:15:03.514+0000] {logging_mixin.py:188} INFO - 2026-03-07 21:15:03 [info     ] Claim fraud scored             claim_id=CLM-08D2DA914D3A fraud_score=0.2412 risk_level=low rules=['high_amount', 'weekend_filing']
[2026-03-07T21:15:03.526+0000] {logging_mixin.py:188} INFO - 2026-03-07 21:15:03 [debug    ] Stored to S3                   key=scored/2026/03/07/CLM-08D2DA914D3A.json
[2026-03-07T21:15:03.556+0000] {logging_mixin.py:188} INFO - 2026-03-07 21:15:03 [debug    ] Lineage event recorded         claim_id=CLM-08D2DA914D3A latency_ms=0.26297569274902344 source=tx_fraud_detection target=tx_enrichment
[2026-03-07T21:15:03.557+0000] {logging_mixin.py:188} INFO - 2026-03-07 21:15:03 [info     ] Claim enriched                 claim_id=CLM-08D2DA914D3A fields=['policy', 'claimant_history', 'geo_risk', 'category_analysis', 'adjuster_recommendation', 'reserve_estimate'] latency_ms=0.26
[2026-03-07T21:15:03.567+0000] {logging_mixin.py:188} INFO - 2026-03-07 21:15:03 [debug    ] Stored to S3                   key=enriched/2026/03/07/CLM-08D2DA914D3A.json
[2026-03-07T21:15:03.598+0000] {logging_mixin.py:188} INFO - 2026-03-07 21:15:03 [debug    ] Lineage event recorded         claim_id=CLM-08D2DA914D3A latency_ms=135.7736587524414 source=tx_enrichment target=sink_s3_datalake
[2026-03-07T21:15:03.629+0000] {logging_mixin.py:188} INFO - 2026-03-07 21:15:03 [debug    ] Stored to PostgreSQL           claim_id=CLM-08D2DA914D3A
[2026-03-07T21:15:03.658+0000] {logging_mixin.py:188} INFO - 2026-03-07 21:15:03 [debug    ] Lineage event recorded         claim_id=CLM-08D2DA914D3A latency_ms=0 source=tx_enrichment target=sink_postgres
[2026-03-07T21:15:03.688+0000] {logging_mixin.py:188} INFO - 2026-03-07 21:15:03 [debug    ] Lineage event recorded         claim_id=CLM-A075F14B1BC3 latency_ms=0.22172927856445312 source=src_claims_ingestion target=tx_validation
[2026-03-07T21:15:03.689+0000] {logging_mixin.py:188} INFO - 2026-03-07 21:15:03 [info     ] Claim validated                claim_id=CLM-A075F14B1BC3 errors=0 latency_ms=0.22 valid=True
[2026-03-07T21:15:03.699+0000] {logging_mixin.py:188} INFO - 2026-03-07 21:15:03 [debug    ] Stored to S3                   key=validated/2026/03/07/CLM-A075F14B1BC3.json
[2026-03-07T21:15:03.726+0000] {logging_mixin.py:188} INFO - 2026-03-07 21:15:03 [debug    ] Lineage event recorded         claim_id=CLM-A075F14B1BC3 latency_ms=0.20933151245117188 source=tx_validation target=tx_fraud_detection
[2026-03-07T21:15:03.727+0000] {logging_mixin.py:188} INFO - 2026-03-07 21:15:03 [info     ] Claim fraud scored             claim_id=CLM-A075F14B1BC3 fraud_score=0.7053 risk_level=high rules=['high_amount', 'weekend_filing', 'late_filing', 'excessive_amount_for_type']
[2026-03-07T21:15:03.739+0000] {logging_mixin.py:188} INFO - 2026-03-07 21:15:03 [debug    ] Stored to S3                   key=scored/2026/03/07/CLM-A075F14B1BC3.json
[2026-03-07T21:15:03.777+0000] {logging_mixin.py:188} INFO - 2026-03-07 21:15:03 [debug    ] Lineage event recorded         claim_id=CLM-A075F14B1BC3 latency_ms=0.2799034118652344 source=tx_fraud_detection target=tx_enrichment
[2026-03-07T21:15:03.778+0000] {logging_mixin.py:188} INFO - 2026-03-07 21:15:03 [info     ] Claim enriched                 claim_id=CLM-A075F14B1BC3 fields=['policy', 'claimant_history', 'geo_risk', 'category_analysis', 'adjuster_recommendation', 'reserve_estimate'] latency_ms=0.28
[2026-03-07T21:15:03.786+0000] {logging_mixin.py:188} INFO - 2026-03-07 21:15:03 [debug    ] Stored to S3                   key=enriched/2026/03/07/CLM-A075F14B1BC3.json
[2026-03-07T21:15:03.811+0000] {logging_mixin.py:188} INFO - 2026-03-07 21:15:03 [debug    ] Lineage event recorded         claim_id=CLM-A075F14B1BC3 latency_ms=127.61402130126953 source=tx_enrichment target=sink_s3_datalake
[2026-03-07T21:15:03.835+0000] {logging_mixin.py:188} INFO - 2026-03-07 21:15:03 [debug    ] Stored to PostgreSQL           claim_id=CLM-A075F14B1BC3
[2026-03-07T21:15:03.859+0000] {logging_mixin.py:188} INFO - 2026-03-07 21:15:03 [debug    ] Lineage event recorded         claim_id=CLM-A075F14B1BC3 latency_ms=0 source=tx_enrichment target=sink_postgres
[2026-03-07T21:15:03.887+0000] {logging_mixin.py:188} INFO - 2026-03-07 21:15:03 [debug    ] Lineage event recorded         claim_id=CLM-47A1A10B276D latency_ms=0.0896453857421875 source=src_claims_ingestion target=tx_validation
[2026-03-07T21:15:03.888+0000] {logging_mixin.py:188} INFO - 2026-03-07 21:15:03 [info     ] Claim validated                claim_id=CLM-47A1A10B276D errors=0 latency_ms=0.09 valid=True
[2026-03-07T21:15:03.897+0000] {logging_mixin.py:188} INFO - 2026-03-07 21:15:03 [debug    ] Stored to S3                   key=validated/2026/03/07/CLM-47A1A10B276D.json
[2026-03-07T21:15:03.927+0000] {logging_mixin.py:188} INFO - 2026-03-07 21:15:03 [debug    ] Lineage event recorded         claim_id=CLM-47A1A10B276D latency_ms=0.17023086547851562 source=tx_validation target=tx_fraud_detection
[2026-03-07T21:15:03.928+0000] {logging_mixin.py:188} INFO - 2026-03-07 21:15:03 [info     ] Claim fraud scored             claim_id=CLM-47A1A10B276D fraud_score=0.0925 risk_level=low rules=['weekend_filing', 'late_filing']
[2026-03-07T21:15:03.938+0000] {logging_mixin.py:188} INFO - 2026-03-07 21:15:03 [debug    ] Stored to S3                   key=scored/2026/03/07/CLM-47A1A10B276D.json
[2026-03-07T21:15:03.971+0000] {logging_mixin.py:188} INFO - 2026-03-07 21:15:03 [debug    ] Lineage event recorded         claim_id=CLM-47A1A10B276D latency_ms=0.3688335418701172 source=tx_fraud_detection target=tx_enrichment
[2026-03-07T21:15:03.972+0000] {logging_mixin.py:188} INFO - 2026-03-07 21:15:03 [info     ] Claim enriched                 claim_id=CLM-47A1A10B276D fields=['policy', 'claimant_history', 'geo_risk', 'category_analysis', 'adjuster_recommendation', 'reserve_estimate'] latency_ms=0.37
[2026-03-07T21:15:03.983+0000] {logging_mixin.py:188} INFO - 2026-03-07 21:15:03 [debug    ] Stored to S3                   key=enriched/2026/03/07/CLM-47A1A10B276D.json
[2026-03-07T21:15:04.014+0000] {logging_mixin.py:188} INFO - 2026-03-07 21:15:04 [debug    ] Lineage event recorded         claim_id=CLM-47A1A10B276D latency_ms=123.61359596252441 source=tx_enrichment target=sink_s3_datalake
[2026-03-07T21:15:04.047+0000] {logging_mixin.py:188} INFO - 2026-03-07 21:15:04 [debug    ] Stored to PostgreSQL           claim_id=CLM-47A1A10B276D
[2026-03-07T21:15:04.094+0000] {logging_mixin.py:188} INFO - 2026-03-07 21:15:04 [debug    ] Lineage event recorded         claim_id=CLM-47A1A10B276D latency_ms=0 source=tx_enrichment target=sink_postgres
[2026-03-07T21:15:04.156+0000] {logging_mixin.py:188} INFO - 2026-03-07 21:15:04 [debug    ] Lineage event recorded         claim_id=CLM-203CC490C707 latency_ms=0.19359588623046875 source=src_claims_ingestion target=tx_validation
[2026-03-07T21:15:04.158+0000] {logging_mixin.py:188} INFO - 2026-03-07 21:15:04 [info     ] Claim validated                claim_id=CLM-203CC490C707 errors=0 latency_ms=0.19 valid=True
[2026-03-07T21:15:04.177+0000] {logging_mixin.py:188} INFO - 2026-03-07 21:15:04 [debug    ] Stored to S3                   key=validated/2026/03/07/CLM-203CC490C707.json
[2026-03-07T21:15:04.218+0000] {logging_mixin.py:188} INFO - 2026-03-07 21:15:04 [debug    ] Lineage event recorded         claim_id=CLM-203CC490C707 latency_ms=0.2982616424560547 source=tx_validation target=tx_fraud_detection
[2026-03-07T21:15:04.220+0000] {logging_mixin.py:188} INFO - 2026-03-07 21:15:04 [info     ] Claim fraud scored             claim_id=CLM-203CC490C707 fraud_score=0.7186 risk_level=high rules=['high_amount', 'weekend_filing', 'late_filing', 'excessive_amount_for_type']
[2026-03-07T21:15:04.236+0000] {logging_mixin.py:188} INFO - 2026-03-07 21:15:04 [debug    ] Stored to S3                   key=scored/2026/03/07/CLM-203CC490C707.json
[2026-03-07T21:15:04.264+0000] {logging_mixin.py:188} INFO - 2026-03-07 21:15:04 [debug    ] Lineage event recorded         claim_id=CLM-203CC490C707 latency_ms=0.6241798400878906 source=tx_fraud_detection target=tx_enrichment
[2026-03-07T21:15:04.266+0000] {logging_mixin.py:188} INFO - 2026-03-07 21:15:04 [info     ] Claim enriched                 claim_id=CLM-203CC490C707 fields=['policy', 'claimant_history', 'geo_risk', 'category_analysis', 'adjuster_recommendation', 'reserve_estimate'] latency_ms=0.62
[2026-03-07T21:15:04.272+0000] {logging_mixin.py:188} INFO - 2026-03-07 21:15:04 [debug    ] Stored to S3                   key=enriched/2026/03/07/CLM-203CC490C707.json
[2026-03-07T21:15:04.295+0000] {logging_mixin.py:188} INFO - 2026-03-07 21:15:04 [debug    ] Lineage event recorded         claim_id=CLM-203CC490C707 latency_ms=177.25634574890137 source=tx_enrichment target=sink_s3_datalake
[2026-03-07T21:15:04.321+0000] {logging_mixin.py:188} INFO - 2026-03-07 21:15:04 [debug    ] Stored to PostgreSQL           claim_id=CLM-203CC490C707
[2026-03-07T21:15:04.356+0000] {logging_mixin.py:188} INFO - 2026-03-07 21:15:04 [debug    ] Lineage event recorded         claim_id=CLM-203CC490C707 latency_ms=0 source=tx_enrichment target=sink_postgres
[2026-03-07T21:15:04.385+0000] {logging_mixin.py:188} INFO - 2026-03-07 21:15:04 [debug    ] Lineage event recorded         claim_id=CLM-DD914D2D003F latency_ms=0.19097328186035156 source=src_claims_ingestion target=tx_validation
[2026-03-07T21:15:04.386+0000] {logging_mixin.py:188} INFO - 2026-03-07 21:15:04 [info     ] Claim validated                claim_id=CLM-DD914D2D003F errors=1 latency_ms=0.19 valid=False
[2026-03-07T21:15:04.395+0000] {logging_mixin.py:188} INFO - 2026-03-07 21:15:04 [debug    ] Stored to S3                   key=rejected/2026/03/07/CLM-DD914D2D003F.json
[2026-03-07T21:15:04.437+0000] {logging_mixin.py:188} INFO - 2026-03-07 21:15:04 [debug    ] Lineage event recorded         claim_id=CLM-1800C025B605 latency_ms=0.23174285888671875 source=src_claims_ingestion target=tx_validation
[2026-03-07T21:15:04.438+0000] {logging_mixin.py:188} INFO - 2026-03-07 21:15:04 [info     ] Claim validated                claim_id=CLM-1800C025B605 errors=1 latency_ms=0.23 valid=False
[2026-03-07T21:15:04.450+0000] {logging_mixin.py:188} INFO - 2026-03-07 21:15:04 [debug    ] Stored to S3                   key=rejected/2026/03/07/CLM-1800C025B605.json
[2026-03-07T21:15:04.489+0000] {logging_mixin.py:188} INFO - 2026-03-07 21:15:04 [debug    ] Lineage event recorded         claim_id=CLM-B7CBBDD9AF83 latency_ms=0.1533031463623047 source=src_claims_ingestion target=tx_validation
[2026-03-07T21:15:04.490+0000] {logging_mixin.py:188} INFO - 2026-03-07 21:15:04 [info     ] Claim validated                claim_id=CLM-B7CBBDD9AF83 errors=0 latency_ms=0.15 valid=True
[2026-03-07T21:15:04.505+0000] {logging_mixin.py:188} INFO - 2026-03-07 21:15:04 [debug    ] Stored to S3                   key=validated/2026/03/07/CLM-B7CBBDD9AF83.json
[2026-03-07T21:15:04.540+0000] {logging_mixin.py:188} INFO - 2026-03-07 21:15:04 [debug    ] Lineage event recorded         claim_id=CLM-B7CBBDD9AF83 latency_ms=0.25916099548339844 source=tx_validation target=tx_fraud_detection
[2026-03-07T21:15:04.541+0000] {logging_mixin.py:188} INFO - 2026-03-07 21:15:04 [info     ] Claim fraud scored             claim_id=CLM-B7CBBDD9AF83 fraud_score=0.1566 risk_level=low rules=['high_amount', 'weekend_filing']
[2026-03-07T21:15:04.551+0000] {logging_mixin.py:188} INFO - 2026-03-07 21:15:04 [debug    ] Stored to S3                   key=scored/2026/03/07/CLM-B7CBBDD9AF83.json
[2026-03-07T21:15:04.576+0000] {logging_mixin.py:188} INFO - 2026-03-07 21:15:04 [debug    ] Lineage event recorded         claim_id=CLM-B7CBBDD9AF83 latency_ms=0.22864341735839844 source=tx_fraud_detection target=tx_enrichment
[2026-03-07T21:15:04.576+0000] {logging_mixin.py:188} INFO - 2026-03-07 21:15:04 [info     ] Claim enriched                 claim_id=CLM-B7CBBDD9AF83 fields=['policy', 'claimant_history', 'geo_risk', 'category_analysis', 'adjuster_recommendation', 'reserve_estimate'] latency_ms=0.23
[2026-03-07T21:15:04.588+0000] {logging_mixin.py:188} INFO - 2026-03-07 21:15:04 [debug    ] Stored to S3                   key=enriched/2026/03/07/CLM-B7CBBDD9AF83.json
[2026-03-07T21:15:04.615+0000] {logging_mixin.py:188} INFO - 2026-03-07 21:15:04 [debug    ] Lineage event recorded         claim_id=CLM-B7CBBDD9AF83 latency_ms=137.36557960510254 source=tx_enrichment target=sink_s3_datalake
[2026-03-07T21:15:04.643+0000] {logging_mixin.py:188} INFO - 2026-03-07 21:15:04 [debug    ] Stored to PostgreSQL           claim_id=CLM-B7CBBDD9AF83
[2026-03-07T21:15:04.670+0000] {logging_mixin.py:188} INFO - 2026-03-07 21:15:04 [debug    ] Lineage event recorded         claim_id=CLM-B7CBBDD9AF83 latency_ms=0 source=tx_enrichment target=sink_postgres
[2026-03-07T21:15:04.698+0000] {logging_mixin.py:188} INFO - 2026-03-07 21:15:04 [debug    ] Lineage event recorded         claim_id=CLM-CC8923CF7625 latency_ms=0.1373291015625 source=src_claims_ingestion target=tx_validation
[2026-03-07T21:15:04.698+0000] {logging_mixin.py:188} INFO - 2026-03-07 21:15:04 [info     ] Claim validated                claim_id=CLM-CC8923CF7625 errors=0 latency_ms=0.14 valid=True
[2026-03-07T21:15:04.709+0000] {logging_mixin.py:188} INFO - 2026-03-07 21:15:04 [debug    ] Stored to S3                   key=validated/2026/03/07/CLM-CC8923CF7625.json
[2026-03-07T21:15:04.739+0000] {logging_mixin.py:188} INFO - 2026-03-07 21:15:04 [debug    ] Lineage event recorded         claim_id=CLM-CC8923CF7625 latency_ms=0.1857280731201172 source=tx_validation target=tx_fraud_detection
[2026-03-07T21:15:04.740+0000] {logging_mixin.py:188} INFO - 2026-03-07 21:15:04 [info     ] Claim fraud scored             claim_id=CLM-CC8923CF7625 fraud_score=0.4857 risk_level=medium rules=['high_amount', 'weekend_filing', 'late_filing', 'excessive_amount_for_type']
[2026-03-07T21:15:04.759+0000] {logging_mixin.py:188} INFO - 2026-03-07 21:15:04 [debug    ] Stored to S3                   key=scored/2026/03/07/CLM-CC8923CF7625.json
[2026-03-07T21:15:04.806+0000] {logging_mixin.py:188} INFO - 2026-03-07 21:15:04 [debug    ] Lineage event recorded         claim_id=CLM-CC8923CF7625 latency_ms=1.0211467742919922 source=tx_fraud_detection target=tx_enrichment
[2026-03-07T21:15:04.807+0000] {logging_mixin.py:188} INFO - 2026-03-07 21:15:04 [info     ] Claim enriched                 claim_id=CLM-CC8923CF7625 fields=['policy', 'claimant_history', 'geo_risk', 'category_analysis', 'adjuster_recommendation', 'reserve_estimate'] latency_ms=1.02
[2026-03-07T21:15:04.824+0000] {logging_mixin.py:188} INFO - 2026-03-07 21:15:04 [debug    ] Stored to S3                   key=enriched/2026/03/07/CLM-CC8923CF7625.json
[2026-03-07T21:15:04.853+0000] {logging_mixin.py:188} INFO - 2026-03-07 21:15:04 [debug    ] Lineage event recorded         claim_id=CLM-CC8923CF7625 latency_ms=153.46145629882812 source=tx_enrichment target=sink_s3_datalake
[2026-03-07T21:15:04.882+0000] {logging_mixin.py:188} INFO - 2026-03-07 21:15:04 [debug    ] Stored to PostgreSQL           claim_id=CLM-CC8923CF7625
[2026-03-07T21:15:04.925+0000] {logging_mixin.py:188} INFO - 2026-03-07 21:15:04 [debug    ] Lineage event recorded         claim_id=CLM-CC8923CF7625 latency_ms=0 source=tx_enrichment target=sink_postgres
[2026-03-07T21:15:04.968+0000] {logging_mixin.py:188} INFO - 2026-03-07 21:15:04 [debug    ] Lineage event recorded         claim_id=CLM-553BF2E82F40 latency_ms=0.1316070556640625 source=src_claims_ingestion target=tx_validation
[2026-03-07T21:15:04.968+0000] {logging_mixin.py:188} INFO - 2026-03-07 21:15:04 [info     ] Claim validated                claim_id=CLM-553BF2E82F40 errors=0 latency_ms=0.13 valid=True
[2026-03-07T21:15:04.978+0000] {logging_mixin.py:188} INFO - 2026-03-07 21:15:04 [debug    ] Stored to S3                   key=validated/2026/03/07/CLM-553BF2E82F40.json
[2026-03-07T21:15:05.018+0000] {logging_mixin.py:188} INFO - 2026-03-07 21:15:05 [debug    ] Lineage event recorded         claim_id=CLM-553BF2E82F40 latency_ms=0.19049644470214844 source=tx_validation target=tx_fraud_detection
[2026-03-07T21:15:05.019+0000] {logging_mixin.py:188} INFO - 2026-03-07 21:15:05 [info     ] Claim fraud scored             claim_id=CLM-553BF2E82F40 fraud_score=0.2073 risk_level=low rules=['high_amount', 'weekend_filing', 'late_filing']
[2026-03-07T21:15:05.028+0000] {logging_mixin.py:188} INFO - 2026-03-07 21:15:05 [debug    ] Stored to S3                   key=scored/2026/03/07/CLM-553BF2E82F40.json
[2026-03-07T21:15:05.053+0000] {logging_mixin.py:188} INFO - 2026-03-07 21:15:05 [debug    ] Lineage event recorded         claim_id=CLM-553BF2E82F40 latency_ms=0.36454200744628906 source=tx_fraud_detection target=tx_enrichment
[2026-03-07T21:15:05.054+0000] {logging_mixin.py:188} INFO - 2026-03-07 21:15:05 [info     ] Claim enriched                 claim_id=CLM-553BF2E82F40 fields=['policy', 'claimant_history', 'geo_risk', 'category_analysis', 'adjuster_recommendation', 'reserve_estimate'] latency_ms=0.36
[2026-03-07T21:15:05.064+0000] {logging_mixin.py:188} INFO - 2026-03-07 21:15:05 [debug    ] Stored to S3                   key=enriched/2026/03/07/CLM-553BF2E82F40.json
[2026-03-07T21:15:05.091+0000] {logging_mixin.py:188} INFO - 2026-03-07 21:15:05 [debug    ] Lineage event recorded         claim_id=CLM-553BF2E82F40 latency_ms=138.36240768432617 source=tx_enrichment target=sink_s3_datalake
[2026-03-07T21:15:05.120+0000] {logging_mixin.py:188} INFO - 2026-03-07 21:15:05 [debug    ] Stored to PostgreSQL           claim_id=CLM-553BF2E82F40
[2026-03-07T21:15:05.147+0000] {logging_mixin.py:188} INFO - 2026-03-07 21:15:05 [debug    ] Lineage event recorded         claim_id=CLM-553BF2E82F40 latency_ms=0 source=tx_enrichment target=sink_postgres
[2026-03-07T21:15:05.148+0000] {logging_mixin.py:188} INFO - 2026-03-07 21:15:05 [info     ] Processed 10 claims            throughput=1.75/s
[2026-03-07T21:15:05.225+0000] {logging_mixin.py:188} INFO - 2026-03-07 21:15:05 [debug    ] Lineage event recorded         claim_id=CLM-4BE165007EE6 latency_ms=0.19478797912597656 source=src_claims_ingestion target=tx_validation
[2026-03-07T21:15:05.228+0000] {logging_mixin.py:188} INFO - 2026-03-07 21:15:05 [info     ] Claim validated                claim_id=CLM-4BE165007EE6 errors=0 latency_ms=0.19 valid=True
[2026-03-07T21:15:05.265+0000] {logging_mixin.py:188} INFO - 2026-03-07 21:15:05 [debug    ] Stored to S3                   key=validated/2026/03/07/CLM-4BE165007EE6.json
[2026-03-07T21:15:05.524+0000] {logging_mixin.py:188} INFO - 2026-03-07 21:15:05 [debug    ] Lineage event recorded         claim_id=CLM-4BE165007EE6 latency_ms=0.39649009704589844 source=tx_validation target=tx_fraud_detection
[2026-03-07T21:15:05.535+0000] {logging_mixin.py:188} INFO - 2026-03-07 21:15:05 [info     ] Claim fraud scored             claim_id=CLM-4BE165007EE6 fraud_score=0.3027 risk_level=medium rules=['high_amount', 'weekend_filing', 'late_filing']
[2026-03-07T21:15:05.585+0000] {logging_mixin.py:188} INFO - 2026-03-07 21:15:05 [debug    ] Stored to S3                   key=scored/2026/03/07/CLM-4BE165007EE6.json
[2026-03-07T21:15:05.643+0000] {logging_mixin.py:188} INFO - 2026-03-07 21:15:05 [debug    ] Lineage event recorded         claim_id=CLM-4BE165007EE6 latency_ms=0.49996376037597656 source=tx_fraud_detection target=tx_enrichment
[2026-03-07T21:15:05.644+0000] {logging_mixin.py:188} INFO - 2026-03-07 21:15:05 [info     ] Claim enriched                 claim_id=CLM-4BE165007EE6 fields=['policy', 'claimant_history', 'geo_risk', 'category_analysis', 'adjuster_recommendation', 'reserve_estimate'] latency_ms=0.5
[2026-03-07T21:15:05.663+0000] {logging_mixin.py:188} INFO - 2026-03-07 21:15:05 [debug    ] Stored to S3                   key=enriched/2026/03/07/CLM-4BE165007EE6.json
[2026-03-07T21:15:05.730+0000] {logging_mixin.py:188} INFO - 2026-03-07 21:15:05 [debug    ] Lineage event recorded         claim_id=CLM-4BE165007EE6 latency_ms=516.6082382202148 source=tx_enrichment target=sink_s3_datalake
[2026-03-07T21:15:05.776+0000] {logging_mixin.py:188} INFO - 2026-03-07 21:15:05 [debug    ] Stored to PostgreSQL           claim_id=CLM-4BE165007EE6
[2026-03-07T21:15:05.827+0000] {logging_mixin.py:188} INFO - 2026-03-07 21:15:05 [debug    ] Lineage event recorded         claim_id=CLM-4BE165007EE6 latency_ms=0 source=tx_enrichment target=sink_postgres
[2026-03-07T21:15:05.861+0000] {logging_mixin.py:188} INFO - 2026-03-07 21:15:05 [debug    ] Lineage event recorded         claim_id=CLM-71BB2A19AB4E latency_ms=0.1609325408935547 source=src_claims_ingestion target=tx_validation
[2026-03-07T21:15:05.861+0000] {logging_mixin.py:188} INFO - 2026-03-07 21:15:05 [info     ] Claim validated                claim_id=CLM-71BB2A19AB4E errors=0 latency_ms=0.16 valid=True
[2026-03-07T21:15:05.869+0000] {logging_mixin.py:188} INFO - 2026-03-07 21:15:05 [debug    ] Stored to S3                   key=validated/2026/03/07/CLM-71BB2A19AB4E.json
[2026-03-07T21:15:05.896+0000] {logging_mixin.py:188} INFO - 2026-03-07 21:15:05 [debug    ] Lineage event recorded         claim_id=CLM-71BB2A19AB4E latency_ms=0.14901161193847656 source=tx_validation target=tx_fraud_detection
[2026-03-07T21:15:05.897+0000] {logging_mixin.py:188} INFO - 2026-03-07 21:15:05 [info     ] Claim fraud scored             claim_id=CLM-71BB2A19AB4E fraud_score=0.0759 risk_level=low rules=['weekend_filing']
[2026-03-07T21:15:05.907+0000] {logging_mixin.py:188} INFO - 2026-03-07 21:15:05 [debug    ] Stored to S3                   key=scored/2026/03/07/CLM-71BB2A19AB4E.json
[2026-03-07T21:15:05.939+0000] {logging_mixin.py:188} INFO - 2026-03-07 21:15:05 [debug    ] Lineage event recorded         claim_id=CLM-71BB2A19AB4E latency_ms=0.20694732666015625 source=tx_fraud_detection target=tx_enrichment
[2026-03-07T21:15:05.940+0000] {logging_mixin.py:188} INFO - 2026-03-07 21:15:05 [info     ] Claim enriched                 claim_id=CLM-71BB2A19AB4E fields=['policy', 'claimant_history', 'geo_risk', 'category_analysis', 'adjuster_recommendation', 'reserve_estimate'] latency_ms=0.21
[2026-03-07T21:15:05.950+0000] {logging_mixin.py:188} INFO - 2026-03-07 21:15:05 [debug    ] Stored to S3                   key=enriched/2026/03/07/CLM-71BB2A19AB4E.json
[2026-03-07T21:15:05.983+0000] {logging_mixin.py:188} INFO - 2026-03-07 21:15:05 [debug    ] Lineage event recorded         claim_id=CLM-71BB2A19AB4E latency_ms=122.24936485290527 source=tx_enrichment target=sink_s3_datalake
[2026-03-07T21:15:06.017+0000] {logging_mixin.py:188} INFO - 2026-03-07 21:15:06 [debug    ] Stored to PostgreSQL           claim_id=CLM-71BB2A19AB4E
[2026-03-07T21:15:06.037+0000] {logging_mixin.py:188} INFO - 2026-03-07 21:15:06 [debug    ] Lineage event recorded         claim_id=CLM-71BB2A19AB4E latency_ms=0 source=tx_enrichment target=sink_postgres
[2026-03-07T21:15:06.058+0000] {logging_mixin.py:188} INFO - 2026-03-07 21:15:06 [debug    ] Lineage event recorded         claim_id=CLM-E02927936D9D latency_ms=0.10395050048828125 source=src_claims_ingestion target=tx_validation
[2026-03-07T21:15:06.058+0000] {logging_mixin.py:188} INFO - 2026-03-07 21:15:06 [info     ] Claim validated                claim_id=CLM-E02927936D9D errors=0 latency_ms=0.1 valid=True
[2026-03-07T21:15:06.065+0000] {logging_mixin.py:188} INFO - 2026-03-07 21:15:06 [debug    ] Stored to S3                   key=validated/2026/03/07/CLM-E02927936D9D.json
[2026-03-07T21:15:06.097+0000] {logging_mixin.py:188} INFO - 2026-03-07 21:15:06 [debug    ] Lineage event recorded         claim_id=CLM-E02927936D9D latency_ms=0.3230571746826172 source=tx_validation target=tx_fraud_detection
[2026-03-07T21:15:06.099+0000] {logging_mixin.py:188} INFO - 2026-03-07 21:15:06 [info     ] Claim fraud scored             claim_id=CLM-E02927936D9D fraud_score=0.1427 risk_level=low rules=['high_amount', 'weekend_filing', 'late_filing']
[2026-03-07T21:15:06.110+0000] {logging_mixin.py:188} INFO - 2026-03-07 21:15:06 [debug    ] Stored to S3                   key=scored/2026/03/07/CLM-E02927936D9D.json
[2026-03-07T21:15:06.139+0000] {logging_mixin.py:188} INFO - 2026-03-07 21:15:06 [debug    ] Lineage event recorded         claim_id=CLM-E02927936D9D latency_ms=0.32711029052734375 source=tx_fraud_detection target=tx_enrichment
[2026-03-07T21:15:06.140+0000] {logging_mixin.py:188} INFO - 2026-03-07 21:15:06 [info     ] Claim enriched                 claim_id=CLM-E02927936D9D fields=['policy', 'claimant_history', 'geo_risk', 'category_analysis', 'adjuster_recommendation', 'reserve_estimate'] latency_ms=0.33
[2026-03-07T21:15:06.151+0000] {logging_mixin.py:188} INFO - 2026-03-07 21:15:06 [debug    ] Stored to S3                   key=enriched/2026/03/07/CLM-E02927936D9D.json
[2026-03-07T21:15:06.174+0000] {logging_mixin.py:188} INFO - 2026-03-07 21:15:06 [debug    ] Lineage event recorded         claim_id=CLM-E02927936D9D latency_ms=113.75093460083008 source=tx_enrichment target=sink_s3_datalake
[2026-03-07T21:15:06.201+0000] {logging_mixin.py:188} INFO - 2026-03-07 21:15:06 [debug    ] Stored to PostgreSQL           claim_id=CLM-E02927936D9D
[2026-03-07T21:15:06.221+0000] {logging_mixin.py:188} INFO - 2026-03-07 21:15:06 [debug    ] Lineage event recorded         claim_id=CLM-E02927936D9D latency_ms=0 source=tx_enrichment target=sink_postgres
[2026-03-07T21:15:06.247+0000] {logging_mixin.py:188} INFO - 2026-03-07 21:15:06 [debug    ] Lineage event recorded         claim_id=CLM-42807F580C93 latency_ms=0.09441375732421875 source=src_claims_ingestion target=tx_validation
[2026-03-07T21:15:06.248+0000] {logging_mixin.py:188} INFO - 2026-03-07 21:15:06 [info     ] Claim validated                claim_id=CLM-42807F580C93 errors=0 latency_ms=0.09 valid=True
[2026-03-07T21:15:06.257+0000] {logging_mixin.py:188} INFO - 2026-03-07 21:15:06 [debug    ] Stored to S3                   key=validated/2026/03/07/CLM-42807F580C93.json
[2026-03-07T21:15:06.283+0000] {logging_mixin.py:188} INFO - 2026-03-07 21:15:06 [debug    ] Lineage event recorded         claim_id=CLM-42807F580C93 latency_ms=0.1838207244873047 source=tx_validation target=tx_fraud_detection
[2026-03-07T21:15:06.284+0000] {logging_mixin.py:188} INFO - 2026-03-07 21:15:06 [info     ] Claim fraud scored             claim_id=CLM-42807F580C93 fraud_score=0.0759 risk_level=low rules=['weekend_filing']
[2026-03-07T21:15:06.291+0000] {logging_mixin.py:188} INFO - 2026-03-07 21:15:06 [debug    ] Stored to S3                   key=scored/2026/03/07/CLM-42807F580C93.json
[2026-03-07T21:15:06.312+0000] {logging_mixin.py:188} INFO - 2026-03-07 21:15:06 [debug    ] Lineage event recorded         claim_id=CLM-42807F580C93 latency_ms=0.22363662719726562 source=tx_fraud_detection target=tx_enrichment
[2026-03-07T21:15:06.313+0000] {logging_mixin.py:188} INFO - 2026-03-07 21:15:06 [info     ] Claim enriched                 claim_id=CLM-42807F580C93 fields=['policy', 'claimant_history', 'geo_risk', 'category_analysis', 'adjuster_recommendation', 'reserve_estimate'] latency_ms=0.22
[2026-03-07T21:15:06.321+0000] {logging_mixin.py:188} INFO - 2026-03-07 21:15:06 [debug    ] Stored to S3                   key=enriched/2026/03/07/CLM-42807F580C93.json
[2026-03-07T21:15:06.345+0000] {logging_mixin.py:188} INFO - 2026-03-07 21:15:06 [debug    ] Lineage event recorded         claim_id=CLM-42807F580C93 latency_ms=99.78795051574707 source=tx_enrichment target=sink_s3_datalake
[2026-03-07T21:15:06.369+0000] {logging_mixin.py:188} INFO - 2026-03-07 21:15:06 [debug    ] Stored to PostgreSQL           claim_id=CLM-42807F580C93
[2026-03-07T21:15:06.394+0000] {logging_mixin.py:188} INFO - 2026-03-07 21:15:06 [debug    ] Lineage event recorded         claim_id=CLM-42807F580C93 latency_ms=0 source=tx_enrichment target=sink_postgres
[2026-03-07T21:15:06.418+0000] {logging_mixin.py:188} INFO - 2026-03-07 21:15:06 [debug    ] Lineage event recorded         claim_id=CLM-00DD3A614394 latency_ms=0.24318695068359375 source=src_claims_ingestion target=tx_validation
[2026-03-07T21:15:06.418+0000] {logging_mixin.py:188} INFO - 2026-03-07 21:15:06 [info     ] Claim validated                claim_id=CLM-00DD3A614394 errors=0 latency_ms=0.24 valid=True
[2026-03-07T21:15:06.425+0000] {logging_mixin.py:188} INFO - 2026-03-07 21:15:06 [debug    ] Stored to S3                   key=validated/2026/03/07/CLM-00DD3A614394.json
[2026-03-07T21:15:06.445+0000] {logging_mixin.py:188} INFO - 2026-03-07 21:15:06 [debug    ] Lineage event recorded         claim_id=CLM-00DD3A614394 latency_ms=0.12540817260742188 source=tx_validation target=tx_fraud_detection
[2026-03-07T21:15:06.446+0000] {logging_mixin.py:188} INFO - 2026-03-07 21:15:06 [info     ] Claim fraud scored             claim_id=CLM-00DD3A614394 fraud_score=0.3299 risk_level=medium rules=['high_amount', 'weekend_filing', 'late_filing']
[2026-03-07T21:15:06.456+0000] {logging_mixin.py:188} INFO - 2026-03-07 21:15:06 [debug    ] Stored to S3                   key=scored/2026/03/07/CLM-00DD3A614394.json
[2026-03-07T21:15:06.505+0000] {logging_mixin.py:188} INFO - 2026-03-07 21:15:06 [debug    ] Lineage event recorded         claim_id=CLM-00DD3A614394 latency_ms=0.31065940856933594 source=tx_fraud_detection target=tx_enrichment
[2026-03-07T21:15:06.505+0000] {logging_mixin.py:188} INFO - 2026-03-07 21:15:06 [info     ] Claim enriched                 claim_id=CLM-00DD3A614394 fields=['policy', 'claimant_history', 'geo_risk', 'category_analysis', 'adjuster_recommendation', 'reserve_estimate'] latency_ms=0.31
[2026-03-07T21:15:06.514+0000] {logging_mixin.py:188} INFO - 2026-03-07 21:15:06 [debug    ] Stored to S3                   key=enriched/2026/03/07/CLM-00DD3A614394.json
[2026-03-07T21:15:06.533+0000] {logging_mixin.py:188} INFO - 2026-03-07 21:15:06 [debug    ] Lineage event recorded         claim_id=CLM-00DD3A614394 latency_ms=119.36068534851074 source=tx_enrichment target=sink_s3_datalake
[2026-03-07T21:15:06.554+0000] {logging_mixin.py:188} INFO - 2026-03-07 21:15:06 [debug    ] Stored to PostgreSQL           claim_id=CLM-00DD3A614394
[2026-03-07T21:15:06.583+0000] {logging_mixin.py:188} INFO - 2026-03-07 21:15:06 [debug    ] Lineage event recorded         claim_id=CLM-00DD3A614394 latency_ms=0 source=tx_enrichment target=sink_postgres
[2026-03-07T21:15:06.614+0000] {logging_mixin.py:188} INFO - 2026-03-07 21:15:06 [debug    ] Lineage event recorded         claim_id=CLM-BE6A78B77C54 latency_ms=0.2052783966064453 source=src_claims_ingestion target=tx_validation
[2026-03-07T21:15:06.615+0000] {logging_mixin.py:188} INFO - 2026-03-07 21:15:06 [info     ] Claim validated                claim_id=CLM-BE6A78B77C54 errors=0 latency_ms=0.21 valid=True
[2026-03-07T21:15:06.625+0000] {logging_mixin.py:188} INFO - 2026-03-07 21:15:06 [debug    ] Stored to S3                   key=validated/2026/03/07/CLM-BE6A78B77C54.json
[2026-03-07T21:15:06.658+0000] {logging_mixin.py:188} INFO - 2026-03-07 21:15:06 [debug    ] Lineage event recorded         claim_id=CLM-BE6A78B77C54 latency_ms=0.16427040100097656 source=tx_validation target=tx_fraud_detection
[2026-03-07T21:15:06.659+0000] {logging_mixin.py:188} INFO - 2026-03-07 21:15:06 [info     ] Claim fraud scored             claim_id=CLM-BE6A78B77C54 fraud_score=0.2079 risk_level=low rules=['high_amount', 'weekend_filing']
[2026-03-07T21:15:06.668+0000] {logging_mixin.py:188} INFO - 2026-03-07 21:15:06 [debug    ] Stored to S3                   key=scored/2026/03/07/CLM-BE6A78B77C54.json
[2026-03-07T21:15:06.697+0000] {logging_mixin.py:188} INFO - 2026-03-07 21:15:06 [debug    ] Lineage event recorded         claim_id=CLM-BE6A78B77C54 latency_ms=0.3380775451660156 source=tx_fraud_detection target=tx_enrichment
[2026-03-07T21:15:06.698+0000] {logging_mixin.py:188} INFO - 2026-03-07 21:15:06 [info     ] Claim enriched                 claim_id=CLM-BE6A78B77C54 fields=['policy', 'claimant_history', 'geo_risk', 'category_analysis', 'adjuster_recommendation', 'reserve_estimate'] latency_ms=0.34
[2026-03-07T21:15:06.706+0000] {logging_mixin.py:188} INFO - 2026-03-07 21:15:06 [debug    ] Stored to S3                   key=enriched/2026/03/07/CLM-BE6A78B77C54.json
[2026-03-07T21:15:06.729+0000] {logging_mixin.py:188} INFO - 2026-03-07 21:15:06 [debug    ] Lineage event recorded         claim_id=CLM-BE6A78B77C54 latency_ms=122.79248237609863 source=tx_enrichment target=sink_s3_datalake
[2026-03-07T21:15:06.761+0000] {logging_mixin.py:188} INFO - 2026-03-07 21:15:06 [debug    ] Stored to PostgreSQL           claim_id=CLM-BE6A78B77C54
[2026-03-07T21:15:06.791+0000] {logging_mixin.py:188} INFO - 2026-03-07 21:15:06 [debug    ] Lineage event recorded         claim_id=CLM-BE6A78B77C54 latency_ms=0 source=tx_enrichment target=sink_postgres
[2026-03-07T21:15:06.815+0000] {logging_mixin.py:188} INFO - 2026-03-07 21:15:06 [debug    ] Lineage event recorded         claim_id=CLM-AEB0B579EBD6 latency_ms=0.10251998901367188 source=src_claims_ingestion target=tx_validation
[2026-03-07T21:15:06.816+0000] {logging_mixin.py:188} INFO - 2026-03-07 21:15:06 [info     ] Claim validated                claim_id=CLM-AEB0B579EBD6 errors=0 latency_ms=0.1 valid=True
[2026-03-07T21:15:06.823+0000] {logging_mixin.py:188} INFO - 2026-03-07 21:15:06 [debug    ] Stored to S3                   key=validated/2026/03/07/CLM-AEB0B579EBD6.json
[2026-03-07T21:15:06.844+0000] {logging_mixin.py:188} INFO - 2026-03-07 21:15:06 [debug    ] Lineage event recorded         claim_id=CLM-AEB0B579EBD6 latency_ms=0.30303001403808594 source=tx_validation target=tx_fraud_detection
[2026-03-07T21:15:06.845+0000] {logging_mixin.py:188} INFO - 2026-03-07 21:15:06 [info     ] Claim fraud scored             claim_id=CLM-AEB0B579EBD6 fraud_score=0.3494 risk_level=medium rules=['high_amount', 'weekend_filing', 'late_filing']
[2026-03-07T21:15:06.852+0000] {logging_mixin.py:188} INFO - 2026-03-07 21:15:06 [debug    ] Stored to S3                   key=scored/2026/03/07/CLM-AEB0B579EBD6.json
[2026-03-07T21:15:06.876+0000] {logging_mixin.py:188} INFO - 2026-03-07 21:15:06 [debug    ] Lineage event recorded         claim_id=CLM-AEB0B579EBD6 latency_ms=0.3342628479003906 source=tx_fraud_detection target=tx_enrichment
[2026-03-07T21:15:06.877+0000] {logging_mixin.py:188} INFO - 2026-03-07 21:15:06 [info     ] Claim enriched                 claim_id=CLM-AEB0B579EBD6 fields=['policy', 'claimant_history', 'geo_risk', 'category_analysis', 'adjuster_recommendation', 'reserve_estimate'] latency_ms=0.33
[2026-03-07T21:15:06.884+0000] {logging_mixin.py:188} INFO - 2026-03-07 21:15:06 [debug    ] Stored to S3                   key=enriched/2026/03/07/CLM-AEB0B579EBD6.json
[2026-03-07T21:15:06.902+0000] {logging_mixin.py:188} INFO - 2026-03-07 21:15:06 [debug    ] Lineage event recorded         claim_id=CLM-AEB0B579EBD6 latency_ms=92.11444854736328 source=tx_enrichment target=sink_s3_datalake
[2026-03-07T21:15:06.919+0000] {logging_mixin.py:188} INFO - 2026-03-07 21:15:06 [debug    ] Stored to PostgreSQL           claim_id=CLM-AEB0B579EBD6
[2026-03-07T21:15:06.935+0000] {logging_mixin.py:188} INFO - 2026-03-07 21:15:06 [debug    ] Lineage event recorded         claim_id=CLM-AEB0B579EBD6 latency_ms=0 source=tx_enrichment target=sink_postgres
[2026-03-07T21:15:06.966+0000] {logging_mixin.py:188} INFO - 2026-03-07 21:15:06 [debug    ] Lineage event recorded         claim_id=CLM-EE3C7160DE1E latency_ms=0.07557868957519531 source=src_claims_ingestion target=tx_validation
[2026-03-07T21:15:06.966+0000] {logging_mixin.py:188} INFO - 2026-03-07 21:15:06 [info     ] Claim validated                claim_id=CLM-EE3C7160DE1E errors=0 latency_ms=0.08 valid=True
[2026-03-07T21:15:06.973+0000] {logging_mixin.py:188} INFO - 2026-03-07 21:15:06 [debug    ] Stored to S3                   key=validated/2026/03/07/CLM-EE3C7160DE1E.json
[2026-03-07T21:15:06.992+0000] {logging_mixin.py:188} INFO - 2026-03-07 21:15:06 [debug    ] Lineage event recorded         claim_id=CLM-EE3C7160DE1E latency_ms=0.1895427703857422 source=tx_validation target=tx_fraud_detection
[2026-03-07T21:15:06.992+0000] {logging_mixin.py:188} INFO - 2026-03-07 21:15:06 [info     ] Claim fraud scored             claim_id=CLM-EE3C7160DE1E fraud_score=0.1285 risk_level=low rules=['high_amount', 'weekend_filing']
[2026-03-07T21:15:06.998+0000] {logging_mixin.py:188} INFO - 2026-03-07 21:15:06 [debug    ] Stored to S3                   key=scored/2026/03/07/CLM-EE3C7160DE1E.json
[2026-03-07T21:15:07.019+0000] {logging_mixin.py:188} INFO - 2026-03-07 21:15:07 [debug    ] Lineage event recorded         claim_id=CLM-EE3C7160DE1E latency_ms=0.15306472778320312 source=tx_fraud_detection target=tx_enrichment
[2026-03-07T21:15:07.019+0000] {logging_mixin.py:188} INFO - 2026-03-07 21:15:07 [info     ] Claim enriched                 claim_id=CLM-EE3C7160DE1E fields=['policy', 'claimant_history', 'geo_risk', 'category_analysis', 'adjuster_recommendation', 'reserve_estimate'] latency_ms=0.15
[2026-03-07T21:15:07.024+0000] {logging_mixin.py:188} INFO - 2026-03-07 21:15:07 [debug    ] Stored to S3                   key=enriched/2026/03/07/CLM-EE3C7160DE1E.json
[2026-03-07T21:15:07.041+0000] {logging_mixin.py:188} INFO - 2026-03-07 21:15:07 [debug    ] Lineage event recorded         claim_id=CLM-EE3C7160DE1E latency_ms=89.13278579711914 source=tx_enrichment target=sink_s3_datalake
[2026-03-07T21:15:07.054+0000] {logging_mixin.py:188} INFO - 2026-03-07 21:15:07 [debug    ] Stored to PostgreSQL           claim_id=CLM-EE3C7160DE1E
[2026-03-07T21:15:07.076+0000] {logging_mixin.py:188} INFO - 2026-03-07 21:15:07 [debug    ] Lineage event recorded         claim_id=CLM-EE3C7160DE1E latency_ms=0 source=tx_enrichment target=sink_postgres
[2026-03-07T21:15:07.090+0000] {logging_mixin.py:188} INFO - 2026-03-07 21:15:07 [debug    ] Lineage event recorded         claim_id=CLM-76AE4EECCF91 latency_ms=0.08034706115722656 source=src_claims_ingestion target=tx_validation
[2026-03-07T21:15:07.091+0000] {logging_mixin.py:188} INFO - 2026-03-07 21:15:07 [info     ] Claim validated                claim_id=CLM-76AE4EECCF91 errors=0 latency_ms=0.08 valid=True
[2026-03-07T21:15:07.096+0000] {logging_mixin.py:188} INFO - 2026-03-07 21:15:07 [debug    ] Stored to S3                   key=validated/2026/03/07/CLM-76AE4EECCF91.json
[2026-03-07T21:15:07.110+0000] {logging_mixin.py:188} INFO - 2026-03-07 21:15:07 [debug    ] Lineage event recorded         claim_id=CLM-76AE4EECCF91 latency_ms=0.08916854858398438 source=tx_validation target=tx_fraud_detection
[2026-03-07T21:15:07.110+0000] {logging_mixin.py:188} INFO - 2026-03-07 21:15:07 [info     ] Claim fraud scored             claim_id=CLM-76AE4EECCF91 fraud_score=0.4048 risk_level=medium rules=['high_amount', 'weekend_filing', 'excessive_amount_for_type']
[2026-03-07T21:15:07.115+0000] {logging_mixin.py:188} INFO - 2026-03-07 21:15:07 [debug    ] Stored to S3                   key=scored/2026/03/07/CLM-76AE4EECCF91.json
[2026-03-07T21:15:07.128+0000] {logging_mixin.py:188} INFO - 2026-03-07 21:15:07 [debug    ] Lineage event recorded         claim_id=CLM-76AE4EECCF91 latency_ms=0.1544952392578125 source=tx_fraud_detection target=tx_enrichment
[2026-03-07T21:15:07.129+0000] {logging_mixin.py:188} INFO - 2026-03-07 21:15:07 [info     ] Claim enriched                 claim_id=CLM-76AE4EECCF91 fields=['policy', 'claimant_history', 'geo_risk', 'category_analysis', 'adjuster_recommendation', 'reserve_estimate'] latency_ms=0.15
[2026-03-07T21:15:07.135+0000] {logging_mixin.py:188} INFO - 2026-03-07 21:15:07 [debug    ] Stored to S3                   key=enriched/2026/03/07/CLM-76AE4EECCF91.json
[2026-03-07T21:15:07.150+0000] {logging_mixin.py:188} INFO - 2026-03-07 21:15:07 [debug    ] Lineage event recorded         claim_id=CLM-76AE4EECCF91 latency_ms=59.78131294250488 source=tx_enrichment target=sink_s3_datalake
[2026-03-07T21:15:07.164+0000] {logging_mixin.py:188} INFO - 2026-03-07 21:15:07 [debug    ] Stored to PostgreSQL           claim_id=CLM-76AE4EECCF91
[2026-03-07T21:15:07.177+0000] {logging_mixin.py:188} INFO - 2026-03-07 21:15:07 [debug    ] Lineage event recorded         claim_id=CLM-76AE4EECCF91 latency_ms=0 source=tx_enrichment target=sink_postgres
[2026-03-07T21:15:07.191+0000] {logging_mixin.py:188} INFO - 2026-03-07 21:15:07 [debug    ] Lineage event recorded         claim_id=CLM-5265CBAA82D8 latency_ms=0.06031990051269531 source=src_claims_ingestion target=tx_validation
[2026-03-07T21:15:07.192+0000] {logging_mixin.py:188} INFO - 2026-03-07 21:15:07 [info     ] Claim validated                claim_id=CLM-5265CBAA82D8 errors=0 latency_ms=0.06 valid=True
[2026-03-07T21:15:07.198+0000] {logging_mixin.py:188} INFO - 2026-03-07 21:15:07 [debug    ] Stored to S3                   key=validated/2026/03/07/CLM-5265CBAA82D8.json
[2026-03-07T21:15:07.215+0000] {logging_mixin.py:188} INFO - 2026-03-07 21:15:07 [debug    ] Lineage event recorded         claim_id=CLM-5265CBAA82D8 latency_ms=0.09894371032714844 source=tx_validation target=tx_fraud_detection
[2026-03-07T21:15:07.215+0000] {logging_mixin.py:188} INFO - 2026-03-07 21:15:07 [info     ] Claim fraud scored             claim_id=CLM-5265CBAA82D8 fraud_score=0.6225 risk_level=high rules=['high_amount', 'weekend_filing', 'late_filing', 'excessive_amount_for_type']
[2026-03-07T21:15:07.222+0000] {logging_mixin.py:188} INFO - 2026-03-07 21:15:07 [debug    ] Stored to S3                   key=scored/2026/03/07/CLM-5265CBAA82D8.json
[2026-03-07T21:15:07.237+0000] {logging_mixin.py:188} INFO - 2026-03-07 21:15:07 [debug    ] Lineage event recorded         claim_id=CLM-5265CBAA82D8 latency_ms=0.21338462829589844 source=tx_fraud_detection target=tx_enrichment
[2026-03-07T21:15:07.237+0000] {logging_mixin.py:188} INFO - 2026-03-07 21:15:07 [info     ] Claim enriched                 claim_id=CLM-5265CBAA82D8 fields=['policy', 'claimant_history', 'geo_risk', 'category_analysis', 'adjuster_recommendation', 'reserve_estimate'] latency_ms=0.21
[2026-03-07T21:15:07.244+0000] {logging_mixin.py:188} INFO - 2026-03-07 21:15:07 [debug    ] Stored to S3                   key=enriched/2026/03/07/CLM-5265CBAA82D8.json
[2026-03-07T21:15:07.266+0000] {logging_mixin.py:188} INFO - 2026-03-07 21:15:07 [debug    ] Lineage event recorded         claim_id=CLM-5265CBAA82D8 latency_ms=66.77484512329102 source=tx_enrichment target=sink_s3_datalake
[2026-03-07T21:15:07.289+0000] {logging_mixin.py:188} INFO - 2026-03-07 21:15:07 [debug    ] Stored to PostgreSQL           claim_id=CLM-5265CBAA82D8
[2026-03-07T21:15:07.311+0000] {logging_mixin.py:188} INFO - 2026-03-07 21:15:07 [debug    ] Lineage event recorded         claim_id=CLM-5265CBAA82D8 latency_ms=0 source=tx_enrichment target=sink_postgres
[2026-03-07T21:15:07.315+0000] {logging_mixin.py:188} INFO - 2026-03-07 21:15:07 [info     ] Processed 20 claims            throughput=2.53/s
[2026-03-07T21:15:07.345+0000] {logging_mixin.py:188} INFO - 2026-03-07 21:15:07 [debug    ] Lineage event recorded         claim_id=CLM-A5ACE1824C57 latency_ms=0.19073486328125 source=src_claims_ingestion target=tx_validation
[2026-03-07T21:15:07.346+0000] {logging_mixin.py:188} INFO - 2026-03-07 21:15:07 [info     ] Claim validated                claim_id=CLM-A5ACE1824C57 errors=0 latency_ms=0.19 valid=True
[2026-03-07T21:15:07.359+0000] {logging_mixin.py:188} INFO - 2026-03-07 21:15:07 [debug    ] Stored to S3                   key=validated/2026/03/07/CLM-A5ACE1824C57.json
[2026-03-07T21:15:07.395+0000] {logging_mixin.py:188} INFO - 2026-03-07 21:15:07 [debug    ] Lineage event recorded         claim_id=CLM-A5ACE1824C57 latency_ms=0.2491474151611328 source=tx_validation target=tx_fraud_detection
[2026-03-07T21:15:07.396+0000] {logging_mixin.py:188} INFO - 2026-03-07 21:15:07 [info     ] Claim fraud scored             claim_id=CLM-A5ACE1824C57 fraud_score=0.1008 risk_level=low rules=['weekend_filing', 'late_filing']
[2026-03-07T21:15:07.407+0000] {logging_mixin.py:188} INFO - 2026-03-07 21:15:07 [debug    ] Stored to S3                   key=scored/2026/03/07/CLM-A5ACE1824C57.json
[2026-03-07T21:15:07.430+0000] {logging_mixin.py:188} INFO - 2026-03-07 21:15:07 [debug    ] Lineage event recorded         claim_id=CLM-A5ACE1824C57 latency_ms=0.28896331787109375 source=tx_fraud_detection target=tx_enrichment
[2026-03-07T21:15:07.430+0000] {logging_mixin.py:188} INFO - 2026-03-07 21:15:07 [info     ] Claim enriched                 claim_id=CLM-A5ACE1824C57 fields=['policy', 'claimant_history', 'geo_risk', 'category_analysis', 'adjuster_recommendation', 'reserve_estimate'] latency_ms=0.29
[2026-03-07T21:15:07.439+0000] {logging_mixin.py:188} INFO - 2026-03-07 21:15:07 [debug    ] Stored to S3                   key=enriched/2026/03/07/CLM-A5ACE1824C57.json
[2026-03-07T21:15:07.460+0000] {logging_mixin.py:188} INFO - 2026-03-07 21:15:07 [debug    ] Lineage event recorded         claim_id=CLM-A5ACE1824C57 latency_ms=123.98695945739746 source=tx_enrichment target=sink_s3_datalake
[2026-03-07T21:15:07.480+0000] {logging_mixin.py:188} INFO - 2026-03-07 21:15:07 [debug    ] Stored to PostgreSQL           claim_id=CLM-A5ACE1824C57
[2026-03-07T21:15:07.494+0000] {logging_mixin.py:188} INFO - 2026-03-07 21:15:07 [debug    ] Lineage event recorded         claim_id=CLM-A5ACE1824C57 latency_ms=0 source=tx_enrichment target=sink_postgres
[2026-03-07T21:15:07.509+0000] {logging_mixin.py:188} INFO - 2026-03-07 21:15:07 [debug    ] Lineage event recorded         claim_id=CLM-3A364838344B latency_ms=0.06937980651855469 source=src_claims_ingestion target=tx_validation
[2026-03-07T21:15:07.510+0000] {logging_mixin.py:188} INFO - 2026-03-07 21:15:07 [info     ] Claim validated                claim_id=CLM-3A364838344B errors=0 latency_ms=0.07 valid=True
[2026-03-07T21:15:07.516+0000] {logging_mixin.py:188} INFO - 2026-03-07 21:15:07 [debug    ] Stored to S3                   key=validated/2026/03/07/CLM-3A364838344B.json
[2026-03-07T21:15:07.536+0000] {logging_mixin.py:188} INFO - 2026-03-07 21:15:07 [debug    ] Lineage event recorded         claim_id=CLM-3A364838344B latency_ms=0.14591217041015625 source=tx_validation target=tx_fraud_detection
[2026-03-07T21:15:07.536+0000] {logging_mixin.py:188} INFO - 2026-03-07 21:15:07 [info     ] Claim fraud scored             claim_id=CLM-3A364838344B fraud_score=0.2133 risk_level=low rules=['high_amount', 'weekend_filing', 'late_filing']
[2026-03-07T21:15:07.541+0000] {logging_mixin.py:188} INFO - 2026-03-07 21:15:07 [debug    ] Stored to S3                   key=scored/2026/03/07/CLM-3A364838344B.json
[2026-03-07T21:15:07.554+0000] {logging_mixin.py:188} INFO - 2026-03-07 21:15:07 [debug    ] Lineage event recorded         claim_id=CLM-3A364838344B latency_ms=0.13208389282226562 source=tx_fraud_detection target=tx_enrichment
[2026-03-07T21:15:07.554+0000] {logging_mixin.py:188} INFO - 2026-03-07 21:15:07 [info     ] Claim enriched                 claim_id=CLM-3A364838344B fields=['policy', 'claimant_history', 'geo_risk', 'category_analysis', 'adjuster_recommendation', 'reserve_estimate'] latency_ms=0.13
[2026-03-07T21:15:07.559+0000] {logging_mixin.py:188} INFO - 2026-03-07 21:15:07 [debug    ] Stored to S3                   key=enriched/2026/03/07/CLM-3A364838344B.json
[2026-03-07T21:15:07.571+0000] {logging_mixin.py:188} INFO - 2026-03-07 21:15:07 [debug    ] Lineage event recorded         claim_id=CLM-3A364838344B latency_ms=64.14532661437988 source=tx_enrichment target=sink_s3_datalake
[2026-03-07T21:15:07.582+0000] {logging_mixin.py:188} INFO - 2026-03-07 21:15:07 [debug    ] Stored to PostgreSQL           claim_id=CLM-3A364838344B
[2026-03-07T21:15:07.594+0000] {logging_mixin.py:188} INFO - 2026-03-07 21:15:07 [debug    ] Lineage event recorded         claim_id=CLM-3A364838344B latency_ms=0 source=tx_enrichment target=sink_postgres
[2026-03-07T21:15:07.609+0000] {logging_mixin.py:188} INFO - 2026-03-07 21:15:07 [debug    ] Lineage event recorded         claim_id=CLM-75E85C078116 latency_ms=0.08893013000488281 source=src_claims_ingestion target=tx_validation
[2026-03-07T21:15:07.609+0000] {logging_mixin.py:188} INFO - 2026-03-07 21:15:07 [info     ] Claim validated                claim_id=CLM-75E85C078116 errors=0 latency_ms=0.09 valid=True
[2026-03-07T21:15:07.615+0000] {logging_mixin.py:188} INFO - 2026-03-07 21:15:07 [debug    ] Stored to S3                   key=validated/2026/03/07/CLM-75E85C078116.json
[2026-03-07T21:15:07.629+0000] {logging_mixin.py:188} INFO - 2026-03-07 21:15:07 [debug    ] Lineage event recorded         claim_id=CLM-75E85C078116 latency_ms=0.09846687316894531 source=tx_validation target=tx_fraud_detection
[2026-03-07T21:15:07.629+0000] {logging_mixin.py:188} INFO - 2026-03-07 21:15:07 [info     ] Claim fraud scored             claim_id=CLM-75E85C078116 fraud_score=0.1829 risk_level=low rules=['high_amount', 'weekend_filing', 'late_filing']
[2026-03-07T21:15:07.634+0000] {logging_mixin.py:188} INFO - 2026-03-07 21:15:07 [debug    ] Stored to S3                   key=scored/2026/03/07/CLM-75E85C078116.json
[2026-03-07T21:15:07.652+0000] {logging_mixin.py:188} INFO - 2026-03-07 21:15:07 [debug    ] Lineage event recorded         claim_id=CLM-75E85C078116 latency_ms=0.1418590545654297 source=tx_fraud_detection target=tx_enrichment
[2026-03-07T21:15:07.653+0000] {logging_mixin.py:188} INFO - 2026-03-07 21:15:07 [info     ] Claim enriched                 claim_id=CLM-75E85C078116 fields=['policy', 'claimant_history', 'geo_risk', 'category_analysis', 'adjuster_recommendation', 'reserve_estimate'] latency_ms=0.14
[2026-03-07T21:15:07.657+0000] {logging_mixin.py:188} INFO - 2026-03-07 21:15:07 [debug    ] Stored to S3                   key=enriched/2026/03/07/CLM-75E85C078116.json
[2026-03-07T21:15:07.668+0000] {logging_mixin.py:188} INFO - 2026-03-07 21:15:07 [debug    ] Lineage event recorded         claim_id=CLM-75E85C078116 latency_ms=62.29567527770996 source=tx_enrichment target=sink_s3_datalake
[2026-03-07T21:15:07.680+0000] {logging_mixin.py:188} INFO - 2026-03-07 21:15:07 [debug    ] Stored to PostgreSQL           claim_id=CLM-75E85C078116
[2026-03-07T21:15:07.690+0000] {logging_mixin.py:188} INFO - 2026-03-07 21:15:07 [debug    ] Lineage event recorded         claim_id=CLM-75E85C078116 latency_ms=0 source=tx_enrichment target=sink_postgres
[2026-03-07T21:15:07.702+0000] {logging_mixin.py:188} INFO - 2026-03-07 21:15:07 [debug    ] Lineage event recorded         claim_id=CLM-A03EF703525C latency_ms=0.09226799011230469 source=src_claims_ingestion target=tx_validation
[2026-03-07T21:15:07.702+0000] {logging_mixin.py:188} INFO - 2026-03-07 21:15:07 [info     ] Claim validated                claim_id=CLM-A03EF703525C errors=0 latency_ms=0.09 valid=True
[2026-03-07T21:15:07.706+0000] {logging_mixin.py:188} INFO - 2026-03-07 21:15:07 [debug    ] Stored to S3                   key=validated/2026/03/07/CLM-A03EF703525C.json
[2026-03-07T21:15:07.718+0000] {logging_mixin.py:188} INFO - 2026-03-07 21:15:07 [debug    ] Lineage event recorded         claim_id=CLM-A03EF703525C latency_ms=0.07843971252441406 source=tx_validation target=tx_fraud_detection
[2026-03-07T21:15:07.718+0000] {logging_mixin.py:188} INFO - 2026-03-07 21:15:07 [info     ] Claim fraud scored             claim_id=CLM-A03EF703525C fraud_score=0.3656 risk_level=medium rules=['high_amount', 'weekend_filing', 'excessive_amount_for_type']
[2026-03-07T21:15:07.722+0000] {logging_mixin.py:188} INFO - 2026-03-07 21:15:07 [debug    ] Stored to S3                   key=scored/2026/03/07/CLM-A03EF703525C.json
[2026-03-07T21:15:07.737+0000] {logging_mixin.py:188} INFO - 2026-03-07 21:15:07 [debug    ] Lineage event recorded         claim_id=CLM-A03EF703525C latency_ms=0.41365623474121094 source=tx_fraud_detection target=tx_enrichment
[2026-03-07T21:15:07.738+0000] {logging_mixin.py:188} INFO - 2026-03-07 21:15:07 [info     ] Claim enriched                 claim_id=CLM-A03EF703525C fields=['policy', 'claimant_history', 'geo_risk', 'category_analysis', 'adjuster_recommendation', 'reserve_estimate'] latency_ms=0.41
[2026-03-07T21:15:07.742+0000] {logging_mixin.py:188} INFO - 2026-03-07 21:15:07 [debug    ] Stored to S3                   key=enriched/2026/03/07/CLM-A03EF703525C.json
[2026-03-07T21:15:07.755+0000] {logging_mixin.py:188} INFO - 2026-03-07 21:15:07 [debug    ] Lineage event recorded         claim_id=CLM-A03EF703525C latency_ms=51.36227607727051 source=tx_enrichment target=sink_s3_datalake
[2026-03-07T21:15:07.767+0000] {logging_mixin.py:188} INFO - 2026-03-07 21:15:07 [debug    ] Stored to PostgreSQL           claim_id=CLM-A03EF703525C
[2026-03-07T21:15:07.780+0000] {logging_mixin.py:188} INFO - 2026-03-07 21:15:07 [debug    ] Lineage event recorded         claim_id=CLM-A03EF703525C latency_ms=0 source=tx_enrichment target=sink_postgres
[2026-03-07T21:15:07.792+0000] {logging_mixin.py:188} INFO - 2026-03-07 21:15:07 [debug    ] Lineage event recorded         claim_id=CLM-5E3F9A3CB5C3 latency_ms=0.06031990051269531 source=src_claims_ingestion target=tx_validation
[2026-03-07T21:15:07.793+0000] {logging_mixin.py:188} INFO - 2026-03-07 21:15:07 [info     ] Claim validated                claim_id=CLM-5E3F9A3CB5C3 errors=0 latency_ms=0.06 valid=True
[2026-03-07T21:15:07.797+0000] {logging_mixin.py:188} INFO - 2026-03-07 21:15:07 [debug    ] Stored to S3                   key=validated/2026/03/07/CLM-5E3F9A3CB5C3.json
[2026-03-07T21:15:07.811+0000] {logging_mixin.py:188} INFO - 2026-03-07 21:15:07 [debug    ] Lineage event recorded         claim_id=CLM-5E3F9A3CB5C3 latency_ms=0.08034706115722656 source=tx_validation target=tx_fraud_detection
[2026-03-07T21:15:07.811+0000] {logging_mixin.py:188} INFO - 2026-03-07 21:15:07 [info     ] Claim fraud scored             claim_id=CLM-5E3F9A3CB5C3 fraud_score=0.2029 risk_level=low rules=['high_amount', 'weekend_filing', 'late_filing']
[2026-03-07T21:15:07.817+0000] {logging_mixin.py:188} INFO - 2026-03-07 21:15:07 [debug    ] Stored to S3                   key=scored/2026/03/07/CLM-5E3F9A3CB5C3.json
[2026-03-07T21:15:07.834+0000] {logging_mixin.py:188} INFO - 2026-03-07 21:15:07 [debug    ] Lineage event recorded         claim_id=CLM-5E3F9A3CB5C3 latency_ms=0.15664100646972656 source=tx_fraud_detection target=tx_enrichment
[2026-03-07T21:15:07.834+0000] {logging_mixin.py:188} INFO - 2026-03-07 21:15:07 [info     ] Claim enriched                 claim_id=CLM-5E3F9A3CB5C3 fields=['policy', 'claimant_history', 'geo_risk', 'category_analysis', 'adjuster_recommendation', 'reserve_estimate'] latency_ms=0.16
[2026-03-07T21:15:07.839+0000] {logging_mixin.py:188} INFO - 2026-03-07 21:15:07 [debug    ] Stored to S3                   key=enriched/2026/03/07/CLM-5E3F9A3CB5C3.json
[2026-03-07T21:15:07.852+0000] {logging_mixin.py:188} INFO - 2026-03-07 21:15:07 [debug    ] Lineage event recorded         claim_id=CLM-5E3F9A3CB5C3 latency_ms=58.26616287231445 source=tx_enrichment target=sink_s3_datalake
[2026-03-07T21:15:07.862+0000] {logging_mixin.py:188} INFO - 2026-03-07 21:15:07 [debug    ] Stored to PostgreSQL           claim_id=CLM-5E3F9A3CB5C3
[2026-03-07T21:15:07.873+0000] {logging_mixin.py:188} INFO - 2026-03-07 21:15:07 [debug    ] Lineage event recorded         claim_id=CLM-5E3F9A3CB5C3 latency_ms=0 source=tx_enrichment target=sink_postgres
[2026-03-07T21:15:07.888+0000] {logging_mixin.py:188} INFO - 2026-03-07 21:15:07 [debug    ] Lineage event recorded         claim_id=CLM-CD95EB371425 latency_ms=0.091552734375 source=src_claims_ingestion target=tx_validation
[2026-03-07T21:15:07.889+0000] {logging_mixin.py:188} INFO - 2026-03-07 21:15:07 [info     ] Claim validated                claim_id=CLM-CD95EB371425 errors=0 latency_ms=0.09 valid=True
[2026-03-07T21:15:07.893+0000] {logging_mixin.py:188} INFO - 2026-03-07 21:15:07 [debug    ] Stored to S3                   key=validated/2026/03/07/CLM-CD95EB371425.json
[2026-03-07T21:15:07.905+0000] {logging_mixin.py:188} INFO - 2026-03-07 21:15:07 [debug    ] Lineage event recorded         claim_id=CLM-CD95EB371425 latency_ms=0.06818771362304688 source=tx_validation target=tx_fraud_detection
[2026-03-07T21:15:07.905+0000] {logging_mixin.py:188} INFO - 2026-03-07 21:15:07 [info     ] Claim fraud scored             claim_id=CLM-CD95EB371425 fraud_score=0.2689 risk_level=low rules=['high_amount', 'weekend_filing']
[2026-03-07T21:15:07.909+0000] {logging_mixin.py:188} INFO - 2026-03-07 21:15:07 [debug    ] Stored to S3                   key=scored/2026/03/07/CLM-CD95EB371425.json
[2026-03-07T21:15:07.920+0000] {logging_mixin.py:188} INFO - 2026-03-07 21:15:07 [debug    ] Lineage event recorded         claim_id=CLM-CD95EB371425 latency_ms=0.11277198791503906 source=tx_fraud_detection target=tx_enrichment
[2026-03-07T21:15:07.920+0000] {logging_mixin.py:188} INFO - 2026-03-07 21:15:07 [info     ] Claim enriched                 claim_id=CLM-CD95EB371425 fields=['policy', 'claimant_history', 'geo_risk', 'category_analysis', 'adjuster_recommendation', 'reserve_estimate'] latency_ms=0.11
[2026-03-07T21:15:07.924+0000] {logging_mixin.py:188} INFO - 2026-03-07 21:15:07 [debug    ] Stored to S3                   key=enriched/2026/03/07/CLM-CD95EB371425.json
[2026-03-07T21:15:07.936+0000] {logging_mixin.py:188} INFO - 2026-03-07 21:15:07 [debug    ] Lineage event recorded         claim_id=CLM-CD95EB371425 latency_ms=51.30195617675781 source=tx_enrichment target=sink_s3_datalake
[2026-03-07T21:15:07.950+0000] {logging_mixin.py:188} INFO - 2026-03-07 21:15:07 [debug    ] Stored to PostgreSQL           claim_id=CLM-CD95EB371425
[2026-03-07T21:15:07.961+0000] {logging_mixin.py:188} INFO - 2026-03-07 21:15:07 [debug    ] Lineage event recorded         claim_id=CLM-CD95EB371425 latency_ms=0 source=tx_enrichment target=sink_postgres
[2026-03-07T21:15:07.976+0000] {logging_mixin.py:188} INFO - 2026-03-07 21:15:07 [debug    ] Lineage event recorded         claim_id=CLM-F5642136C092 latency_ms=0.12159347534179688 source=src_claims_ingestion target=tx_validation
[2026-03-07T21:15:07.976+0000] {logging_mixin.py:188} INFO - 2026-03-07 21:15:07 [info     ] Claim validated                claim_id=CLM-F5642136C092 errors=0 latency_ms=0.12 valid=True
[2026-03-07T21:15:07.980+0000] {logging_mixin.py:188} INFO - 2026-03-07 21:15:07 [debug    ] Stored to S3                   key=validated/2026/03/07/CLM-F5642136C092.json
[2026-03-07T21:15:07.992+0000] {logging_mixin.py:188} INFO - 2026-03-07 21:15:07 [debug    ] Lineage event recorded         claim_id=CLM-F5642136C092 latency_ms=0.07414817810058594 source=tx_validation target=tx_fraud_detection
[2026-03-07T21:15:07.992+0000] {logging_mixin.py:188} INFO - 2026-03-07 21:15:07 [info     ] Claim fraud scored             claim_id=CLM-F5642136C092 fraud_score=0.1135 risk_level=low rules=['weekend_filing', 'late_filing']
[2026-03-07T21:15:07.996+0000] {logging_mixin.py:188} INFO - 2026-03-07 21:15:07 [debug    ] Stored to S3                   key=scored/2026/03/07/CLM-F5642136C092.json
[2026-03-07T21:15:08.007+0000] {logging_mixin.py:188} INFO - 2026-03-07 21:15:08 [debug    ] Lineage event recorded         claim_id=CLM-F5642136C092 latency_ms=0.11420249938964844 source=tx_fraud_detection target=tx_enrichment
[2026-03-07T21:15:08.007+0000] {logging_mixin.py:188} INFO - 2026-03-07 21:15:08 [info     ] Claim enriched                 claim_id=CLM-F5642136C092 fields=['policy', 'claimant_history', 'geo_risk', 'category_analysis', 'adjuster_recommendation', 'reserve_estimate'] latency_ms=0.11
[2026-03-07T21:15:08.011+0000] {logging_mixin.py:188} INFO - 2026-03-07 21:15:08 [debug    ] Stored to S3                   key=enriched/2026/03/07/CLM-F5642136C092.json
[2026-03-07T21:15:08.023+0000] {logging_mixin.py:188} INFO - 2026-03-07 21:15:08 [debug    ] Lineage event recorded         claim_id=CLM-F5642136C092 latency_ms=49.51047897338867 source=tx_enrichment target=sink_s3_datalake
[2026-03-07T21:15:08.034+0000] {logging_mixin.py:188} INFO - 2026-03-07 21:15:08 [debug    ] Stored to PostgreSQL           claim_id=CLM-F5642136C092
[2026-03-07T21:15:08.045+0000] {logging_mixin.py:188} INFO - 2026-03-07 21:15:08 [debug    ] Lineage event recorded         claim_id=CLM-F5642136C092 latency_ms=0 source=tx_enrichment target=sink_postgres
[2026-03-07T21:15:08.057+0000] {logging_mixin.py:188} INFO - 2026-03-07 21:15:08 [debug    ] Lineage event recorded         claim_id=CLM-4B64E60F4913 latency_ms=0.059604644775390625 source=src_claims_ingestion target=tx_validation
[2026-03-07T21:15:08.057+0000] {logging_mixin.py:188} INFO - 2026-03-07 21:15:08 [info     ] Claim validated                claim_id=CLM-4B64E60F4913 errors=0 latency_ms=0.06 valid=True
[2026-03-07T21:15:08.062+0000] {logging_mixin.py:188} INFO - 2026-03-07 21:15:08 [debug    ] Stored to S3                   key=validated/2026/03/07/CLM-4B64E60F4913.json
[2026-03-07T21:15:08.074+0000] {logging_mixin.py:188} INFO - 2026-03-07 21:15:08 [debug    ] Lineage event recorded         claim_id=CLM-4B64E60F4913 latency_ms=0.06842613220214844 source=tx_validation target=tx_fraud_detection
[2026-03-07T21:15:08.075+0000] {logging_mixin.py:188} INFO - 2026-03-07 21:15:08 [info     ] Claim fraud scored             claim_id=CLM-4B64E60F4913 fraud_score=0.2689 risk_level=low rules=['high_amount', 'weekend_filing']
[2026-03-07T21:15:08.080+0000] {logging_mixin.py:188} INFO - 2026-03-07 21:15:08 [debug    ] Stored to S3                   key=scored/2026/03/07/CLM-4B64E60F4913.json
[2026-03-07T21:15:08.092+0000] {logging_mixin.py:188} INFO - 2026-03-07 21:15:08 [debug    ] Lineage event recorded         claim_id=CLM-4B64E60F4913 latency_ms=0.12493133544921875 source=tx_fraud_detection target=tx_enrichment
[2026-03-07T21:15:08.092+0000] {logging_mixin.py:188} INFO - 2026-03-07 21:15:08 [info     ] Claim enriched                 claim_id=CLM-4B64E60F4913 fields=['policy', 'claimant_history', 'geo_risk', 'category_analysis', 'adjuster_recommendation', 'reserve_estimate'] latency_ms=0.12
[2026-03-07T21:15:08.098+0000] {logging_mixin.py:188} INFO - 2026-03-07 21:15:08 [debug    ] Stored to S3                   key=enriched/2026/03/07/CLM-4B64E60F4913.json
[2026-03-07T21:15:08.112+0000] {logging_mixin.py:188} INFO - 2026-03-07 21:15:08 [debug    ] Lineage event recorded         claim_id=CLM-4B64E60F4913 latency_ms=53.28702926635742 source=tx_enrichment target=sink_s3_datalake
[2026-03-07T21:15:08.134+0000] {logging_mixin.py:188} INFO - 2026-03-07 21:15:08 [debug    ] Stored to PostgreSQL           claim_id=CLM-4B64E60F4913
[2026-03-07T21:15:08.146+0000] {logging_mixin.py:188} INFO - 2026-03-07 21:15:08 [debug    ] Lineage event recorded         claim_id=CLM-4B64E60F4913 latency_ms=0 source=tx_enrichment target=sink_postgres
[2026-03-07T21:15:08.158+0000] {logging_mixin.py:188} INFO - 2026-03-07 21:15:08 [debug    ] Lineage event recorded         claim_id=CLM-65BB16DE3DE3 latency_ms=0.07152557373046875 source=src_claims_ingestion target=tx_validation
[2026-03-07T21:15:08.159+0000] {logging_mixin.py:188} INFO - 2026-03-07 21:15:08 [info     ] Claim validated                claim_id=CLM-65BB16DE3DE3 errors=0 latency_ms=0.07 valid=True
[2026-03-07T21:15:08.163+0000] {logging_mixin.py:188} INFO - 2026-03-07 21:15:08 [debug    ] Stored to S3                   key=validated/2026/03/07/CLM-65BB16DE3DE3.json
[2026-03-07T21:15:08.180+0000] {logging_mixin.py:188} INFO - 2026-03-07 21:15:08 [debug    ] Lineage event recorded         claim_id=CLM-65BB16DE3DE3 latency_ms=0.10704994201660156 source=tx_validation target=tx_fraud_detection
[2026-03-07T21:15:08.181+0000] {logging_mixin.py:188} INFO - 2026-03-07 21:15:08 [info     ] Claim fraud scored             claim_id=CLM-65BB16DE3DE3 fraud_score=0.7167 risk_level=high rules=['high_amount', 'weekend_filing', 'late_filing', 'excessive_amount_for_type']
[2026-03-07T21:15:08.188+0000] {logging_mixin.py:188} INFO - 2026-03-07 21:15:08 [debug    ] Stored to S3                   key=scored/2026/03/07/CLM-65BB16DE3DE3.json
[2026-03-07T21:15:08.204+0000] {logging_mixin.py:188} INFO - 2026-03-07 21:15:08 [debug    ] Lineage event recorded         claim_id=CLM-65BB16DE3DE3 latency_ms=0.2472400665283203 source=tx_fraud_detection target=tx_enrichment
[2026-03-07T21:15:08.204+0000] {logging_mixin.py:188} INFO - 2026-03-07 21:15:08 [info     ] Claim enriched                 claim_id=CLM-65BB16DE3DE3 fields=['policy', 'claimant_history', 'geo_risk', 'category_analysis', 'adjuster_recommendation', 'reserve_estimate'] latency_ms=0.25
[2026-03-07T21:15:08.208+0000] {logging_mixin.py:188} INFO - 2026-03-07 21:15:08 [debug    ] Stored to S3                   key=enriched/2026/03/07/CLM-65BB16DE3DE3.json
[2026-03-07T21:15:08.220+0000] {logging_mixin.py:188} INFO - 2026-03-07 21:15:08 [debug    ] Lineage event recorded         claim_id=CLM-65BB16DE3DE3 latency_ms=61.4316463470459 source=tx_enrichment target=sink_s3_datalake
[2026-03-07T21:15:08.230+0000] {logging_mixin.py:188} INFO - 2026-03-07 21:15:08 [debug    ] Stored to PostgreSQL           claim_id=CLM-65BB16DE3DE3
[2026-03-07T21:15:08.241+0000] {logging_mixin.py:188} INFO - 2026-03-07 21:15:08 [debug    ] Lineage event recorded         claim_id=CLM-65BB16DE3DE3 latency_ms=0 source=tx_enrichment target=sink_postgres
[2026-03-07T21:15:08.253+0000] {logging_mixin.py:188} INFO - 2026-03-07 21:15:08 [debug    ] Lineage event recorded         claim_id=CLM-CD3BB0E16ED5 latency_ms=0.0782012939453125 source=src_claims_ingestion target=tx_validation
[2026-03-07T21:15:08.253+0000] {logging_mixin.py:188} INFO - 2026-03-07 21:15:08 [info     ] Claim validated                claim_id=CLM-CD3BB0E16ED5 errors=0 latency_ms=0.08 valid=True
[2026-03-07T21:15:08.258+0000] {logging_mixin.py:188} INFO - 2026-03-07 21:15:08 [debug    ] Stored to S3                   key=validated/2026/03/07/CLM-CD3BB0E16ED5.json
[2026-03-07T21:15:08.272+0000] {logging_mixin.py:188} INFO - 2026-03-07 21:15:08 [debug    ] Lineage event recorded         claim_id=CLM-CD3BB0E16ED5 latency_ms=0.07772445678710938 source=tx_validation target=tx_fraud_detection
[2026-03-07T21:15:08.272+0000] {logging_mixin.py:188} INFO - 2026-03-07 21:15:08 [info     ] Claim fraud scored             claim_id=CLM-CD3BB0E16ED5 fraud_score=0.0902 risk_level=low rules=['weekend_filing', 'late_filing']
[2026-03-07T21:15:08.277+0000] {logging_mixin.py:188} INFO - 2026-03-07 21:15:08 [debug    ] Stored to S3                   key=scored/2026/03/07/CLM-CD3BB0E16ED5.json
[2026-03-07T21:15:08.291+0000] {logging_mixin.py:188} INFO - 2026-03-07 21:15:08 [debug    ] Lineage event recorded         claim_id=CLM-CD3BB0E16ED5 latency_ms=0.1392364501953125 source=tx_fraud_detection target=tx_enrichment
[2026-03-07T21:15:08.291+0000] {logging_mixin.py:188} INFO - 2026-03-07 21:15:08 [info     ] Claim enriched                 claim_id=CLM-CD3BB0E16ED5 fields=['policy', 'claimant_history', 'geo_risk', 'category_analysis', 'adjuster_recommendation', 'reserve_estimate'] latency_ms=0.14
[2026-03-07T21:15:08.296+0000] {logging_mixin.py:188} INFO - 2026-03-07 21:15:08 [debug    ] Stored to S3                   key=enriched/2026/03/07/CLM-CD3BB0E16ED5.json
[2026-03-07T21:15:08.309+0000] {logging_mixin.py:188} INFO - 2026-03-07 21:15:08 [debug    ] Lineage event recorded         claim_id=CLM-CD3BB0E16ED5 latency_ms=55.028438568115234 source=tx_enrichment target=sink_s3_datalake
[2026-03-07T21:15:08.321+0000] {logging_mixin.py:188} INFO - 2026-03-07 21:15:08 [debug    ] Stored to PostgreSQL           claim_id=CLM-CD3BB0E16ED5
[2026-03-07T21:15:08.334+0000] {logging_mixin.py:188} INFO - 2026-03-07 21:15:08 [debug    ] Lineage event recorded         claim_id=CLM-CD3BB0E16ED5 latency_ms=0 source=tx_enrichment target=sink_postgres
[2026-03-07T21:15:08.335+0000] {logging_mixin.py:188} INFO - 2026-03-07 21:15:08 [info     ] Processed 30 claims            throughput=3.37/s
[2026-03-07T21:15:08.349+0000] {logging_mixin.py:188} INFO - 2026-03-07 21:15:08 [debug    ] Lineage event recorded         claim_id=CLM-21C94FFD5C0C latency_ms=0.06794929504394531 source=src_claims_ingestion target=tx_validation
[2026-03-07T21:15:08.349+0000] {logging_mixin.py:188} INFO - 2026-03-07 21:15:08 [info     ] Claim validated                claim_id=CLM-21C94FFD5C0C errors=0 latency_ms=0.07 valid=True
[2026-03-07T21:15:08.355+0000] {logging_mixin.py:188} INFO - 2026-03-07 21:15:08 [debug    ] Stored to S3                   key=validated/2026/03/07/CLM-21C94FFD5C0C.json
[2026-03-07T21:15:08.369+0000] {logging_mixin.py:188} INFO - 2026-03-07 21:15:08 [debug    ] Lineage event recorded         claim_id=CLM-21C94FFD5C0C latency_ms=0.08225440979003906 source=tx_validation target=tx_fraud_detection
[2026-03-07T21:15:08.370+0000] {logging_mixin.py:188} INFO - 2026-03-07 21:15:08 [info     ] Claim fraud scored             claim_id=CLM-21C94FFD5C0C fraud_score=0.108 risk_level=low rules=['weekend_filing', 'late_filing']
[2026-03-07T21:15:08.378+0000] {logging_mixin.py:188} INFO - 2026-03-07 21:15:08 [debug    ] Stored to S3                   key=scored/2026/03/07/CLM-21C94FFD5C0C.json
[2026-03-07T21:15:08.400+0000] {logging_mixin.py:188} INFO - 2026-03-07 21:15:08 [debug    ] Lineage event recorded         claim_id=CLM-21C94FFD5C0C latency_ms=0.24127960205078125 source=tx_fraud_detection target=tx_enrichment
[2026-03-07T21:15:08.400+0000] {logging_mixin.py:188} INFO - 2026-03-07 21:15:08 [info     ] Claim enriched                 claim_id=CLM-21C94FFD5C0C fields=['policy', 'claimant_history', 'geo_risk', 'category_analysis', 'adjuster_recommendation', 'reserve_estimate'] latency_ms=0.24
[2026-03-07T21:15:08.404+0000] {logging_mixin.py:188} INFO - 2026-03-07 21:15:08 [debug    ] Stored to S3                   key=enriched/2026/03/07/CLM-21C94FFD5C0C.json
[2026-03-07T21:15:08.419+0000] {logging_mixin.py:188} INFO - 2026-03-07 21:15:08 [debug    ] Lineage event recorded         claim_id=CLM-21C94FFD5C0C latency_ms=69.92053985595703 source=tx_enrichment target=sink_s3_datalake
[2026-03-07T21:15:08.430+0000] {logging_mixin.py:188} INFO - 2026-03-07 21:15:08 [debug    ] Stored to PostgreSQL           claim_id=CLM-21C94FFD5C0C
[2026-03-07T21:15:08.441+0000] {logging_mixin.py:188} INFO - 2026-03-07 21:15:08 [debug    ] Lineage event recorded         claim_id=CLM-21C94FFD5C0C latency_ms=0 source=tx_enrichment target=sink_postgres
[2026-03-07T21:15:08.452+0000] {logging_mixin.py:188} INFO - 2026-03-07 21:15:08 [debug    ] Lineage event recorded         claim_id=CLM-0116298B8656 latency_ms=0.07510185241699219 source=src_claims_ingestion target=tx_validation
[2026-03-07T21:15:08.453+0000] {logging_mixin.py:188} INFO - 2026-03-07 21:15:08 [info     ] Claim validated                claim_id=CLM-0116298B8656 errors=0 latency_ms=0.08 valid=True
[2026-03-07T21:15:08.458+0000] {logging_mixin.py:188} INFO - 2026-03-07 21:15:08 [debug    ] Stored to S3                   key=validated/2026/03/07/CLM-0116298B8656.json
[2026-03-07T21:15:08.471+0000] {logging_mixin.py:188} INFO - 2026-03-07 21:15:08 [debug    ] Lineage event recorded         claim_id=CLM-0116298B8656 latency_ms=0.09989738464355469 source=tx_validation target=tx_fraud_detection
[2026-03-07T21:15:08.471+0000] {logging_mixin.py:188} INFO - 2026-03-07 21:15:08 [info     ] Claim fraud scored             claim_id=CLM-0116298B8656 fraud_score=0.2 risk_level=low rules=['high_amount', 'weekend_filing', 'late_filing']
[2026-03-07T21:15:08.475+0000] {logging_mixin.py:188} INFO - 2026-03-07 21:15:08 [debug    ] Stored to S3                   key=scored/2026/03/07/CLM-0116298B8656.json
[2026-03-07T21:15:08.488+0000] {logging_mixin.py:188} INFO - 2026-03-07 21:15:08 [debug    ] Lineage event recorded         claim_id=CLM-0116298B8656 latency_ms=0.11587142944335938 source=tx_fraud_detection target=tx_enrichment
[2026-03-07T21:15:08.488+0000] {logging_mixin.py:188} INFO - 2026-03-07 21:15:08 [info     ] Claim enriched                 claim_id=CLM-0116298B8656 fields=['policy', 'claimant_history', 'geo_risk', 'category_analysis', 'adjuster_recommendation', 'reserve_estimate'] latency_ms=0.12
[2026-03-07T21:15:08.492+0000] {logging_mixin.py:188} INFO - 2026-03-07 21:15:08 [debug    ] Stored to S3                   key=enriched/2026/03/07/CLM-0116298B8656.json
[2026-03-07T21:15:08.504+0000] {logging_mixin.py:188} INFO - 2026-03-07 21:15:08 [debug    ] Lineage event recorded         claim_id=CLM-0116298B8656 latency_ms=51.32699012756348 source=tx_enrichment target=sink_s3_datalake
[2026-03-07T21:15:08.518+0000] {logging_mixin.py:188} INFO - 2026-03-07 21:15:08 [debug    ] Stored to PostgreSQL           claim_id=CLM-0116298B8656
[2026-03-07T21:15:08.530+0000] {logging_mixin.py:188} INFO - 2026-03-07 21:15:08 [debug    ] Lineage event recorded         claim_id=CLM-0116298B8656 latency_ms=0 source=tx_enrichment target=sink_postgres
[2026-03-07T21:15:08.541+0000] {logging_mixin.py:188} INFO - 2026-03-07 21:15:08 [debug    ] Lineage event recorded         claim_id=CLM-A414A9CD24DA latency_ms=0.06532669067382812 source=src_claims_ingestion target=tx_validation
[2026-03-07T21:15:08.542+0000] {logging_mixin.py:188} INFO - 2026-03-07 21:15:08 [info     ] Claim validated                claim_id=CLM-A414A9CD24DA errors=0 latency_ms=0.07 valid=True
[2026-03-07T21:15:08.546+0000] {logging_mixin.py:188} INFO - 2026-03-07 21:15:08 [debug    ] Stored to S3                   key=validated/2026/03/07/CLM-A414A9CD24DA.json
[2026-03-07T21:15:08.557+0000] {logging_mixin.py:188} INFO - 2026-03-07 21:15:08 [debug    ] Lineage event recorded         claim_id=CLM-A414A9CD24DA latency_ms=0.07295608520507812 source=tx_validation target=tx_fraud_detection
[2026-03-07T21:15:08.558+0000] {logging_mixin.py:188} INFO - 2026-03-07 21:15:08 [info     ] Claim fraud scored             claim_id=CLM-A414A9CD24DA fraud_score=0.177 risk_level=low rules=['high_amount', 'weekend_filing', 'late_filing']
[2026-03-07T21:15:08.562+0000] {logging_mixin.py:188} INFO - 2026-03-07 21:15:08 [debug    ] Stored to S3                   key=scored/2026/03/07/CLM-A414A9CD24DA.json
[2026-03-07T21:15:08.574+0000] {logging_mixin.py:188} INFO - 2026-03-07 21:15:08 [debug    ] Lineage event recorded         claim_id=CLM-A414A9CD24DA latency_ms=0.12469291687011719 source=tx_fraud_detection target=tx_enrichment
[2026-03-07T21:15:08.574+0000] {logging_mixin.py:188} INFO - 2026-03-07 21:15:08 [info     ] Claim enriched                 claim_id=CLM-A414A9CD24DA fields=['policy', 'claimant_history', 'geo_risk', 'category_analysis', 'adjuster_recommendation', 'reserve_estimate'] latency_ms=0.12
[2026-03-07T21:15:08.579+0000] {logging_mixin.py:188} INFO - 2026-03-07 21:15:08 [debug    ] Stored to S3                   key=enriched/2026/03/07/CLM-A414A9CD24DA.json
[2026-03-07T21:15:08.591+0000] {logging_mixin.py:188} INFO - 2026-03-07 21:15:08 [debug    ] Lineage event recorded         claim_id=CLM-A414A9CD24DA latency_ms=48.86579513549805 source=tx_enrichment target=sink_s3_datalake
[2026-03-07T21:15:08.601+0000] {logging_mixin.py:188} INFO - 2026-03-07 21:15:08 [debug    ] Stored to PostgreSQL           claim_id=CLM-A414A9CD24DA
[2026-03-07T21:15:08.613+0000] {logging_mixin.py:188} INFO - 2026-03-07 21:15:08 [debug    ] Lineage event recorded         claim_id=CLM-A414A9CD24DA latency_ms=0 source=tx_enrichment target=sink_postgres
[2026-03-07T21:15:08.624+0000] {logging_mixin.py:188} INFO - 2026-03-07 21:15:08 [debug    ] Lineage event recorded         claim_id=CLM-3AA0AA8DEB76 latency_ms=0.06985664367675781 source=src_claims_ingestion target=tx_validation
[2026-03-07T21:15:08.625+0000] {logging_mixin.py:188} INFO - 2026-03-07 21:15:08 [info     ] Claim validated                claim_id=CLM-3AA0AA8DEB76 errors=0 latency_ms=0.07 valid=True
[2026-03-07T21:15:08.628+0000] {logging_mixin.py:188} INFO - 2026-03-07 21:15:08 [debug    ] Stored to S3                   key=validated/2026/03/07/CLM-3AA0AA8DEB76.json
[2026-03-07T21:15:08.640+0000] {logging_mixin.py:188} INFO - 2026-03-07 21:15:08 [debug    ] Lineage event recorded         claim_id=CLM-3AA0AA8DEB76 latency_ms=0.1423358917236328 source=tx_validation target=tx_fraud_detection
[2026-03-07T21:15:08.641+0000] {logging_mixin.py:188} INFO - 2026-03-07 21:15:08 [info     ] Claim fraud scored             claim_id=CLM-3AA0AA8DEB76 fraud_score=0.1919 risk_level=low rules=['high_amount', 'weekend_filing']
[2026-03-07T21:15:08.645+0000] {logging_mixin.py:188} INFO - 2026-03-07 21:15:08 [debug    ] Stored to S3                   key=scored/2026/03/07/CLM-3AA0AA8DEB76.json
[2026-03-07T21:15:08.657+0000] {logging_mixin.py:188} INFO - 2026-03-07 21:15:08 [debug    ] Lineage event recorded         claim_id=CLM-3AA0AA8DEB76 latency_ms=0.1201629638671875 source=tx_fraud_detection target=tx_enrichment
[2026-03-07T21:15:08.657+0000] {logging_mixin.py:188} INFO - 2026-03-07 21:15:08 [info     ] Claim enriched                 claim_id=CLM-3AA0AA8DEB76 fields=['policy', 'claimant_history', 'geo_risk', 'category_analysis', 'adjuster_recommendation', 'reserve_estimate'] latency_ms=0.12
[2026-03-07T21:15:08.662+0000] {logging_mixin.py:188} INFO - 2026-03-07 21:15:08 [debug    ] Stored to S3                   key=enriched/2026/03/07/CLM-3AA0AA8DEB76.json
[2026-03-07T21:15:08.677+0000] {logging_mixin.py:188} INFO - 2026-03-07 21:15:08 [debug    ] Lineage event recorded         claim_id=CLM-3AA0AA8DEB76 latency_ms=48.40993881225586 source=tx_enrichment target=sink_s3_datalake
[2026-03-07T21:15:08.688+0000] {logging_mixin.py:188} INFO - 2026-03-07 21:15:08 [debug    ] Stored to PostgreSQL           claim_id=CLM-3AA0AA8DEB76
[2026-03-07T21:15:08.699+0000] {logging_mixin.py:188} INFO - 2026-03-07 21:15:08 [debug    ] Lineage event recorded         claim_id=CLM-3AA0AA8DEB76 latency_ms=0 source=tx_enrichment target=sink_postgres
[2026-03-07T21:15:08.712+0000] {logging_mixin.py:188} INFO - 2026-03-07 21:15:08 [debug    ] Lineage event recorded         claim_id=CLM-A0B6FD6F88EF latency_ms=0.31948089599609375 source=src_claims_ingestion target=tx_validation
[2026-03-07T21:15:08.713+0000] {logging_mixin.py:188} INFO - 2026-03-07 21:15:08 [info     ] Claim validated                claim_id=CLM-A0B6FD6F88EF errors=0 latency_ms=0.32 valid=True
[2026-03-07T21:15:08.717+0000] {logging_mixin.py:188} INFO - 2026-03-07 21:15:08 [debug    ] Stored to S3                   key=validated/2026/03/07/CLM-A0B6FD6F88EF.json
[2026-03-07T21:15:08.728+0000] {logging_mixin.py:188} INFO - 2026-03-07 21:15:08 [debug    ] Lineage event recorded         claim_id=CLM-A0B6FD6F88EF latency_ms=0.07390975952148438 source=tx_validation target=tx_fraud_detection
[2026-03-07T21:15:08.729+0000] {logging_mixin.py:188} INFO - 2026-03-07 21:15:08 [info     ] Claim fraud scored             claim_id=CLM-A0B6FD6F88EF fraud_score=0.3551 risk_level=medium rules=['high_amount', 'weekend_filing', 'excessive_amount_for_type']
[2026-03-07T21:15:08.733+0000] {logging_mixin.py:188} INFO - 2026-03-07 21:15:08 [debug    ] Stored to S3                   key=scored/2026/03/07/CLM-A0B6FD6F88EF.json
[2026-03-07T21:15:08.745+0000] {logging_mixin.py:188} INFO - 2026-03-07 21:15:08 [debug    ] Lineage event recorded         claim_id=CLM-A0B6FD6F88EF latency_ms=0.12278556823730469 source=tx_fraud_detection target=tx_enrichment
[2026-03-07T21:15:08.745+0000] {logging_mixin.py:188} INFO - 2026-03-07 21:15:08 [info     ] Claim enriched                 claim_id=CLM-A0B6FD6F88EF fields=['policy', 'claimant_history', 'geo_risk', 'category_analysis', 'adjuster_recommendation', 'reserve_estimate'] latency_ms=0.12
[2026-03-07T21:15:08.749+0000] {logging_mixin.py:188} INFO - 2026-03-07 21:15:08 [debug    ] Stored to S3                   key=enriched/2026/03/07/CLM-A0B6FD6F88EF.json
[2026-03-07T21:15:08.760+0000] {logging_mixin.py:188} INFO - 2026-03-07 21:15:08 [debug    ] Lineage event recorded         claim_id=CLM-A0B6FD6F88EF latency_ms=50.35877227783203 source=tx_enrichment target=sink_s3_datalake
[2026-03-07T21:15:08.772+0000] {logging_mixin.py:188} INFO - 2026-03-07 21:15:08 [debug    ] Stored to PostgreSQL           claim_id=CLM-A0B6FD6F88EF
[2026-03-07T21:15:08.783+0000] {logging_mixin.py:188} INFO - 2026-03-07 21:15:08 [debug    ] Lineage event recorded         claim_id=CLM-A0B6FD6F88EF latency_ms=0 source=tx_enrichment target=sink_postgres
[2026-03-07T21:15:08.793+0000] {logging_mixin.py:188} INFO - 2026-03-07 21:15:08 [debug    ] Lineage event recorded         claim_id=CLM-5989A38CAB3D latency_ms=0.07867813110351562 source=src_claims_ingestion target=tx_validation
[2026-03-07T21:15:08.794+0000] {logging_mixin.py:188} INFO - 2026-03-07 21:15:08 [info     ] Claim validated                claim_id=CLM-5989A38CAB3D errors=1 latency_ms=0.08 valid=False
[2026-03-07T21:15:08.798+0000] {logging_mixin.py:188} INFO - 2026-03-07 21:15:08 [debug    ] Stored to S3                   key=rejected/2026/03/07/CLM-5989A38CAB3D.json
[2026-03-07T21:15:08.811+0000] {logging_mixin.py:188} INFO - 2026-03-07 21:15:08 [debug    ] Lineage event recorded         claim_id=CLM-8DBEF738E0AC latency_ms=0.0629425048828125 source=src_claims_ingestion target=tx_validation
[2026-03-07T21:15:08.811+0000] {logging_mixin.py:188} INFO - 2026-03-07 21:15:08 [info     ] Claim validated                claim_id=CLM-8DBEF738E0AC errors=0 latency_ms=0.06 valid=True
[2026-03-07T21:15:08.815+0000] {logging_mixin.py:188} INFO - 2026-03-07 21:15:08 [debug    ] Stored to S3                   key=validated/2026/03/07/CLM-8DBEF738E0AC.json
[2026-03-07T21:15:08.827+0000] {logging_mixin.py:188} INFO - 2026-03-07 21:15:08 [debug    ] Lineage event recorded         claim_id=CLM-8DBEF738E0AC latency_ms=0.07462501525878906 source=tx_validation target=tx_fraud_detection
[2026-03-07T21:15:08.827+0000] {logging_mixin.py:188} INFO - 2026-03-07 21:15:08 [info     ] Claim fraud scored             claim_id=CLM-8DBEF738E0AC fraud_score=0.2058 risk_level=low rules=['weekend_filing', 'late_filing', 'excessive_amount_for_type']
[2026-03-07T21:15:08.831+0000] {logging_mixin.py:188} INFO - 2026-03-07 21:15:08 [debug    ] Stored to S3                   key=scored/2026/03/07/CLM-8DBEF738E0AC.json
[2026-03-07T21:15:08.843+0000] {logging_mixin.py:188} INFO - 2026-03-07 21:15:08 [debug    ] Lineage event recorded         claim_id=CLM-8DBEF738E0AC latency_ms=0.11467933654785156 source=tx_fraud_detection target=tx_enrichment
[2026-03-07T21:15:08.843+0000] {logging_mixin.py:188} INFO - 2026-03-07 21:15:08 [info     ] Claim enriched                 claim_id=CLM-8DBEF738E0AC fields=['policy', 'claimant_history', 'geo_risk', 'category_analysis', 'adjuster_recommendation', 'reserve_estimate'] latency_ms=0.11
[2026-03-07T21:15:08.847+0000] {logging_mixin.py:188} INFO - 2026-03-07 21:15:08 [debug    ] Stored to S3                   key=enriched/2026/03/07/CLM-8DBEF738E0AC.json
[2026-03-07T21:15:08.858+0000] {logging_mixin.py:188} INFO - 2026-03-07 21:15:08 [debug    ] Lineage event recorded         claim_id=CLM-8DBEF738E0AC latency_ms=48.680782318115234 source=tx_enrichment target=sink_s3_datalake
[2026-03-07T21:15:08.869+0000] {logging_mixin.py:188} INFO - 2026-03-07 21:15:08 [debug    ] Stored to PostgreSQL           claim_id=CLM-8DBEF738E0AC
[2026-03-07T21:15:08.880+0000] {logging_mixin.py:188} INFO - 2026-03-07 21:15:08 [debug    ] Lineage event recorded         claim_id=CLM-8DBEF738E0AC latency_ms=0 source=tx_enrichment target=sink_postgres
[2026-03-07T21:15:08.891+0000] {logging_mixin.py:188} INFO - 2026-03-07 21:15:08 [debug    ] Lineage event recorded         claim_id=CLM-00CFECC017E3 latency_ms=0.05984306335449219 source=src_claims_ingestion target=tx_validation
[2026-03-07T21:15:08.891+0000] {logging_mixin.py:188} INFO - 2026-03-07 21:15:08 [info     ] Claim validated                claim_id=CLM-00CFECC017E3 errors=0 latency_ms=0.06 valid=True
[2026-03-07T21:15:08.895+0000] {logging_mixin.py:188} INFO - 2026-03-07 21:15:08 [debug    ] Stored to S3                   key=validated/2026/03/07/CLM-00CFECC017E3.json
[2026-03-07T21:15:08.911+0000] {logging_mixin.py:188} INFO - 2026-03-07 21:15:08 [debug    ] Lineage event recorded         claim_id=CLM-00CFECC017E3 latency_ms=0.0782012939453125 source=tx_validation target=tx_fraud_detection
[2026-03-07T21:15:08.911+0000] {logging_mixin.py:188} INFO - 2026-03-07 21:15:08 [info     ] Claim fraud scored             claim_id=CLM-00CFECC017E3 fraud_score=0.2138 risk_level=low rules=['high_amount', 'weekend_filing', 'late_filing']
[2026-03-07T21:15:08.915+0000] {logging_mixin.py:188} INFO - 2026-03-07 21:15:08 [debug    ] Stored to S3                   key=scored/2026/03/07/CLM-00CFECC017E3.json
[2026-03-07T21:15:08.927+0000] {logging_mixin.py:188} INFO - 2026-03-07 21:15:08 [debug    ] Lineage event recorded         claim_id=CLM-00CFECC017E3 latency_ms=0.13065338134765625 source=tx_fraud_detection target=tx_enrichment
[2026-03-07T21:15:08.927+0000] {logging_mixin.py:188} INFO - 2026-03-07 21:15:08 [info     ] Claim enriched                 claim_id=CLM-00CFECC017E3 fields=['policy', 'claimant_history', 'geo_risk', 'category_analysis', 'adjuster_recommendation', 'reserve_estimate'] latency_ms=0.13
[2026-03-07T21:15:08.931+0000] {logging_mixin.py:188} INFO - 2026-03-07 21:15:08 [debug    ] Stored to S3                   key=enriched/2026/03/07/CLM-00CFECC017E3.json
[2026-03-07T21:15:08.942+0000] {logging_mixin.py:188} INFO - 2026-03-07 21:15:08 [debug    ] Lineage event recorded         claim_id=CLM-00CFECC017E3 latency_ms=50.637245178222656 source=tx_enrichment target=sink_s3_datalake
[2026-03-07T21:15:08.953+0000] {logging_mixin.py:188} INFO - 2026-03-07 21:15:08 [debug    ] Stored to PostgreSQL           claim_id=CLM-00CFECC017E3
[2026-03-07T21:15:08.963+0000] {logging_mixin.py:188} INFO - 2026-03-07 21:15:08 [debug    ] Lineage event recorded         claim_id=CLM-00CFECC017E3 latency_ms=0 source=tx_enrichment target=sink_postgres
[2026-03-07T21:15:08.974+0000] {logging_mixin.py:188} INFO - 2026-03-07 21:15:08 [debug    ] Lineage event recorded         claim_id=CLM-713F982C50A6 latency_ms=0.06198883056640625 source=src_claims_ingestion target=tx_validation
[2026-03-07T21:15:08.974+0000] {logging_mixin.py:188} INFO - 2026-03-07 21:15:08 [info     ] Claim validated                claim_id=CLM-713F982C50A6 errors=0 latency_ms=0.06 valid=True
[2026-03-07T21:15:08.978+0000] {logging_mixin.py:188} INFO - 2026-03-07 21:15:08 [debug    ] Stored to S3                   key=validated/2026/03/07/CLM-713F982C50A6.json
[2026-03-07T21:15:08.989+0000] {logging_mixin.py:188} INFO - 2026-03-07 21:15:08 [debug    ] Lineage event recorded         claim_id=CLM-713F982C50A6 latency_ms=0.07200241088867188 source=tx_validation target=tx_fraud_detection
[2026-03-07T21:15:08.989+0000] {logging_mixin.py:188} INFO - 2026-03-07 21:15:08 [info     ] Claim fraud scored             claim_id=CLM-713F982C50A6 fraud_score=0.4431 risk_level=medium rules=['high_amount', 'weekend_filing', 'late_filing', 'excessive_amount_for_type']
[2026-03-07T21:15:08.993+0000] {logging_mixin.py:188} INFO - 2026-03-07 21:15:08 [debug    ] Stored to S3                   key=scored/2026/03/07/CLM-713F982C50A6.json
[2026-03-07T21:15:09.004+0000] {logging_mixin.py:188} INFO - 2026-03-07 21:15:09 [debug    ] Lineage event recorded         claim_id=CLM-713F982C50A6 latency_ms=0.11992454528808594 source=tx_fraud_detection target=tx_enrichment
[2026-03-07T21:15:09.005+0000] {logging_mixin.py:188} INFO - 2026-03-07 21:15:09 [info     ] Claim enriched                 claim_id=CLM-713F982C50A6 fields=['policy', 'claimant_history', 'geo_risk', 'category_analysis', 'adjuster_recommendation', 'reserve_estimate'] latency_ms=0.12
[2026-03-07T21:15:09.008+0000] {logging_mixin.py:188} INFO - 2026-03-07 21:15:09 [debug    ] Stored to S3                   key=enriched/2026/03/07/CLM-713F982C50A6.json
[2026-03-07T21:15:09.019+0000] {logging_mixin.py:188} INFO - 2026-03-07 21:15:09 [debug    ] Lineage event recorded         claim_id=CLM-713F982C50A6 latency_ms=45.10235786437988 source=tx_enrichment target=sink_s3_datalake
[2026-03-07T21:15:09.030+0000] {logging_mixin.py:188} INFO - 2026-03-07 21:15:09 [debug    ] Stored to PostgreSQL           claim_id=CLM-713F982C50A6
[2026-03-07T21:15:09.040+0000] {logging_mixin.py:188} INFO - 2026-03-07 21:15:09 [debug    ] Lineage event recorded         claim_id=CLM-713F982C50A6 latency_ms=0 source=tx_enrichment target=sink_postgres
[2026-03-07T21:15:09.051+0000] {logging_mixin.py:188} INFO - 2026-03-07 21:15:09 [debug    ] Lineage event recorded         claim_id=CLM-A9AE6D182C4A latency_ms=0.06127357482910156 source=src_claims_ingestion target=tx_validation
[2026-03-07T21:15:09.051+0000] {logging_mixin.py:188} INFO - 2026-03-07 21:15:09 [info     ] Claim validated                claim_id=CLM-A9AE6D182C4A errors=0 latency_ms=0.06 valid=True
[2026-03-07T21:15:09.055+0000] {logging_mixin.py:188} INFO - 2026-03-07 21:15:09 [debug    ] Stored to S3                   key=validated/2026/03/07/CLM-A9AE6D182C4A.json
[2026-03-07T21:15:09.066+0000] {logging_mixin.py:188} INFO - 2026-03-07 21:15:09 [debug    ] Lineage event recorded         claim_id=CLM-A9AE6D182C4A latency_ms=0.07605552673339844 source=tx_validation target=tx_fraud_detection
[2026-03-07T21:15:09.067+0000] {logging_mixin.py:188} INFO - 2026-03-07 21:15:09 [info     ] Claim fraud scored             claim_id=CLM-A9AE6D182C4A fraud_score=0.5461 risk_level=medium rules=['high_amount', 'weekend_filing', 'late_filing', 'excessive_amount_for_type']
[2026-03-07T21:15:09.071+0000] {logging_mixin.py:188} INFO - 2026-03-07 21:15:09 [debug    ] Stored to S3                   key=scored/2026/03/07/CLM-A9AE6D182C4A.json
[2026-03-07T21:15:09.082+0000] {logging_mixin.py:188} INFO - 2026-03-07 21:15:09 [debug    ] Lineage event recorded         claim_id=CLM-A9AE6D182C4A latency_ms=0.12087821960449219 source=tx_fraud_detection target=tx_enrichment
[2026-03-07T21:15:09.083+0000] {logging_mixin.py:188} INFO - 2026-03-07 21:15:09 [info     ] Claim enriched                 claim_id=CLM-A9AE6D182C4A fields=['policy', 'claimant_history', 'geo_risk', 'category_analysis', 'adjuster_recommendation', 'reserve_estimate'] latency_ms=0.12
[2026-03-07T21:15:09.087+0000] {logging_mixin.py:188} INFO - 2026-03-07 21:15:09 [debug    ] Stored to S3                   key=enriched/2026/03/07/CLM-A9AE6D182C4A.json
[2026-03-07T21:15:09.098+0000] {logging_mixin.py:188} INFO - 2026-03-07 21:15:09 [debug    ] Lineage event recorded         claim_id=CLM-A9AE6D182C4A latency_ms=46.631813049316406 source=tx_enrichment target=sink_s3_datalake
[2026-03-07T21:15:09.119+0000] {logging_mixin.py:188} INFO - 2026-03-07 21:15:09 [debug    ] Stored to PostgreSQL           claim_id=CLM-A9AE6D182C4A
[2026-03-07T21:15:09.136+0000] {logging_mixin.py:188} INFO - 2026-03-07 21:15:09 [debug    ] Lineage event recorded         claim_id=CLM-A9AE6D182C4A latency_ms=0 source=tx_enrichment target=sink_postgres
[2026-03-07T21:15:09.137+0000] {logging_mixin.py:188} INFO - 2026-03-07 21:15:09 [info     ] Processed 40 claims            throughput=4.12/s
[2026-03-07T21:15:09.137+0000] {logging_mixin.py:188} INFO - 2026-03-07 21:15:09 [error    ] Pipeline processing failed     error=1 validation error for InsuranceClaim
claim_amount
  Input should be greater than 0 [type=greater_than, input_value=-100, input_type=int]
    For further information visit https://errors.pydantic.dev/2.5/v/greater_than
[2026-03-07T21:15:09.150+0000] {logging_mixin.py:188} INFO - 2026-03-07 21:15:09 [debug    ] Lineage event recorded         claim_id=CLM-455747C17E46 latency_ms=0.06437301635742188 source=src_claims_ingestion target=tx_validation
[2026-03-07T21:15:09.151+0000] {logging_mixin.py:188} INFO - 2026-03-07 21:15:09 [info     ] Claim validated                claim_id=CLM-455747C17E46 errors=0 latency_ms=0.06 valid=True
[2026-03-07T21:15:09.155+0000] {logging_mixin.py:188} INFO - 2026-03-07 21:15:09 [debug    ] Stored to S3                   key=validated/2026/03/07/CLM-455747C17E46.json
[2026-03-07T21:15:09.618+0000] {logging_mixin.py:188} INFO - 2026-03-07 21:15:09 [debug    ] Lineage event recorded         claim_id=CLM-455747C17E46 latency_ms=0.06771087646484375 source=tx_validation target=tx_fraud_detection
[2026-03-07T21:15:09.618+0000] {logging_mixin.py:188} INFO - 2026-03-07 21:15:09 [info     ] Claim fraud scored             claim_id=CLM-455747C17E46 fraud_score=0.0759 risk_level=low rules=['weekend_filing']
[2026-03-07T21:15:09.633+0000] {logging_mixin.py:188} INFO - 2026-03-07 21:15:09 [debug    ] Stored to S3                   key=scored/2026/03/07/CLM-455747C17E46.json
[2026-03-07T21:15:09.660+0000] {logging_mixin.py:188} INFO - 2026-03-07 21:15:09 [debug    ] Lineage event recorded         claim_id=CLM-455747C17E46 latency_ms=0.3552436828613281 source=tx_fraud_detection target=tx_enrichment
[2026-03-07T21:15:09.661+0000] {logging_mixin.py:188} INFO - 2026-03-07 21:15:09 [info     ] Claim enriched                 claim_id=CLM-455747C17E46 fields=['policy', 'claimant_history', 'geo_risk', 'category_analysis', 'adjuster_recommendation', 'reserve_estimate'] latency_ms=0.36
[2026-03-07T21:15:09.670+0000] {logging_mixin.py:188} INFO - 2026-03-07 21:15:09 [debug    ] Stored to S3                   key=enriched/2026/03/07/CLM-455747C17E46.json
[2026-03-07T21:15:09.693+0000] {logging_mixin.py:188} INFO - 2026-03-07 21:15:09 [debug    ] Lineage event recorded         claim_id=CLM-455747C17E46 latency_ms=530.3657054901123 source=tx_enrichment target=sink_s3_datalake
[2026-03-07T21:15:09.718+0000] {logging_mixin.py:188} INFO - 2026-03-07 21:15:09 [debug    ] Stored to PostgreSQL           claim_id=CLM-455747C17E46
[2026-03-07T21:15:09.739+0000] {logging_mixin.py:188} INFO - 2026-03-07 21:15:09 [debug    ] Lineage event recorded         claim_id=CLM-455747C17E46 latency_ms=0 source=tx_enrichment target=sink_postgres
[2026-03-07T21:15:09.765+0000] {logging_mixin.py:188} INFO - 2026-03-07 21:15:09 [debug    ] Lineage event recorded         claim_id=CLM-1B8AE6F29F9A latency_ms=0.11730194091796875 source=src_claims_ingestion target=tx_validation
[2026-03-07T21:15:09.765+0000] {logging_mixin.py:188} INFO - 2026-03-07 21:15:09 [info     ] Claim validated                claim_id=CLM-1B8AE6F29F9A errors=1 latency_ms=0.12 valid=False
[2026-03-07T21:15:09.773+0000] {logging_mixin.py:188} INFO - 2026-03-07 21:15:09 [debug    ] Stored to S3                   key=rejected/2026/03/07/CLM-1B8AE6F29F9A.json
[2026-03-07T21:15:09.796+0000] {logging_mixin.py:188} INFO - 2026-03-07 21:15:09 [debug    ] Lineage event recorded         claim_id=CLM-6C7666BFD65D latency_ms=0.1277923583984375 source=src_claims_ingestion target=tx_validation
[2026-03-07T21:15:09.797+0000] {logging_mixin.py:188} INFO - 2026-03-07 21:15:09 [info     ] Claim validated                claim_id=CLM-6C7666BFD65D errors=1 latency_ms=0.13 valid=False
[2026-03-07T21:15:09.803+0000] {logging_mixin.py:188} INFO - 2026-03-07 21:15:09 [debug    ] Stored to S3                   key=rejected/2026/03/07/CLM-6C7666BFD65D.json
[2026-03-07T21:15:09.824+0000] {logging_mixin.py:188} INFO - 2026-03-07 21:15:09 [debug    ] Lineage event recorded         claim_id=CLM-7F77F3865BF6 latency_ms=0.11754035949707031 source=src_claims_ingestion target=tx_validation
[2026-03-07T21:15:09.827+0000] {logging_mixin.py:188} INFO - 2026-03-07 21:15:09 [info     ] Claim validated                claim_id=CLM-7F77F3865BF6 errors=0 latency_ms=0.12 valid=True
[2026-03-07T21:15:09.838+0000] {logging_mixin.py:188} INFO - 2026-03-07 21:15:09 [debug    ] Stored to S3                   key=validated/2026/03/07/CLM-7F77F3865BF6.json
[2026-03-07T21:15:09.860+0000] {logging_mixin.py:188} INFO - 2026-03-07 21:15:09 [debug    ] Lineage event recorded         claim_id=CLM-7F77F3865BF6 latency_ms=0.1442432403564453 source=tx_validation target=tx_fraud_detection
[2026-03-07T21:15:09.860+0000] {logging_mixin.py:188} INFO - 2026-03-07 21:15:09 [info     ] Claim fraud scored             claim_id=CLM-7F77F3865BF6 fraud_score=0.1124 risk_level=low rules=['weekend_filing', 'late_filing']
[2026-03-07T21:15:09.866+0000] {logging_mixin.py:188} INFO - 2026-03-07 21:15:09 [debug    ] Stored to S3                   key=scored/2026/03/07/CLM-7F77F3865BF6.json
[2026-03-07T21:15:09.885+0000] {logging_mixin.py:188} INFO - 2026-03-07 21:15:09 [debug    ] Lineage event recorded         claim_id=CLM-7F77F3865BF6 latency_ms=0.19359588623046875 source=tx_fraud_detection target=tx_enrichment
[2026-03-07T21:15:09.886+0000] {logging_mixin.py:188} INFO - 2026-03-07 21:15:09 [info     ] Claim enriched                 claim_id=CLM-7F77F3865BF6 fields=['policy', 'claimant_history', 'geo_risk', 'category_analysis', 'adjuster_recommendation', 'reserve_estimate'] latency_ms=0.19
[2026-03-07T21:15:09.891+0000] {logging_mixin.py:188} INFO - 2026-03-07 21:15:09 [debug    ] Stored to S3                   key=enriched/2026/03/07/CLM-7F77F3865BF6.json
[2026-03-07T21:15:09.908+0000] {logging_mixin.py:188} INFO - 2026-03-07 21:15:09 [debug    ] Lineage event recorded         claim_id=CLM-7F77F3865BF6 latency_ms=87.83912658691406 source=tx_enrichment target=sink_s3_datalake
[2026-03-07T21:15:09.939+0000] {logging_mixin.py:188} INFO - 2026-03-07 21:15:09 [debug    ] Stored to PostgreSQL           claim_id=CLM-7F77F3865BF6
[2026-03-07T21:15:09.969+0000] {logging_mixin.py:188} INFO - 2026-03-07 21:15:09 [debug    ] Lineage event recorded         claim_id=CLM-7F77F3865BF6 latency_ms=0 source=tx_enrichment target=sink_postgres
[2026-03-07T21:15:09.989+0000] {logging_mixin.py:188} INFO - 2026-03-07 21:15:09 [debug    ] Lineage event recorded         claim_id=CLM-94D446C6750D latency_ms=0.1010894775390625 source=src_claims_ingestion target=tx_validation
[2026-03-07T21:15:09.989+0000] {logging_mixin.py:188} INFO - 2026-03-07 21:15:09 [info     ] Claim validated                claim_id=CLM-94D446C6750D errors=1 latency_ms=0.1 valid=False
[2026-03-07T21:15:09.994+0000] {logging_mixin.py:188} INFO - 2026-03-07 21:15:09 [debug    ] Stored to S3                   key=rejected/2026/03/07/CLM-94D446C6750D.json
[2026-03-07T21:15:10.014+0000] {logging_mixin.py:188} INFO - 2026-03-07 21:15:10 [debug    ] Lineage event recorded         claim_id=CLM-97D512B5818D latency_ms=0.07843971252441406 source=src_claims_ingestion target=tx_validation
[2026-03-07T21:15:10.014+0000] {logging_mixin.py:188} INFO - 2026-03-07 21:15:10 [info     ] Claim validated                claim_id=CLM-97D512B5818D errors=0 latency_ms=0.08 valid=True
[2026-03-07T21:15:10.021+0000] {logging_mixin.py:188} INFO - 2026-03-07 21:15:10 [debug    ] Stored to S3                   key=validated/2026/03/07/CLM-97D512B5818D.json
[2026-03-07T21:15:10.038+0000] {logging_mixin.py:188} INFO - 2026-03-07 21:15:10 [debug    ] Lineage event recorded         claim_id=CLM-97D512B5818D latency_ms=0.18978118896484375 source=tx_validation target=tx_fraud_detection
[2026-03-07T21:15:10.038+0000] {logging_mixin.py:188} INFO - 2026-03-07 21:15:10 [info     ] Claim fraud scored             claim_id=CLM-97D512B5818D fraud_score=0.0759 risk_level=low rules=['weekend_filing']
[2026-03-07T21:15:10.043+0000] {logging_mixin.py:188} INFO - 2026-03-07 21:15:10 [debug    ] Stored to S3                   key=scored/2026/03/07/CLM-97D512B5818D.json
[2026-03-07T21:15:10.059+0000] {logging_mixin.py:188} INFO - 2026-03-07 21:15:10 [debug    ] Lineage event recorded         claim_id=CLM-97D512B5818D latency_ms=0.13494491577148438 source=tx_fraud_detection target=tx_enrichment
[2026-03-07T21:15:10.059+0000] {logging_mixin.py:188} INFO - 2026-03-07 21:15:10 [info     ] Claim enriched                 claim_id=CLM-97D512B5818D fields=['policy', 'claimant_history', 'geo_risk', 'category_analysis', 'adjuster_recommendation', 'reserve_estimate'] latency_ms=0.13
[2026-03-07T21:15:10.064+0000] {logging_mixin.py:188} INFO - 2026-03-07 21:15:10 [debug    ] Stored to S3                   key=enriched/2026/03/07/CLM-97D512B5818D.json
[2026-03-07T21:15:10.079+0000] {logging_mixin.py:188} INFO - 2026-03-07 21:15:10 [debug    ] Lineage event recorded         claim_id=CLM-97D512B5818D latency_ms=69.366455078125 source=tx_enrichment target=sink_s3_datalake
[2026-03-07T21:15:10.092+0000] {logging_mixin.py:188} INFO - 2026-03-07 21:15:10 [debug    ] Stored to PostgreSQL           claim_id=CLM-97D512B5818D
[2026-03-07T21:15:10.107+0000] {logging_mixin.py:188} INFO - 2026-03-07 21:15:10 [debug    ] Lineage event recorded         claim_id=CLM-97D512B5818D latency_ms=0 source=tx_enrichment target=sink_postgres
[2026-03-07T21:15:10.121+0000] {logging_mixin.py:188} INFO - 2026-03-07 21:15:10 [debug    ] Lineage event recorded         claim_id=CLM-ECCC1B146EAF latency_ms=0.06699562072753906 source=src_claims_ingestion target=tx_validation
[2026-03-07T21:15:10.121+0000] {logging_mixin.py:188} INFO - 2026-03-07 21:15:10 [info     ] Claim validated                claim_id=CLM-ECCC1B146EAF errors=0 latency_ms=0.07 valid=True
[2026-03-07T21:15:10.125+0000] {logging_mixin.py:188} INFO - 2026-03-07 21:15:10 [debug    ] Stored to S3                   key=validated/2026/03/07/CLM-ECCC1B146EAF.json
[2026-03-07T21:15:10.143+0000] {logging_mixin.py:188} INFO - 2026-03-07 21:15:10 [debug    ] Lineage event recorded         claim_id=CLM-ECCC1B146EAF latency_ms=0.08082389831542969 source=tx_validation target=tx_fraud_detection
[2026-03-07T21:15:10.143+0000] {logging_mixin.py:188} INFO - 2026-03-07 21:15:10 [info     ] Claim fraud scored             claim_id=CLM-ECCC1B146EAF fraud_score=0.5997 risk_level=medium rules=['high_amount', 'weekend_filing', 'late_filing', 'excessive_amount_for_type']
[2026-03-07T21:15:10.149+0000] {logging_mixin.py:188} INFO - 2026-03-07 21:15:10 [debug    ] Stored to S3                   key=scored/2026/03/07/CLM-ECCC1B146EAF.json
[2026-03-07T21:15:10.200+0000] {logging_mixin.py:188} INFO - 2026-03-07 21:15:10 [debug    ] Lineage event recorded         claim_id=CLM-ECCC1B146EAF latency_ms=0.16951560974121094 source=tx_fraud_detection target=tx_enrichment
[2026-03-07T21:15:10.201+0000] {logging_mixin.py:188} INFO - 2026-03-07 21:15:10 [info     ] Claim enriched                 claim_id=CLM-ECCC1B146EAF fields=['policy', 'claimant_history', 'geo_risk', 'category_analysis', 'adjuster_recommendation', 'reserve_estimate'] latency_ms=0.17
[2026-03-07T21:15:10.213+0000] {logging_mixin.py:188} INFO - 2026-03-07 21:15:10 [debug    ] Stored to S3                   key=enriched/2026/03/07/CLM-ECCC1B146EAF.json
[2026-03-07T21:15:10.241+0000] {logging_mixin.py:188} INFO - 2026-03-07 21:15:10 [debug    ] Lineage event recorded         claim_id=CLM-ECCC1B146EAF latency_ms=106.44292831420898 source=tx_enrichment target=sink_s3_datalake
[2026-03-07T21:15:10.261+0000] {logging_mixin.py:188} INFO - 2026-03-07 21:15:10 [debug    ] Stored to PostgreSQL           claim_id=CLM-ECCC1B146EAF
[2026-03-07T21:15:10.280+0000] {logging_mixin.py:188} INFO - 2026-03-07 21:15:10 [debug    ] Lineage event recorded         claim_id=CLM-ECCC1B146EAF latency_ms=0 source=tx_enrichment target=sink_postgres
[2026-03-07T21:15:10.301+0000] {logging_mixin.py:188} INFO - 2026-03-07 21:15:10 [debug    ] Lineage event recorded         claim_id=CLM-A19EA172C941 latency_ms=0.2808570861816406 source=src_claims_ingestion target=tx_validation
[2026-03-07T21:15:10.302+0000] {logging_mixin.py:188} INFO - 2026-03-07 21:15:10 [info     ] Claim validated                claim_id=CLM-A19EA172C941 errors=0 latency_ms=0.28 valid=True
[2026-03-07T21:15:10.309+0000] {logging_mixin.py:188} INFO - 2026-03-07 21:15:10 [debug    ] Stored to S3                   key=validated/2026/03/07/CLM-A19EA172C941.json
[2026-03-07T21:15:10.326+0000] {logging_mixin.py:188} INFO - 2026-03-07 21:15:10 [debug    ] Lineage event recorded         claim_id=CLM-A19EA172C941 latency_ms=0.1277923583984375 source=tx_validation target=tx_fraud_detection
[2026-03-07T21:15:10.327+0000] {logging_mixin.py:188} INFO - 2026-03-07 21:15:10 [info     ] Claim fraud scored             claim_id=CLM-A19EA172C941 fraud_score=0.1096 risk_level=low rules=['weekend_filing', 'late_filing']
[2026-03-07T21:15:10.332+0000] {logging_mixin.py:188} INFO - 2026-03-07 21:15:10 [debug    ] Stored to S3                   key=scored/2026/03/07/CLM-A19EA172C941.json
[2026-03-07T21:15:10.348+0000] {logging_mixin.py:188} INFO - 2026-03-07 21:15:10 [debug    ] Lineage event recorded         claim_id=CLM-A19EA172C941 latency_ms=0.217437744140625 source=tx_fraud_detection target=tx_enrichment
[2026-03-07T21:15:10.349+0000] {logging_mixin.py:188} INFO - 2026-03-07 21:15:10 [info     ] Claim enriched                 claim_id=CLM-A19EA172C941 fields=['policy', 'claimant_history', 'geo_risk', 'category_analysis', 'adjuster_recommendation', 'reserve_estimate'] latency_ms=0.22
[2026-03-07T21:15:10.355+0000] {logging_mixin.py:188} INFO - 2026-03-07 21:15:10 [debug    ] Stored to S3                   key=enriched/2026/03/07/CLM-A19EA172C941.json
[2026-03-07T21:15:10.371+0000] {logging_mixin.py:188} INFO - 2026-03-07 21:15:10 [debug    ] Lineage event recorded         claim_id=CLM-A19EA172C941 latency_ms=74.75018501281738 source=tx_enrichment target=sink_s3_datalake
[2026-03-07T21:15:10.391+0000] {logging_mixin.py:188} INFO - 2026-03-07 21:15:10 [debug    ] Stored to PostgreSQL           claim_id=CLM-A19EA172C941
[2026-03-07T21:15:10.404+0000] {logging_mixin.py:188} INFO - 2026-03-07 21:15:10 [debug    ] Lineage event recorded         claim_id=CLM-A19EA172C941 latency_ms=0 source=tx_enrichment target=sink_postgres
[2026-03-07T21:15:10.423+0000] {logging_mixin.py:188} INFO - 2026-03-07 21:15:10 [debug    ] Lineage event recorded         claim_id=CLM-C428B8835D73 latency_ms=0.08463859558105469 source=src_claims_ingestion target=tx_validation
[2026-03-07T21:15:10.423+0000] {logging_mixin.py:188} INFO - 2026-03-07 21:15:10 [info     ] Claim validated                claim_id=CLM-C428B8835D73 errors=1 latency_ms=0.08 valid=False
[2026-03-07T21:15:10.429+0000] {logging_mixin.py:188} INFO - 2026-03-07 21:15:10 [debug    ] Stored to S3                   key=rejected/2026/03/07/CLM-C428B8835D73.json
[2026-03-07T21:15:10.429+0000] {logging_mixin.py:188} INFO - 2026-03-07 21:15:10 [info     ] Processed 50 claims            throughput=4.54/s
[2026-03-07T21:15:10.436+0000] {logging_mixin.py:188} INFO - 2026-03-07 21:15:10 [info     ] Stream processor stopped. Total processed: 50
[2026-03-07T21:15:10.436+0000] {logging_mixin.py:188} INFO - Stream processing completed for 50 claims
[2026-03-07T21:15:10.438+0000] {python.py:201} INFO - Done. Returned value was: 50
[2026-03-07T21:15:10.460+0000] {taskinstance.py:1138} INFO - Marking task as SUCCESS. dag_id=insurance_claims_pipeline, task_id=stream_processing, execution_date=20260307T211437, start_date=20260307T211457, end_date=20260307T211510
[2026-03-07T21:15:10.512+0000] {local_task_job_runner.py:234} INFO - Task exited with return code 0
[2026-03-07T21:15:10.555+0000] {taskinstance.py:3280} INFO - 2 downstream tasks scheduled from follow-on schedule check
