[2026-03-07T21:15:28.635+0000] {taskinstance.py:1956} INFO - Dependencies all met for dep_context=non-requeueable deps ti=<TaskInstance: insurance_claims_pipeline.stream_processing scheduled__2026-03-07T21:00:00+00:00 [queued]>
[2026-03-07T21:15:28.644+0000] {taskinstance.py:1956} INFO - Dependencies all met for dep_context=requeueable deps ti=<TaskInstance: insurance_claims_pipeline.stream_processing scheduled__2026-03-07T21:00:00+00:00 [queued]>
[2026-03-07T21:15:28.644+0000] {taskinstance.py:2170} INFO - Starting attempt 1 of 3
[2026-03-07T21:15:28.653+0000] {taskinstance.py:2191} INFO - Executing <Task(PythonOperator): stream_processing> on 2026-03-07 21:00:00+00:00
[2026-03-07T21:15:28.656+0000] {standard_task_runner.py:60} INFO - Started process 723 to run task
[2026-03-07T21:15:28.660+0000] {standard_task_runner.py:87} INFO - Running: ['airflow', 'tasks', 'run', 'insurance_claims_pipeline', 'stream_processing', 'scheduled__2026-03-07T21:00:00+00:00', '--job-id', '17', '--raw', '--subdir', 'DAGS_FOLDER/insurance_claims_pipeline.py', '--cfg-path', '/tmp/tmpa8_ikklt']
[2026-03-07T21:15:28.662+0000] {standard_task_runner.py:88} INFO - Job 17: Subtask stream_processing
[2026-03-07T21:15:28.712+0000] {task_command.py:423} INFO - Running <TaskInstance: insurance_claims_pipeline.stream_processing scheduled__2026-03-07T21:00:00+00:00 [running]> on host 9dc18f9f578f
[2026-03-07T21:15:28.780+0000] {taskinstance.py:2480} INFO - Exporting env vars: AIRFLOW_CTX_DAG_OWNER='insurance-pipeline-team' AIRFLOW_CTX_DAG_ID='insurance_claims_pipeline' AIRFLOW_CTX_TASK_ID='stream_processing' AIRFLOW_CTX_EXECUTION_DATE='2026-03-07T21:00:00+00:00' AIRFLOW_CTX_TRY_NUMBER='1' AIRFLOW_CTX_DAG_RUN_ID='scheduled__2026-03-07T21:00:00+00:00'
[2026-03-07T21:15:28.995+0000] {logging_mixin.py:188} INFO - 2026-03-07 21:15:28 [info     ] OTLP tracing exporter initialized endpoint=http://jaeger:4317
[2026-03-07T21:15:28.995+0000] {logging_mixin.py:188} INFO - 2026-03-07 21:15:28 [info     ] Tracing initialized            service=insurance-claims-pipeline
[2026-03-07T21:15:29.269+0000] {logging_mixin.py:188} INFO - 2026-03-07 21:15:29 [info     ] Stream processor started       max_messages=50 topic=insurance.claims.raw
[2026-03-07T21:15:32.368+0000] {logging_mixin.py:188} INFO - 2026-03-07 21:15:32 [debug    ] Lineage event recorded         claim_id=CLM-3960C2CFE72B latency_ms=0.3085136413574219 source=src_claims_ingestion target=tx_validation
[2026-03-07T21:15:32.370+0000] {logging_mixin.py:188} INFO - 2026-03-07 21:15:32 [info     ] Claim validated                claim_id=CLM-3960C2CFE72B errors=0 latency_ms=0.31 valid=True
[2026-03-07T21:15:32.403+0000] {logging_mixin.py:188} INFO - 2026-03-07 21:15:32 [debug    ] Stored to S3                   key=validated/2026/03/07/CLM-3960C2CFE72B.json
[2026-03-07T21:15:32.454+0000] {logging_mixin.py:188} INFO - 2026-03-07 21:15:32 [debug    ] Lineage event recorded         claim_id=CLM-3960C2CFE72B latency_ms=0.23865699768066406 source=tx_validation target=tx_fraud_detection
[2026-03-07T21:15:32.454+0000] {logging_mixin.py:188} INFO - 2026-03-07 21:15:32 [info     ] Claim fraud scored             claim_id=CLM-3960C2CFE72B fraud_score=0.3842 risk_level=medium rules=['high_amount', 'weekend_filing', 'excessive_amount_for_type']
[2026-03-07T21:15:32.463+0000] {logging_mixin.py:188} INFO - 2026-03-07 21:15:32 [debug    ] Stored to S3                   key=scored/2026/03/07/CLM-3960C2CFE72B.json
[2026-03-07T21:15:32.532+0000] {logging_mixin.py:188} INFO - 2026-03-07 21:15:32 [debug    ] Lineage event recorded         claim_id=CLM-3960C2CFE72B latency_ms=0.4355907440185547 source=tx_fraud_detection target=tx_enrichment
[2026-03-07T21:15:32.533+0000] {logging_mixin.py:188} INFO - 2026-03-07 21:15:32 [info     ] Claim enriched                 claim_id=CLM-3960C2CFE72B fields=['policy', 'claimant_history', 'geo_risk', 'category_analysis', 'adjuster_recommendation', 'reserve_estimate'] latency_ms=0.44
[2026-03-07T21:15:32.546+0000] {logging_mixin.py:188} INFO - 2026-03-07 21:15:32 [debug    ] Stored to S3                   key=enriched/2026/03/07/CLM-3960C2CFE72B.json
[2026-03-07T21:15:32.595+0000] {logging_mixin.py:188} INFO - 2026-03-07 21:15:32 [debug    ] Lineage event recorded         claim_id=CLM-3960C2CFE72B latency_ms=255.26976585388184 source=tx_enrichment target=sink_s3_datalake
[2026-03-07T21:15:32.616+0000] {logging_mixin.py:188} INFO - 2026-03-07 21:15:32 [debug    ] Stored to PostgreSQL           claim_id=CLM-3960C2CFE72B
[2026-03-07T21:15:32.649+0000] {logging_mixin.py:188} INFO - 2026-03-07 21:15:32 [debug    ] Lineage event recorded         claim_id=CLM-3960C2CFE72B latency_ms=0 source=tx_enrichment target=sink_postgres
[2026-03-07T21:15:32.669+0000] {logging_mixin.py:188} INFO - 2026-03-07 21:15:32 [debug    ] Lineage event recorded         claim_id=CLM-BE5A6BAF5456 latency_ms=0.11610984802246094 source=src_claims_ingestion target=tx_validation
[2026-03-07T21:15:32.669+0000] {logging_mixin.py:188} INFO - 2026-03-07 21:15:32 [info     ] Claim validated                claim_id=CLM-BE5A6BAF5456 errors=0 latency_ms=0.12 valid=True
[2026-03-07T21:15:32.675+0000] {logging_mixin.py:188} INFO - 2026-03-07 21:15:32 [debug    ] Stored to S3                   key=validated/2026/03/07/CLM-BE5A6BAF5456.json
[2026-03-07T21:15:32.695+0000] {logging_mixin.py:188} INFO - 2026-03-07 21:15:32 [debug    ] Lineage event recorded         claim_id=CLM-BE5A6BAF5456 latency_ms=0.10824203491210938 source=tx_validation target=tx_fraud_detection
[2026-03-07T21:15:32.696+0000] {logging_mixin.py:188} INFO - 2026-03-07 21:15:32 [info     ] Claim fraud scored             claim_id=CLM-BE5A6BAF5456 fraud_score=0.4174 risk_level=medium rules=['high_amount', 'weekend_filing', 'excessive_amount_for_type']
[2026-03-07T21:15:32.704+0000] {logging_mixin.py:188} INFO - 2026-03-07 21:15:32 [debug    ] Stored to S3                   key=scored/2026/03/07/CLM-BE5A6BAF5456.json
[2026-03-07T21:15:32.725+0000] {logging_mixin.py:188} INFO - 2026-03-07 21:15:32 [debug    ] Lineage event recorded         claim_id=CLM-BE5A6BAF5456 latency_ms=0.2257823944091797 source=tx_fraud_detection target=tx_enrichment
[2026-03-07T21:15:32.726+0000] {logging_mixin.py:188} INFO - 2026-03-07 21:15:32 [info     ] Claim enriched                 claim_id=CLM-BE5A6BAF5456 fields=['policy', 'claimant_history', 'geo_risk', 'category_analysis', 'adjuster_recommendation', 'reserve_estimate'] latency_ms=0.23
[2026-03-07T21:15:32.731+0000] {logging_mixin.py:188} INFO - 2026-03-07 21:15:32 [debug    ] Stored to S3                   key=enriched/2026/03/07/CLM-BE5A6BAF5456.json
[2026-03-07T21:15:32.765+0000] {logging_mixin.py:188} INFO - 2026-03-07 21:15:32 [debug    ] Lineage event recorded         claim_id=CLM-BE5A6BAF5456 latency_ms=80.86562156677246 source=tx_enrichment target=sink_s3_datalake
[2026-03-07T21:15:32.778+0000] {logging_mixin.py:188} INFO - 2026-03-07 21:15:32 [debug    ] Stored to PostgreSQL           claim_id=CLM-BE5A6BAF5456
[2026-03-07T21:15:32.794+0000] {logging_mixin.py:188} INFO - 2026-03-07 21:15:32 [debug    ] Lineage event recorded         claim_id=CLM-BE5A6BAF5456 latency_ms=0 source=tx_enrichment target=sink_postgres
[2026-03-07T21:15:32.810+0000] {logging_mixin.py:188} INFO - 2026-03-07 21:15:32 [debug    ] Lineage event recorded         claim_id=CLM-DEB69C9C7C2F latency_ms=0.11396408081054688 source=src_claims_ingestion target=tx_validation
[2026-03-07T21:15:32.810+0000] {logging_mixin.py:188} INFO - 2026-03-07 21:15:32 [info     ] Claim validated                claim_id=CLM-DEB69C9C7C2F errors=0 latency_ms=0.11 valid=True
[2026-03-07T21:15:32.814+0000] {logging_mixin.py:188} INFO - 2026-03-07 21:15:32 [debug    ] Stored to S3                   key=validated/2026/03/07/CLM-DEB69C9C7C2F.json
[2026-03-07T21:15:32.831+0000] {logging_mixin.py:188} INFO - 2026-03-07 21:15:32 [debug    ] Lineage event recorded         claim_id=CLM-DEB69C9C7C2F latency_ms=0.10895729064941406 source=tx_validation target=tx_fraud_detection
[2026-03-07T21:15:32.831+0000] {logging_mixin.py:188} INFO - 2026-03-07 21:15:32 [info     ] Claim fraud scored             claim_id=CLM-DEB69C9C7C2F fraud_score=0.3603 risk_level=medium rules=['high_amount', 'weekend_filing', 'excessive_amount_for_type']
[2026-03-07T21:15:32.836+0000] {logging_mixin.py:188} INFO - 2026-03-07 21:15:32 [debug    ] Stored to S3                   key=scored/2026/03/07/CLM-DEB69C9C7C2F.json
[2026-03-07T21:15:32.855+0000] {logging_mixin.py:188} INFO - 2026-03-07 21:15:32 [debug    ] Lineage event recorded         claim_id=CLM-DEB69C9C7C2F latency_ms=0.148773193359375 source=tx_fraud_detection target=tx_enrichment
[2026-03-07T21:15:32.856+0000] {logging_mixin.py:188} INFO - 2026-03-07 21:15:32 [info     ] Claim enriched                 claim_id=CLM-DEB69C9C7C2F fields=['policy', 'claimant_history', 'geo_risk', 'category_analysis', 'adjuster_recommendation', 'reserve_estimate'] latency_ms=0.15
[2026-03-07T21:15:32.862+0000] {logging_mixin.py:188} INFO - 2026-03-07 21:15:32 [debug    ] Stored to S3                   key=enriched/2026/03/07/CLM-DEB69C9C7C2F.json
[2026-03-07T21:15:32.874+0000] {logging_mixin.py:188} INFO - 2026-03-07 21:15:32 [debug    ] Lineage event recorded         claim_id=CLM-DEB69C9C7C2F latency_ms=67.35467910766602 source=tx_enrichment target=sink_s3_datalake
[2026-03-07T21:15:32.890+0000] {logging_mixin.py:188} INFO - 2026-03-07 21:15:32 [debug    ] Stored to PostgreSQL           claim_id=CLM-DEB69C9C7C2F
[2026-03-07T21:15:32.904+0000] {logging_mixin.py:188} INFO - 2026-03-07 21:15:32 [debug    ] Lineage event recorded         claim_id=CLM-DEB69C9C7C2F latency_ms=0 source=tx_enrichment target=sink_postgres
[2026-03-07T21:15:32.919+0000] {logging_mixin.py:188} INFO - 2026-03-07 21:15:32 [debug    ] Lineage event recorded         claim_id=CLM-BEA2C6736DC8 latency_ms=0.0705718994140625 source=src_claims_ingestion target=tx_validation
[2026-03-07T21:15:32.920+0000] {logging_mixin.py:188} INFO - 2026-03-07 21:15:32 [info     ] Claim validated                claim_id=CLM-BEA2C6736DC8 errors=0 latency_ms=0.07 valid=True
[2026-03-07T21:15:32.925+0000] {logging_mixin.py:188} INFO - 2026-03-07 21:15:32 [debug    ] Stored to S3                   key=validated/2026/03/07/CLM-BEA2C6736DC8.json
[2026-03-07T21:15:32.940+0000] {logging_mixin.py:188} INFO - 2026-03-07 21:15:32 [debug    ] Lineage event recorded         claim_id=CLM-BEA2C6736DC8 latency_ms=0.09965896606445312 source=tx_validation target=tx_fraud_detection
[2026-03-07T21:15:32.941+0000] {logging_mixin.py:188} INFO - 2026-03-07 21:15:32 [info     ] Claim fraud scored             claim_id=CLM-BEA2C6736DC8 fraud_score=0.3148 risk_level=medium rules=['high_amount', 'weekend_filing', 'late_filing']
[2026-03-07T21:15:32.945+0000] {logging_mixin.py:188} INFO - 2026-03-07 21:15:32 [debug    ] Stored to S3                   key=scored/2026/03/07/CLM-BEA2C6736DC8.json
[2026-03-07T21:15:32.960+0000] {logging_mixin.py:188} INFO - 2026-03-07 21:15:32 [debug    ] Lineage event recorded         claim_id=CLM-BEA2C6736DC8 latency_ms=0.1761913299560547 source=tx_fraud_detection target=tx_enrichment
[2026-03-07T21:15:32.960+0000] {logging_mixin.py:188} INFO - 2026-03-07 21:15:32 [info     ] Claim enriched                 claim_id=CLM-BEA2C6736DC8 fields=['policy', 'claimant_history', 'geo_risk', 'category_analysis', 'adjuster_recommendation', 'reserve_estimate'] latency_ms=0.18
[2026-03-07T21:15:32.965+0000] {logging_mixin.py:188} INFO - 2026-03-07 21:15:32 [debug    ] Stored to S3                   key=enriched/2026/03/07/CLM-BEA2C6736DC8.json
[2026-03-07T21:15:32.981+0000] {logging_mixin.py:188} INFO - 2026-03-07 21:15:32 [debug    ] Lineage event recorded         claim_id=CLM-BEA2C6736DC8 latency_ms=61.074256896972656 source=tx_enrichment target=sink_s3_datalake
[2026-03-07T21:15:32.996+0000] {logging_mixin.py:188} INFO - 2026-03-07 21:15:32 [debug    ] Stored to PostgreSQL           claim_id=CLM-BEA2C6736DC8
[2026-03-07T21:15:33.011+0000] {logging_mixin.py:188} INFO - 2026-03-07 21:15:33 [debug    ] Lineage event recorded         claim_id=CLM-BEA2C6736DC8 latency_ms=0 source=tx_enrichment target=sink_postgres
[2026-03-07T21:15:33.039+0000] {logging_mixin.py:188} INFO - 2026-03-07 21:15:33 [debug    ] Lineage event recorded         claim_id=CLM-1AD5D1FAB56E latency_ms=0.09441375732421875 source=src_claims_ingestion target=tx_validation
[2026-03-07T21:15:33.041+0000] {logging_mixin.py:188} INFO - 2026-03-07 21:15:33 [info     ] Claim validated                claim_id=CLM-1AD5D1FAB56E errors=0 latency_ms=0.09 valid=True
[2026-03-07T21:15:33.050+0000] {logging_mixin.py:188} INFO - 2026-03-07 21:15:33 [debug    ] Stored to S3                   key=validated/2026/03/07/CLM-1AD5D1FAB56E.json
[2026-03-07T21:15:33.081+0000] {logging_mixin.py:188} INFO - 2026-03-07 21:15:33 [debug    ] Lineage event recorded         claim_id=CLM-1AD5D1FAB56E latency_ms=0.2117156982421875 source=tx_validation target=tx_fraud_detection
[2026-03-07T21:15:33.082+0000] {logging_mixin.py:188} INFO - 2026-03-07 21:15:33 [info     ] Claim fraud scored             claim_id=CLM-1AD5D1FAB56E fraud_score=0.3746 risk_level=medium rules=['high_amount', 'weekend_filing', 'late_filing', 'excessive_amount_for_type']
[2026-03-07T21:15:33.097+0000] {logging_mixin.py:188} INFO - 2026-03-07 21:15:33 [debug    ] Stored to S3                   key=scored/2026/03/07/CLM-1AD5D1FAB56E.json
[2026-03-07T21:15:33.141+0000] {logging_mixin.py:188} INFO - 2026-03-07 21:15:33 [debug    ] Lineage event recorded         claim_id=CLM-1AD5D1FAB56E latency_ms=0.41174888610839844 source=tx_fraud_detection target=tx_enrichment
[2026-03-07T21:15:33.144+0000] {logging_mixin.py:188} INFO - 2026-03-07 21:15:33 [info     ] Claim enriched                 claim_id=CLM-1AD5D1FAB56E fields=['policy', 'claimant_history', 'geo_risk', 'category_analysis', 'adjuster_recommendation', 'reserve_estimate'] latency_ms=0.41
[2026-03-07T21:15:33.167+0000] {logging_mixin.py:188} INFO - 2026-03-07 21:15:33 [debug    ] Stored to S3                   key=enriched/2026/03/07/CLM-1AD5D1FAB56E.json
[2026-03-07T21:15:33.220+0000] {logging_mixin.py:188} INFO - 2026-03-07 21:15:33 [debug    ] Lineage event recorded         claim_id=CLM-1AD5D1FAB56E latency_ms=156.24666213989258 source=tx_enrichment target=sink_s3_datalake
[2026-03-07T21:15:33.318+0000] {logging_mixin.py:188} INFO - 2026-03-07 21:15:33 [debug    ] Stored to PostgreSQL           claim_id=CLM-1AD5D1FAB56E
[2026-03-07T21:15:33.380+0000] {logging_mixin.py:188} INFO - 2026-03-07 21:15:33 [debug    ] Lineage event recorded         claim_id=CLM-1AD5D1FAB56E latency_ms=0 source=tx_enrichment target=sink_postgres
[2026-03-07T21:15:33.433+0000] {logging_mixin.py:188} INFO - 2026-03-07 21:15:33 [debug    ] Lineage event recorded         claim_id=CLM-BCC144B4A770 latency_ms=0.17142295837402344 source=src_claims_ingestion target=tx_validation
[2026-03-07T21:15:33.433+0000] {logging_mixin.py:188} INFO - 2026-03-07 21:15:33 [info     ] Claim validated                claim_id=CLM-BCC144B4A770 errors=1 latency_ms=0.17 valid=False
[2026-03-07T21:15:33.442+0000] {logging_mixin.py:188} INFO - 2026-03-07 21:15:33 [debug    ] Stored to S3                   key=rejected/2026/03/07/CLM-BCC144B4A770.json
[2026-03-07T21:15:33.465+0000] {logging_mixin.py:188} INFO - 2026-03-07 21:15:33 [debug    ] Lineage event recorded         claim_id=CLM-C6B45007D8BF latency_ms=0.19216537475585938 source=src_claims_ingestion target=tx_validation
[2026-03-07T21:15:33.466+0000] {logging_mixin.py:188} INFO - 2026-03-07 21:15:33 [info     ] Claim validated                claim_id=CLM-C6B45007D8BF errors=0 latency_ms=0.19 valid=True
[2026-03-07T21:15:33.472+0000] {logging_mixin.py:188} INFO - 2026-03-07 21:15:33 [debug    ] Stored to S3                   key=validated/2026/03/07/CLM-C6B45007D8BF.json
[2026-03-07T21:15:33.490+0000] {logging_mixin.py:188} INFO - 2026-03-07 21:15:33 [debug    ] Lineage event recorded         claim_id=CLM-C6B45007D8BF latency_ms=0.2079010009765625 source=tx_validation target=tx_fraud_detection
[2026-03-07T21:15:33.490+0000] {logging_mixin.py:188} INFO - 2026-03-07 21:15:33 [info     ] Claim fraud scored             claim_id=CLM-C6B45007D8BF fraud_score=0.5516 risk_level=medium rules=['high_amount', 'weekend_filing', 'late_filing', 'excessive_amount_for_type']
[2026-03-07T21:15:33.497+0000] {logging_mixin.py:188} INFO - 2026-03-07 21:15:33 [debug    ] Stored to S3                   key=scored/2026/03/07/CLM-C6B45007D8BF.json
[2026-03-07T21:15:33.512+0000] {logging_mixin.py:188} INFO - 2026-03-07 21:15:33 [debug    ] Lineage event recorded         claim_id=CLM-C6B45007D8BF latency_ms=0.18477439880371094 source=tx_fraud_detection target=tx_enrichment
[2026-03-07T21:15:33.512+0000] {logging_mixin.py:188} INFO - 2026-03-07 21:15:33 [info     ] Claim enriched                 claim_id=CLM-C6B45007D8BF fields=['policy', 'claimant_history', 'geo_risk', 'category_analysis', 'adjuster_recommendation', 'reserve_estimate'] latency_ms=0.18
[2026-03-07T21:15:33.519+0000] {logging_mixin.py:188} INFO - 2026-03-07 21:15:33 [debug    ] Stored to S3                   key=enriched/2026/03/07/CLM-C6B45007D8BF.json
[2026-03-07T21:15:33.535+0000] {logging_mixin.py:188} INFO - 2026-03-07 21:15:33 [debug    ] Lineage event recorded         claim_id=CLM-C6B45007D8BF latency_ms=76.37453079223633 source=tx_enrichment target=sink_s3_datalake
[2026-03-07T21:15:33.555+0000] {logging_mixin.py:188} INFO - 2026-03-07 21:15:33 [debug    ] Stored to PostgreSQL           claim_id=CLM-C6B45007D8BF
[2026-03-07T21:15:33.581+0000] {logging_mixin.py:188} INFO - 2026-03-07 21:15:33 [debug    ] Lineage event recorded         claim_id=CLM-C6B45007D8BF latency_ms=0 source=tx_enrichment target=sink_postgres
[2026-03-07T21:15:33.600+0000] {logging_mixin.py:188} INFO - 2026-03-07 21:15:33 [debug    ] Lineage event recorded         claim_id=CLM-4E6CD3A8E230 latency_ms=0.11587142944335938 source=src_claims_ingestion target=tx_validation
[2026-03-07T21:15:33.601+0000] {logging_mixin.py:188} INFO - 2026-03-07 21:15:33 [info     ] Claim validated                claim_id=CLM-4E6CD3A8E230 errors=0 latency_ms=0.12 valid=True
[2026-03-07T21:15:33.607+0000] {logging_mixin.py:188} INFO - 2026-03-07 21:15:33 [debug    ] Stored to S3                   key=validated/2026/03/07/CLM-4E6CD3A8E230.json
[2026-03-07T21:15:33.629+0000] {logging_mixin.py:188} INFO - 2026-03-07 21:15:33 [debug    ] Lineage event recorded         claim_id=CLM-4E6CD3A8E230 latency_ms=0.2079010009765625 source=tx_validation target=tx_fraud_detection
[2026-03-07T21:15:33.630+0000] {logging_mixin.py:188} INFO - 2026-03-07 21:15:33 [info     ] Claim fraud scored             claim_id=CLM-4E6CD3A8E230 fraud_score=0.122 risk_level=low rules=['weekend_filing', 'excessive_amount_for_type']
[2026-03-07T21:15:33.637+0000] {logging_mixin.py:188} INFO - 2026-03-07 21:15:33 [debug    ] Stored to S3                   key=scored/2026/03/07/CLM-4E6CD3A8E230.json
[2026-03-07T21:15:33.724+0000] {logging_mixin.py:188} INFO - 2026-03-07 21:15:33 [debug    ] Lineage event recorded         claim_id=CLM-4E6CD3A8E230 latency_ms=0.28014183044433594 source=tx_fraud_detection target=tx_enrichment
[2026-03-07T21:15:33.725+0000] {logging_mixin.py:188} INFO - 2026-03-07 21:15:33 [info     ] Claim enriched                 claim_id=CLM-4E6CD3A8E230 fields=['policy', 'claimant_history', 'geo_risk', 'category_analysis', 'adjuster_recommendation', 'reserve_estimate'] latency_ms=0.28
[2026-03-07T21:15:33.752+0000] {logging_mixin.py:188} INFO - 2026-03-07 21:15:33 [debug    ] Stored to S3                   key=enriched/2026/03/07/CLM-4E6CD3A8E230.json
[2026-03-07T21:15:33.785+0000] {logging_mixin.py:188} INFO - 2026-03-07 21:15:33 [debug    ] Lineage event recorded         claim_id=CLM-4E6CD3A8E230 latency_ms=172.66345024108887 source=tx_enrichment target=sink_s3_datalake
[2026-03-07T21:15:33.813+0000] {logging_mixin.py:188} INFO - 2026-03-07 21:15:33 [debug    ] Stored to PostgreSQL           claim_id=CLM-4E6CD3A8E230
[2026-03-07T21:15:33.832+0000] {logging_mixin.py:188} INFO - 2026-03-07 21:15:33 [debug    ] Lineage event recorded         claim_id=CLM-4E6CD3A8E230 latency_ms=0 source=tx_enrichment target=sink_postgres
[2026-03-07T21:15:33.853+0000] {logging_mixin.py:188} INFO - 2026-03-07 21:15:33 [debug    ] Lineage event recorded         claim_id=CLM-C1BD80FAD6FE latency_ms=0.09870529174804688 source=src_claims_ingestion target=tx_validation
[2026-03-07T21:15:33.853+0000] {logging_mixin.py:188} INFO - 2026-03-07 21:15:33 [info     ] Claim validated                claim_id=CLM-C1BD80FAD6FE errors=1 latency_ms=0.1 valid=False
[2026-03-07T21:15:33.859+0000] {logging_mixin.py:188} INFO - 2026-03-07 21:15:33 [debug    ] Stored to S3                   key=rejected/2026/03/07/CLM-C1BD80FAD6FE.json
[2026-03-07T21:15:33.877+0000] {logging_mixin.py:188} INFO - 2026-03-07 21:15:33 [debug    ] Lineage event recorded         claim_id=CLM-05E3D22727C5 latency_ms=0.07987022399902344 source=src_claims_ingestion target=tx_validation
[2026-03-07T21:15:33.877+0000] {logging_mixin.py:188} INFO - 2026-03-07 21:15:33 [info     ] Claim validated                claim_id=CLM-05E3D22727C5 errors=0 latency_ms=0.08 valid=True
[2026-03-07T21:15:33.884+0000] {logging_mixin.py:188} INFO - 2026-03-07 21:15:33 [debug    ] Stored to S3                   key=validated/2026/03/07/CLM-05E3D22727C5.json
[2026-03-07T21:15:33.911+0000] {logging_mixin.py:188} INFO - 2026-03-07 21:15:33 [debug    ] Lineage event recorded         claim_id=CLM-05E3D22727C5 latency_ms=0.14734268188476562 source=tx_validation target=tx_fraud_detection
[2026-03-07T21:15:33.912+0000] {logging_mixin.py:188} INFO - 2026-03-07 21:15:33 [info     ] Claim fraud scored             claim_id=CLM-05E3D22727C5 fraud_score=0.1788 risk_level=low rules=['high_amount', 'weekend_filing', 'late_filing']
[2026-03-07T21:15:33.916+0000] {logging_mixin.py:188} INFO - 2026-03-07 21:15:33 [debug    ] Stored to S3                   key=scored/2026/03/07/CLM-05E3D22727C5.json
[2026-03-07T21:15:33.929+0000] {logging_mixin.py:188} INFO - 2026-03-07 21:15:33 [debug    ] Lineage event recorded         claim_id=CLM-05E3D22727C5 latency_ms=0.16617774963378906 source=tx_fraud_detection target=tx_enrichment
[2026-03-07T21:15:33.930+0000] {logging_mixin.py:188} INFO - 2026-03-07 21:15:33 [info     ] Claim enriched                 claim_id=CLM-05E3D22727C5 fields=['policy', 'claimant_history', 'geo_risk', 'category_analysis', 'adjuster_recommendation', 'reserve_estimate'] latency_ms=0.17
[2026-03-07T21:15:33.934+0000] {logging_mixin.py:188} INFO - 2026-03-07 21:15:33 [debug    ] Stored to S3                   key=enriched/2026/03/07/CLM-05E3D22727C5.json
[2026-03-07T21:15:33.949+0000] {logging_mixin.py:188} INFO - 2026-03-07 21:15:33 [debug    ] Lineage event recorded         claim_id=CLM-05E3D22727C5 latency_ms=74.82624053955078 source=tx_enrichment target=sink_s3_datalake
[2026-03-07T21:15:33.961+0000] {logging_mixin.py:188} INFO - 2026-03-07 21:15:33 [debug    ] Stored to PostgreSQL           claim_id=CLM-05E3D22727C5
[2026-03-07T21:15:33.976+0000] {logging_mixin.py:188} INFO - 2026-03-07 21:15:33 [debug    ] Lineage event recorded         claim_id=CLM-05E3D22727C5 latency_ms=0 source=tx_enrichment target=sink_postgres
[2026-03-07T21:15:33.976+0000] {logging_mixin.py:188} INFO - 2026-03-07 21:15:33 [info     ] Processed 10 claims            throughput=2.12/s
[2026-03-07T21:15:33.988+0000] {logging_mixin.py:188} INFO - 2026-03-07 21:15:33 [debug    ] Lineage event recorded         claim_id=CLM-F89D98CA5E9B latency_ms=0.06842613220214844 source=src_claims_ingestion target=tx_validation
[2026-03-07T21:15:33.989+0000] {logging_mixin.py:188} INFO - 2026-03-07 21:15:33 [info     ] Claim validated                claim_id=CLM-F89D98CA5E9B errors=0 latency_ms=0.07 valid=True
[2026-03-07T21:15:33.994+0000] {logging_mixin.py:188} INFO - 2026-03-07 21:15:33 [debug    ] Stored to S3                   key=validated/2026/03/07/CLM-F89D98CA5E9B.json
[2026-03-07T21:15:34.012+0000] {logging_mixin.py:188} INFO - 2026-03-07 21:15:34 [debug    ] Lineage event recorded         claim_id=CLM-F89D98CA5E9B latency_ms=0.10156631469726562 source=tx_validation target=tx_fraud_detection
[2026-03-07T21:15:34.012+0000] {logging_mixin.py:188} INFO - 2026-03-07 21:15:34 [info     ] Claim fraud scored             claim_id=CLM-F89D98CA5E9B fraud_score=0.3632 risk_level=medium rules=['high_amount', 'weekend_filing', 'excessive_amount_for_type']
[2026-03-07T21:15:34.017+0000] {logging_mixin.py:188} INFO - 2026-03-07 21:15:34 [debug    ] Stored to S3                   key=scored/2026/03/07/CLM-F89D98CA5E9B.json
[2026-03-07T21:15:34.031+0000] {logging_mixin.py:188} INFO - 2026-03-07 21:15:34 [debug    ] Lineage event recorded         claim_id=CLM-F89D98CA5E9B latency_ms=0.148773193359375 source=tx_fraud_detection target=tx_enrichment
[2026-03-07T21:15:34.031+0000] {logging_mixin.py:188} INFO - 2026-03-07 21:15:34 [info     ] Claim enriched                 claim_id=CLM-F89D98CA5E9B fields=['policy', 'claimant_history', 'geo_risk', 'category_analysis', 'adjuster_recommendation', 'reserve_estimate'] latency_ms=0.15
[2026-03-07T21:15:34.036+0000] {logging_mixin.py:188} INFO - 2026-03-07 21:15:34 [debug    ] Stored to S3                   key=enriched/2026/03/07/CLM-F89D98CA5E9B.json
[2026-03-07T21:15:34.048+0000] {logging_mixin.py:188} INFO - 2026-03-07 21:15:34 [debug    ] Lineage event recorded         claim_id=CLM-F89D98CA5E9B latency_ms=59.366464614868164 source=tx_enrichment target=sink_s3_datalake
[2026-03-07T21:15:34.060+0000] {logging_mixin.py:188} INFO - 2026-03-07 21:15:34 [debug    ] Stored to PostgreSQL           claim_id=CLM-F89D98CA5E9B
[2026-03-07T21:15:34.074+0000] {logging_mixin.py:188} INFO - 2026-03-07 21:15:34 [debug    ] Lineage event recorded         claim_id=CLM-F89D98CA5E9B latency_ms=0 source=tx_enrichment target=sink_postgres
[2026-03-07T21:15:34.088+0000] {logging_mixin.py:188} INFO - 2026-03-07 21:15:34 [debug    ] Lineage event recorded         claim_id=CLM-985F3517243A latency_ms=0.08916854858398438 source=src_claims_ingestion target=tx_validation
[2026-03-07T21:15:34.088+0000] {logging_mixin.py:188} INFO - 2026-03-07 21:15:34 [info     ] Claim validated                claim_id=CLM-985F3517243A errors=0 latency_ms=0.09 valid=True
[2026-03-07T21:15:34.093+0000] {logging_mixin.py:188} INFO - 2026-03-07 21:15:34 [debug    ] Stored to S3                   key=validated/2026/03/07/CLM-985F3517243A.json
[2026-03-07T21:15:34.106+0000] {logging_mixin.py:188} INFO - 2026-03-07 21:15:34 [debug    ] Lineage event recorded         claim_id=CLM-985F3517243A latency_ms=0.08153915405273438 source=tx_validation target=tx_fraud_detection
[2026-03-07T21:15:34.107+0000] {logging_mixin.py:188} INFO - 2026-03-07 21:15:34 [info     ] Claim fraud scored             claim_id=CLM-985F3517243A fraud_score=0.664 risk_level=high rules=['high_amount', 'weekend_filing', 'excessive_amount_for_type']
[2026-03-07T21:15:34.113+0000] {logging_mixin.py:188} INFO - 2026-03-07 21:15:34 [debug    ] Stored to S3                   key=scored/2026/03/07/CLM-985F3517243A.json
[2026-03-07T21:15:34.129+0000] {logging_mixin.py:188} INFO - 2026-03-07 21:15:34 [debug    ] Lineage event recorded         claim_id=CLM-985F3517243A latency_ms=0.3116130828857422 source=tx_fraud_detection target=tx_enrichment
[2026-03-07T21:15:34.129+0000] {logging_mixin.py:188} INFO - 2026-03-07 21:15:34 [info     ] Claim enriched                 claim_id=CLM-985F3517243A fields=['policy', 'claimant_history', 'geo_risk', 'category_analysis', 'adjuster_recommendation', 'reserve_estimate'] latency_ms=0.31
[2026-03-07T21:15:34.134+0000] {logging_mixin.py:188} INFO - 2026-03-07 21:15:34 [debug    ] Stored to S3                   key=enriched/2026/03/07/CLM-985F3517243A.json
[2026-03-07T21:15:34.149+0000] {logging_mixin.py:188} INFO - 2026-03-07 21:15:34 [debug    ] Lineage event recorded         claim_id=CLM-985F3517243A latency_ms=59.335947036743164 source=tx_enrichment target=sink_s3_datalake
[2026-03-07T21:15:34.164+0000] {logging_mixin.py:188} INFO - 2026-03-07 21:15:34 [debug    ] Stored to PostgreSQL           claim_id=CLM-985F3517243A
[2026-03-07T21:15:34.183+0000] {logging_mixin.py:188} INFO - 2026-03-07 21:15:34 [debug    ] Lineage event recorded         claim_id=CLM-985F3517243A latency_ms=0 source=tx_enrichment target=sink_postgres
[2026-03-07T21:15:34.198+0000] {logging_mixin.py:188} INFO - 2026-03-07 21:15:34 [debug    ] Lineage event recorded         claim_id=CLM-63A424093AF0 latency_ms=0.07796287536621094 source=src_claims_ingestion target=tx_validation
[2026-03-07T21:15:34.198+0000] {logging_mixin.py:188} INFO - 2026-03-07 21:15:34 [info     ] Claim validated                claim_id=CLM-63A424093AF0 errors=0 latency_ms=0.08 valid=True
[2026-03-07T21:15:34.203+0000] {logging_mixin.py:188} INFO - 2026-03-07 21:15:34 [debug    ] Stored to S3                   key=validated/2026/03/07/CLM-63A424093AF0.json
[2026-03-07T21:15:34.219+0000] {logging_mixin.py:188} INFO - 2026-03-07 21:15:34 [debug    ] Lineage event recorded         claim_id=CLM-63A424093AF0 latency_ms=0.13136863708496094 source=tx_validation target=tx_fraud_detection
[2026-03-07T21:15:34.220+0000] {logging_mixin.py:188} INFO - 2026-03-07 21:15:34 [info     ] Claim fraud scored             claim_id=CLM-63A424093AF0 fraud_score=0.45 risk_level=medium rules=['high_amount', 'weekend_filing', 'excessive_amount_for_type']
[2026-03-07T21:15:34.225+0000] {logging_mixin.py:188} INFO - 2026-03-07 21:15:34 [debug    ] Stored to S3                   key=scored/2026/03/07/CLM-63A424093AF0.json
[2026-03-07T21:15:34.239+0000] {logging_mixin.py:188} INFO - 2026-03-07 21:15:34 [debug    ] Lineage event recorded         claim_id=CLM-63A424093AF0 latency_ms=0.14781951904296875 source=tx_fraud_detection target=tx_enrichment
[2026-03-07T21:15:34.239+0000] {logging_mixin.py:188} INFO - 2026-03-07 21:15:34 [info     ] Claim enriched                 claim_id=CLM-63A424093AF0 fields=['policy', 'claimant_history', 'geo_risk', 'category_analysis', 'adjuster_recommendation', 'reserve_estimate'] latency_ms=0.15
[2026-03-07T21:15:34.245+0000] {logging_mixin.py:188} INFO - 2026-03-07 21:15:34 [debug    ] Stored to S3                   key=enriched/2026/03/07/CLM-63A424093AF0.json
[2026-03-07T21:15:34.264+0000] {logging_mixin.py:188} INFO - 2026-03-07 21:15:34 [debug    ] Lineage event recorded         claim_id=CLM-63A424093AF0 latency_ms=61.42544746398926 source=tx_enrichment target=sink_s3_datalake
[2026-03-07T21:15:34.295+0000] {logging_mixin.py:188} INFO - 2026-03-07 21:15:34 [debug    ] Stored to PostgreSQL           claim_id=CLM-63A424093AF0
[2026-03-07T21:15:34.322+0000] {logging_mixin.py:188} INFO - 2026-03-07 21:15:34 [debug    ] Lineage event recorded         claim_id=CLM-63A424093AF0 latency_ms=0 source=tx_enrichment target=sink_postgres
[2026-03-07T21:15:34.347+0000] {logging_mixin.py:188} INFO - 2026-03-07 21:15:34 [debug    ] Lineage event recorded         claim_id=CLM-63A1489A3AF1 latency_ms=0.1342296600341797 source=src_claims_ingestion target=tx_validation
[2026-03-07T21:15:34.348+0000] {logging_mixin.py:188} INFO - 2026-03-07 21:15:34 [info     ] Claim validated                claim_id=CLM-63A1489A3AF1 errors=0 latency_ms=0.13 valid=True
[2026-03-07T21:15:34.357+0000] {logging_mixin.py:188} INFO - 2026-03-07 21:15:34 [debug    ] Stored to S3                   key=validated/2026/03/07/CLM-63A1489A3AF1.json
[2026-03-07T21:15:34.386+0000] {logging_mixin.py:188} INFO - 2026-03-07 21:15:34 [debug    ] Lineage event recorded         claim_id=CLM-63A1489A3AF1 latency_ms=0.15807151794433594 source=tx_validation target=tx_fraud_detection
[2026-03-07T21:15:34.387+0000] {logging_mixin.py:188} INFO - 2026-03-07 21:15:34 [info     ] Claim fraud scored             claim_id=CLM-63A1489A3AF1 fraud_score=0.4427 risk_level=medium rules=['high_amount', 'weekend_filing', 'late_filing', 'excessive_amount_for_type']
[2026-03-07T21:15:34.394+0000] {logging_mixin.py:188} INFO - 2026-03-07 21:15:34 [debug    ] Stored to S3                   key=scored/2026/03/07/CLM-63A1489A3AF1.json
[2026-03-07T21:15:34.424+0000] {logging_mixin.py:188} INFO - 2026-03-07 21:15:34 [debug    ] Lineage event recorded         claim_id=CLM-63A1489A3AF1 latency_ms=0.3139972686767578 source=tx_fraud_detection target=tx_enrichment
[2026-03-07T21:15:34.425+0000] {logging_mixin.py:188} INFO - 2026-03-07 21:15:34 [info     ] Claim enriched                 claim_id=CLM-63A1489A3AF1 fields=['policy', 'claimant_history', 'geo_risk', 'category_analysis', 'adjuster_recommendation', 'reserve_estimate'] latency_ms=0.31
[2026-03-07T21:15:34.440+0000] {logging_mixin.py:188} INFO - 2026-03-07 21:15:34 [debug    ] Stored to S3                   key=enriched/2026/03/07/CLM-63A1489A3AF1.json
[2026-03-07T21:15:34.467+0000] {logging_mixin.py:188} INFO - 2026-03-07 21:15:34 [debug    ] Lineage event recorded         claim_id=CLM-63A1489A3AF1 latency_ms=117.69247055053711 source=tx_enrichment target=sink_s3_datalake
[2026-03-07T21:15:34.490+0000] {logging_mixin.py:188} INFO - 2026-03-07 21:15:34 [debug    ] Stored to PostgreSQL           claim_id=CLM-63A1489A3AF1
[2026-03-07T21:15:34.514+0000] {logging_mixin.py:188} INFO - 2026-03-07 21:15:34 [debug    ] Lineage event recorded         claim_id=CLM-63A1489A3AF1 latency_ms=0 source=tx_enrichment target=sink_postgres
[2026-03-07T21:15:34.539+0000] {logging_mixin.py:188} INFO - 2026-03-07 21:15:34 [debug    ] Lineage event recorded         claim_id=CLM-CE1CEF76D32A latency_ms=0.1404285430908203 source=src_claims_ingestion target=tx_validation
[2026-03-07T21:15:34.540+0000] {logging_mixin.py:188} INFO - 2026-03-07 21:15:34 [info     ] Claim validated                claim_id=CLM-CE1CEF76D32A errors=0 latency_ms=0.14 valid=True
[2026-03-07T21:15:34.547+0000] {logging_mixin.py:188} INFO - 2026-03-07 21:15:34 [debug    ] Stored to S3                   key=validated/2026/03/07/CLM-CE1CEF76D32A.json
[2026-03-07T21:15:34.571+0000] {logging_mixin.py:188} INFO - 2026-03-07 21:15:34 [debug    ] Lineage event recorded         claim_id=CLM-CE1CEF76D32A latency_ms=0.17523765563964844 source=tx_validation target=tx_fraud_detection
[2026-03-07T21:15:34.572+0000] {logging_mixin.py:188} INFO - 2026-03-07 21:15:34 [info     ] Claim fraud scored             claim_id=CLM-CE1CEF76D32A fraud_score=0.2189 risk_level=low rules=['high_amount', 'weekend_filing', 'late_filing']
[2026-03-07T21:15:34.580+0000] {logging_mixin.py:188} INFO - 2026-03-07 21:15:34 [debug    ] Stored to S3                   key=scored/2026/03/07/CLM-CE1CEF76D32A.json
[2026-03-07T21:15:34.612+0000] {logging_mixin.py:188} INFO - 2026-03-07 21:15:34 [debug    ] Lineage event recorded         claim_id=CLM-CE1CEF76D32A latency_ms=0.23055076599121094 source=tx_fraud_detection target=tx_enrichment
[2026-03-07T21:15:34.613+0000] {logging_mixin.py:188} INFO - 2026-03-07 21:15:34 [info     ] Claim enriched                 claim_id=CLM-CE1CEF76D32A fields=['policy', 'claimant_history', 'geo_risk', 'category_analysis', 'adjuster_recommendation', 'reserve_estimate'] latency_ms=0.23
[2026-03-07T21:15:34.621+0000] {logging_mixin.py:188} INFO - 2026-03-07 21:15:34 [debug    ] Stored to S3                   key=enriched/2026/03/07/CLM-CE1CEF76D32A.json
[2026-03-07T21:15:34.645+0000] {logging_mixin.py:188} INFO - 2026-03-07 21:15:34 [debug    ] Lineage event recorded         claim_id=CLM-CE1CEF76D32A latency_ms=107.2688102722168 source=tx_enrichment target=sink_s3_datalake
[2026-03-07T21:15:34.668+0000] {logging_mixin.py:188} INFO - 2026-03-07 21:15:34 [debug    ] Stored to PostgreSQL           claim_id=CLM-CE1CEF76D32A
[2026-03-07T21:15:34.690+0000] {logging_mixin.py:188} INFO - 2026-03-07 21:15:34 [debug    ] Lineage event recorded         claim_id=CLM-CE1CEF76D32A latency_ms=0 source=tx_enrichment target=sink_postgres
[2026-03-07T21:15:34.712+0000] {logging_mixin.py:188} INFO - 2026-03-07 21:15:34 [debug    ] Lineage event recorded         claim_id=CLM-FDE5B8AFAC05 latency_ms=0.11205673217773438 source=src_claims_ingestion target=tx_validation
[2026-03-07T21:15:34.712+0000] {logging_mixin.py:188} INFO - 2026-03-07 21:15:34 [info     ] Claim validated                claim_id=CLM-FDE5B8AFAC05 errors=0 latency_ms=0.11 valid=True
[2026-03-07T21:15:34.723+0000] {logging_mixin.py:188} INFO - 2026-03-07 21:15:34 [debug    ] Stored to S3                   key=validated/2026/03/07/CLM-FDE5B8AFAC05.json
[2026-03-07T21:15:34.747+0000] {logging_mixin.py:188} INFO - 2026-03-07 21:15:34 [debug    ] Lineage event recorded         claim_id=CLM-FDE5B8AFAC05 latency_ms=0.2295970916748047 source=tx_validation target=tx_fraud_detection
[2026-03-07T21:15:34.747+0000] {logging_mixin.py:188} INFO - 2026-03-07 21:15:34 [info     ] Claim fraud scored             claim_id=CLM-FDE5B8AFAC05 fraud_score=0.092 risk_level=low rules=['weekend_filing', 'late_filing']
[2026-03-07T21:15:34.754+0000] {logging_mixin.py:188} INFO - 2026-03-07 21:15:34 [debug    ] Stored to S3                   key=scored/2026/03/07/CLM-FDE5B8AFAC05.json
[2026-03-07T21:15:34.773+0000] {logging_mixin.py:188} INFO - 2026-03-07 21:15:34 [debug    ] Lineage event recorded         claim_id=CLM-FDE5B8AFAC05 latency_ms=0.25177001953125 source=tx_fraud_detection target=tx_enrichment
[2026-03-07T21:15:34.774+0000] {logging_mixin.py:188} INFO - 2026-03-07 21:15:34 [info     ] Claim enriched                 claim_id=CLM-FDE5B8AFAC05 fields=['policy', 'claimant_history', 'geo_risk', 'category_analysis', 'adjuster_recommendation', 'reserve_estimate'] latency_ms=0.25
[2026-03-07T21:15:34.780+0000] {logging_mixin.py:188} INFO - 2026-03-07 21:15:34 [debug    ] Stored to S3                   key=enriched/2026/03/07/CLM-FDE5B8AFAC05.json
[2026-03-07T21:15:34.796+0000] {logging_mixin.py:188} INFO - 2026-03-07 21:15:34 [debug    ] Lineage event recorded         claim_id=CLM-FDE5B8AFAC05 latency_ms=89.5531177520752 source=tx_enrichment target=sink_s3_datalake
[2026-03-07T21:15:34.812+0000] {logging_mixin.py:188} INFO - 2026-03-07 21:15:34 [debug    ] Stored to PostgreSQL           claim_id=CLM-FDE5B8AFAC05
[2026-03-07T21:15:34.828+0000] {logging_mixin.py:188} INFO - 2026-03-07 21:15:34 [debug    ] Lineage event recorded         claim_id=CLM-FDE5B8AFAC05 latency_ms=0 source=tx_enrichment target=sink_postgres
[2026-03-07T21:15:34.850+0000] {logging_mixin.py:188} INFO - 2026-03-07 21:15:34 [debug    ] Lineage event recorded         claim_id=CLM-4E911693DC96 latency_ms=0.0705718994140625 source=src_claims_ingestion target=tx_validation
[2026-03-07T21:15:34.851+0000] {logging_mixin.py:188} INFO - 2026-03-07 21:15:34 [info     ] Claim validated                claim_id=CLM-4E911693DC96 errors=0 latency_ms=0.07 valid=True
[2026-03-07T21:15:34.865+0000] {logging_mixin.py:188} INFO - 2026-03-07 21:15:34 [debug    ] Stored to S3                   key=validated/2026/03/07/CLM-4E911693DC96.json
[2026-03-07T21:15:34.893+0000] {logging_mixin.py:188} INFO - 2026-03-07 21:15:34 [debug    ] Lineage event recorded         claim_id=CLM-4E911693DC96 latency_ms=0.14662742614746094 source=tx_validation target=tx_fraud_detection
[2026-03-07T21:15:34.894+0000] {logging_mixin.py:188} INFO - 2026-03-07 21:15:34 [info     ] Claim fraud scored             claim_id=CLM-4E911693DC96 fraud_score=0.1124 risk_level=low rules=['weekend_filing', 'late_filing']
[2026-03-07T21:15:34.905+0000] {logging_mixin.py:188} INFO - 2026-03-07 21:15:34 [debug    ] Stored to S3                   key=scored/2026/03/07/CLM-4E911693DC96.json
[2026-03-07T21:15:34.930+0000] {logging_mixin.py:188} INFO - 2026-03-07 21:15:34 [debug    ] Lineage event recorded         claim_id=CLM-4E911693DC96 latency_ms=1.4963150024414062 source=tx_fraud_detection target=tx_enrichment
[2026-03-07T21:15:34.932+0000] {logging_mixin.py:188} INFO - 2026-03-07 21:15:34 [info     ] Claim enriched                 claim_id=CLM-4E911693DC96 fields=['policy', 'claimant_history', 'geo_risk', 'category_analysis', 'adjuster_recommendation', 'reserve_estimate'] latency_ms=1.5
[2026-03-07T21:15:34.979+0000] {logging_mixin.py:188} INFO - 2026-03-07 21:15:34 [debug    ] Stored to S3                   key=enriched/2026/03/07/CLM-4E911693DC96.json
[2026-03-07T21:15:35.010+0000] {logging_mixin.py:188} INFO - 2026-03-07 21:15:35 [debug    ] Lineage event recorded         claim_id=CLM-4E911693DC96 latency_ms=151.75628662109375 source=tx_enrichment target=sink_s3_datalake
[2026-03-07T21:15:35.064+0000] {logging_mixin.py:188} INFO - 2026-03-07 21:15:35 [debug    ] Stored to PostgreSQL           claim_id=CLM-4E911693DC96
[2026-03-07T21:15:35.104+0000] {logging_mixin.py:188} INFO - 2026-03-07 21:15:35 [debug    ] Lineage event recorded         claim_id=CLM-4E911693DC96 latency_ms=0 source=tx_enrichment target=sink_postgres
[2026-03-07T21:15:35.150+0000] {logging_mixin.py:188} INFO - 2026-03-07 21:15:35 [debug    ] Lineage event recorded         claim_id=CLM-652D613EE256 latency_ms=0.16355514526367188 source=src_claims_ingestion target=tx_validation
[2026-03-07T21:15:35.151+0000] {logging_mixin.py:188} INFO - 2026-03-07 21:15:35 [info     ] Claim validated                claim_id=CLM-652D613EE256 errors=0 latency_ms=0.16 valid=True
[2026-03-07T21:15:35.161+0000] {logging_mixin.py:188} INFO - 2026-03-07 21:15:35 [debug    ] Stored to S3                   key=validated/2026/03/07/CLM-652D613EE256.json
[2026-03-07T21:15:35.192+0000] {logging_mixin.py:188} INFO - 2026-03-07 21:15:35 [debug    ] Lineage event recorded         claim_id=CLM-652D613EE256 latency_ms=0.14352798461914062 source=tx_validation target=tx_fraud_detection
[2026-03-07T21:15:35.193+0000] {logging_mixin.py:188} INFO - 2026-03-07 21:15:35 [info     ] Claim fraud scored             claim_id=CLM-652D613EE256 fraud_score=0.2295 risk_level=low rules=['high_amount', 'weekend_filing', 'late_filing']
[2026-03-07T21:15:35.207+0000] {logging_mixin.py:188} INFO - 2026-03-07 21:15:35 [debug    ] Stored to S3                   key=scored/2026/03/07/CLM-652D613EE256.json
[2026-03-07T21:15:35.245+0000] {logging_mixin.py:188} INFO - 2026-03-07 21:15:35 [debug    ] Lineage event recorded         claim_id=CLM-652D613EE256 latency_ms=0.6008148193359375 source=tx_fraud_detection target=tx_enrichment
[2026-03-07T21:15:35.247+0000] {logging_mixin.py:188} INFO - 2026-03-07 21:15:35 [info     ] Claim enriched                 claim_id=CLM-652D613EE256 fields=['policy', 'claimant_history', 'geo_risk', 'category_analysis', 'adjuster_recommendation', 'reserve_estimate'] latency_ms=0.6
[2026-03-07T21:15:35.260+0000] {logging_mixin.py:188} INFO - 2026-03-07 21:15:35 [debug    ] Stored to S3                   key=enriched/2026/03/07/CLM-652D613EE256.json
[2026-03-07T21:15:35.284+0000] {logging_mixin.py:188} INFO - 2026-03-07 21:15:35 [debug    ] Lineage event recorded         claim_id=CLM-652D613EE256 latency_ms=155.70330619812012 source=tx_enrichment target=sink_s3_datalake
[2026-03-07T21:15:35.301+0000] {logging_mixin.py:188} INFO - 2026-03-07 21:15:35 [debug    ] Stored to PostgreSQL           claim_id=CLM-652D613EE256
[2026-03-07T21:15:35.320+0000] {logging_mixin.py:188} INFO - 2026-03-07 21:15:35 [debug    ] Lineage event recorded         claim_id=CLM-652D613EE256 latency_ms=0 source=tx_enrichment target=sink_postgres
[2026-03-07T21:15:35.341+0000] {logging_mixin.py:188} INFO - 2026-03-07 21:15:35 [debug    ] Lineage event recorded         claim_id=CLM-F7B361DD185C latency_ms=0.091552734375 source=src_claims_ingestion target=tx_validation
[2026-03-07T21:15:35.341+0000] {logging_mixin.py:188} INFO - 2026-03-07 21:15:35 [info     ] Claim validated                claim_id=CLM-F7B361DD185C errors=1 latency_ms=0.09 valid=False
[2026-03-07T21:15:35.348+0000] {logging_mixin.py:188} INFO - 2026-03-07 21:15:35 [debug    ] Stored to S3                   key=rejected/2026/03/07/CLM-F7B361DD185C.json
[2026-03-07T21:15:35.370+0000] {logging_mixin.py:188} INFO - 2026-03-07 21:15:35 [debug    ] Lineage event recorded         claim_id=CLM-FA8CB5517D53 latency_ms=0.09894371032714844 source=src_claims_ingestion target=tx_validation
[2026-03-07T21:15:35.371+0000] {logging_mixin.py:188} INFO - 2026-03-07 21:15:35 [info     ] Claim validated                claim_id=CLM-FA8CB5517D53 errors=1 latency_ms=0.1 valid=False
[2026-03-07T21:15:35.378+0000] {logging_mixin.py:188} INFO - 2026-03-07 21:15:35 [debug    ] Stored to S3                   key=rejected/2026/03/07/CLM-FA8CB5517D53.json
[2026-03-07T21:15:35.378+0000] {logging_mixin.py:188} INFO - 2026-03-07 21:15:35 [info     ] Processed 20 claims            throughput=3.27/s
[2026-03-07T21:15:35.399+0000] {logging_mixin.py:188} INFO - 2026-03-07 21:15:35 [debug    ] Lineage event recorded         claim_id=CLM-5EF91071BED0 latency_ms=0.11229515075683594 source=src_claims_ingestion target=tx_validation
[2026-03-07T21:15:35.399+0000] {logging_mixin.py:188} INFO - 2026-03-07 21:15:35 [info     ] Claim validated                claim_id=CLM-5EF91071BED0 errors=1 latency_ms=0.11 valid=False
[2026-03-07T21:15:35.406+0000] {logging_mixin.py:188} INFO - 2026-03-07 21:15:35 [debug    ] Stored to S3                   key=rejected/2026/03/07/CLM-5EF91071BED0.json
[2026-03-07T21:15:35.429+0000] {logging_mixin.py:188} INFO - 2026-03-07 21:15:35 [debug    ] Lineage event recorded         claim_id=CLM-906795AB2763 latency_ms=0.11467933654785156 source=src_claims_ingestion target=tx_validation
[2026-03-07T21:15:35.430+0000] {logging_mixin.py:188} INFO - 2026-03-07 21:15:35 [info     ] Claim validated                claim_id=CLM-906795AB2763 errors=0 latency_ms=0.11 valid=True
[2026-03-07T21:15:35.439+0000] {logging_mixin.py:188} INFO - 2026-03-07 21:15:35 [debug    ] Stored to S3                   key=validated/2026/03/07/CLM-906795AB2763.json
[2026-03-07T21:15:35.466+0000] {logging_mixin.py:188} INFO - 2026-03-07 21:15:35 [debug    ] Lineage event recorded         claim_id=CLM-906795AB2763 latency_ms=0.29587745666503906 source=tx_validation target=tx_fraud_detection
[2026-03-07T21:15:35.467+0000] {logging_mixin.py:188} INFO - 2026-03-07 21:15:35 [info     ] Claim fraud scored             claim_id=CLM-906795AB2763 fraud_score=0.2206 risk_level=low rules=['weekend_filing', 'late_filing', 'excessive_amount_for_type']
[2026-03-07T21:15:35.478+0000] {logging_mixin.py:188} INFO - 2026-03-07 21:15:35 [debug    ] Stored to S3                   key=scored/2026/03/07/CLM-906795AB2763.json
[2026-03-07T21:15:35.503+0000] {logging_mixin.py:188} INFO - 2026-03-07 21:15:35 [debug    ] Lineage event recorded         claim_id=CLM-906795AB2763 latency_ms=0.1735687255859375 source=tx_fraud_detection target=tx_enrichment
[2026-03-07T21:15:35.504+0000] {logging_mixin.py:188} INFO - 2026-03-07 21:15:35 [info     ] Claim enriched                 claim_id=CLM-906795AB2763 fields=['policy', 'claimant_history', 'geo_risk', 'category_analysis', 'adjuster_recommendation', 'reserve_estimate'] latency_ms=0.17
[2026-03-07T21:15:35.513+0000] {logging_mixin.py:188} INFO - 2026-03-07 21:15:35 [debug    ] Stored to S3                   key=enriched/2026/03/07/CLM-906795AB2763.json
[2026-03-07T21:15:35.539+0000] {logging_mixin.py:188} INFO - 2026-03-07 21:15:35 [debug    ] Lineage event recorded         claim_id=CLM-906795AB2763 latency_ms=106.64010047912598 source=tx_enrichment target=sink_s3_datalake
[2026-03-07T21:15:35.563+0000] {logging_mixin.py:188} INFO - 2026-03-07 21:15:35 [debug    ] Stored to PostgreSQL           claim_id=CLM-906795AB2763
[2026-03-07T21:15:35.587+0000] {logging_mixin.py:188} INFO - 2026-03-07 21:15:35 [debug    ] Lineage event recorded         claim_id=CLM-906795AB2763 latency_ms=0 source=tx_enrichment target=sink_postgres
[2026-03-07T21:15:35.606+0000] {logging_mixin.py:188} INFO - 2026-03-07 21:15:35 [debug    ] Lineage event recorded         claim_id=CLM-5519173F91B2 latency_ms=0.125885009765625 source=src_claims_ingestion target=tx_validation
[2026-03-07T21:15:35.607+0000] {logging_mixin.py:188} INFO - 2026-03-07 21:15:35 [info     ] Claim validated                claim_id=CLM-5519173F91B2 errors=0 latency_ms=0.13 valid=True
[2026-03-07T21:15:35.613+0000] {logging_mixin.py:188} INFO - 2026-03-07 21:15:35 [debug    ] Stored to S3                   key=validated/2026/03/07/CLM-5519173F91B2.json
[2026-03-07T21:15:35.641+0000] {logging_mixin.py:188} INFO - 2026-03-07 21:15:35 [debug    ] Lineage event recorded         claim_id=CLM-5519173F91B2 latency_ms=0.11324882507324219 source=tx_validation target=tx_fraud_detection
[2026-03-07T21:15:35.641+0000] {logging_mixin.py:188} INFO - 2026-03-07 21:15:35 [info     ] Claim fraud scored             claim_id=CLM-5519173F91B2 fraud_score=0.1567 risk_level=low rules=['high_amount', 'weekend_filing', 'late_filing']
[2026-03-07T21:15:35.647+0000] {logging_mixin.py:188} INFO - 2026-03-07 21:15:35 [debug    ] Stored to S3                   key=scored/2026/03/07/CLM-5519173F91B2.json
[2026-03-07T21:15:35.665+0000] {logging_mixin.py:188} INFO - 2026-03-07 21:15:35 [debug    ] Lineage event recorded         claim_id=CLM-5519173F91B2 latency_ms=0.18835067749023438 source=tx_fraud_detection target=tx_enrichment
[2026-03-07T21:15:35.665+0000] {logging_mixin.py:188} INFO - 2026-03-07 21:15:35 [info     ] Claim enriched                 claim_id=CLM-5519173F91B2 fields=['policy', 'claimant_history', 'geo_risk', 'category_analysis', 'adjuster_recommendation', 'reserve_estimate'] latency_ms=0.19
[2026-03-07T21:15:35.670+0000] {logging_mixin.py:188} INFO - 2026-03-07 21:15:35 [debug    ] Stored to S3                   key=enriched/2026/03/07/CLM-5519173F91B2.json
[2026-03-07T21:15:35.685+0000] {logging_mixin.py:188} INFO - 2026-03-07 21:15:35 [debug    ] Lineage event recorded         claim_id=CLM-5519173F91B2 latency_ms=82.80563354492188 source=tx_enrichment target=sink_s3_datalake
[2026-03-07T21:15:35.699+0000] {logging_mixin.py:188} INFO - 2026-03-07 21:15:35 [debug    ] Stored to PostgreSQL           claim_id=CLM-5519173F91B2
[2026-03-07T21:15:35.714+0000] {logging_mixin.py:188} INFO - 2026-03-07 21:15:35 [debug    ] Lineage event recorded         claim_id=CLM-5519173F91B2 latency_ms=0 source=tx_enrichment target=sink_postgres
[2026-03-07T21:15:35.730+0000] {logging_mixin.py:188} INFO - 2026-03-07 21:15:35 [debug    ] Lineage event recorded         claim_id=CLM-FECADF03A53B latency_ms=0.0782012939453125 source=src_claims_ingestion target=tx_validation
[2026-03-07T21:15:35.730+0000] {logging_mixin.py:188} INFO - 2026-03-07 21:15:35 [info     ] Claim validated                claim_id=CLM-FECADF03A53B errors=0 latency_ms=0.08 valid=True
[2026-03-07T21:15:35.735+0000] {logging_mixin.py:188} INFO - 2026-03-07 21:15:35 [debug    ] Stored to S3                   key=validated/2026/03/07/CLM-FECADF03A53B.json
[2026-03-07T21:15:35.749+0000] {logging_mixin.py:188} INFO - 2026-03-07 21:15:35 [debug    ] Lineage event recorded         claim_id=CLM-FECADF03A53B latency_ms=0.09226799011230469 source=tx_validation target=tx_fraud_detection
[2026-03-07T21:15:35.749+0000] {logging_mixin.py:188} INFO - 2026-03-07 21:15:35 [info     ] Claim fraud scored             claim_id=CLM-FECADF03A53B fraud_score=0.3006 risk_level=medium rules=['high_amount', 'weekend_filing', 'late_filing']
[2026-03-07T21:15:35.755+0000] {logging_mixin.py:188} INFO - 2026-03-07 21:15:35 [debug    ] Stored to S3                   key=scored/2026/03/07/CLM-FECADF03A53B.json
[2026-03-07T21:15:35.771+0000] {logging_mixin.py:188} INFO - 2026-03-07 21:15:35 [debug    ] Lineage event recorded         claim_id=CLM-FECADF03A53B latency_ms=0.17499923706054688 source=tx_fraud_detection target=tx_enrichment
[2026-03-07T21:15:35.771+0000] {logging_mixin.py:188} INFO - 2026-03-07 21:15:35 [info     ] Claim enriched                 claim_id=CLM-FECADF03A53B fields=['policy', 'claimant_history', 'geo_risk', 'category_analysis', 'adjuster_recommendation', 'reserve_estimate'] latency_ms=0.17
[2026-03-07T21:15:35.777+0000] {logging_mixin.py:188} INFO - 2026-03-07 21:15:35 [debug    ] Stored to S3                   key=enriched/2026/03/07/CLM-FECADF03A53B.json
[2026-03-07T21:15:35.793+0000] {logging_mixin.py:188} INFO - 2026-03-07 21:15:35 [debug    ] Lineage event recorded         claim_id=CLM-FECADF03A53B latency_ms=63.13776969909668 source=tx_enrichment target=sink_s3_datalake
[2026-03-07T21:15:35.807+0000] {logging_mixin.py:188} INFO - 2026-03-07 21:15:35 [debug    ] Stored to PostgreSQL           claim_id=CLM-FECADF03A53B
[2026-03-07T21:15:35.823+0000] {logging_mixin.py:188} INFO - 2026-03-07 21:15:35 [debug    ] Lineage event recorded         claim_id=CLM-FECADF03A53B latency_ms=0 source=tx_enrichment target=sink_postgres
[2026-03-07T21:15:35.838+0000] {logging_mixin.py:188} INFO - 2026-03-07 21:15:35 [debug    ] Lineage event recorded         claim_id=CLM-D02C9E13BA06 latency_ms=0.08273124694824219 source=src_claims_ingestion target=tx_validation
[2026-03-07T21:15:35.838+0000] {logging_mixin.py:188} INFO - 2026-03-07 21:15:35 [info     ] Claim validated                claim_id=CLM-D02C9E13BA06 errors=0 latency_ms=0.08 valid=True
[2026-03-07T21:15:35.845+0000] {logging_mixin.py:188} INFO - 2026-03-07 21:15:35 [debug    ] Stored to S3                   key=validated/2026/03/07/CLM-D02C9E13BA06.json
[2026-03-07T21:15:35.860+0000] {logging_mixin.py:188} INFO - 2026-03-07 21:15:35 [debug    ] Lineage event recorded         claim_id=CLM-D02C9E13BA06 latency_ms=0.09679794311523438 source=tx_validation target=tx_fraud_detection
[2026-03-07T21:15:35.860+0000] {logging_mixin.py:188} INFO - 2026-03-07 21:15:35 [info     ] Claim fraud scored             claim_id=CLM-D02C9E13BA06 fraud_score=0.1724 risk_level=low rules=['high_amount', 'weekend_filing', 'late_filing']
[2026-03-07T21:15:35.865+0000] {logging_mixin.py:188} INFO - 2026-03-07 21:15:35 [debug    ] Stored to S3                   key=scored/2026/03/07/CLM-D02C9E13BA06.json
[2026-03-07T21:15:35.880+0000] {logging_mixin.py:188} INFO - 2026-03-07 21:15:35 [debug    ] Lineage event recorded         claim_id=CLM-D02C9E13BA06 latency_ms=0.14162063598632812 source=tx_fraud_detection target=tx_enrichment
[2026-03-07T21:15:35.881+0000] {logging_mixin.py:188} INFO - 2026-03-07 21:15:35 [info     ] Claim enriched                 claim_id=CLM-D02C9E13BA06 fields=['policy', 'claimant_history', 'geo_risk', 'category_analysis', 'adjuster_recommendation', 'reserve_estimate'] latency_ms=0.14
[2026-03-07T21:15:35.886+0000] {logging_mixin.py:188} INFO - 2026-03-07 21:15:35 [debug    ] Stored to S3                   key=enriched/2026/03/07/CLM-D02C9E13BA06.json
[2026-03-07T21:15:35.905+0000] {logging_mixin.py:188} INFO - 2026-03-07 21:15:35 [debug    ] Lineage event recorded         claim_id=CLM-D02C9E13BA06 latency_ms=62.89553642272949 source=tx_enrichment target=sink_s3_datalake
[2026-03-07T21:15:35.928+0000] {logging_mixin.py:188} INFO - 2026-03-07 21:15:35 [debug    ] Stored to PostgreSQL           claim_id=CLM-D02C9E13BA06
[2026-03-07T21:15:35.944+0000] {logging_mixin.py:188} INFO - 2026-03-07 21:15:35 [debug    ] Lineage event recorded         claim_id=CLM-D02C9E13BA06 latency_ms=0 source=tx_enrichment target=sink_postgres
[2026-03-07T21:15:35.964+0000] {logging_mixin.py:188} INFO - 2026-03-07 21:15:35 [debug    ] Lineage event recorded         claim_id=CLM-789E510E184E latency_ms=0.12302398681640625 source=src_claims_ingestion target=tx_validation
[2026-03-07T21:15:35.965+0000] {logging_mixin.py:188} INFO - 2026-03-07 21:15:35 [info     ] Claim validated                claim_id=CLM-789E510E184E errors=0 latency_ms=0.12 valid=True
[2026-03-07T21:15:35.971+0000] {logging_mixin.py:188} INFO - 2026-03-07 21:15:35 [debug    ] Stored to S3                   key=validated/2026/03/07/CLM-789E510E184E.json
[2026-03-07T21:15:35.999+0000] {logging_mixin.py:188} INFO - 2026-03-07 21:15:35 [debug    ] Lineage event recorded         claim_id=CLM-789E510E184E latency_ms=0.2772808074951172 source=tx_validation target=tx_fraud_detection
[2026-03-07T21:15:35.999+0000] {logging_mixin.py:188} INFO - 2026-03-07 21:15:35 [info     ] Claim fraud scored             claim_id=CLM-789E510E184E fraud_score=0.0893 risk_level=low rules=['weekend_filing', 'late_filing']
[2026-03-07T21:15:36.006+0000] {logging_mixin.py:188} INFO - 2026-03-07 21:15:36 [debug    ] Stored to S3                   key=scored/2026/03/07/CLM-789E510E184E.json
[2026-03-07T21:15:36.030+0000] {logging_mixin.py:188} INFO - 2026-03-07 21:15:36 [debug    ] Lineage event recorded         claim_id=CLM-789E510E184E latency_ms=0.21505355834960938 source=tx_fraud_detection target=tx_enrichment
[2026-03-07T21:15:36.031+0000] {logging_mixin.py:188} INFO - 2026-03-07 21:15:36 [info     ] Claim enriched                 claim_id=CLM-789E510E184E fields=['policy', 'claimant_history', 'geo_risk', 'category_analysis', 'adjuster_recommendation', 'reserve_estimate'] latency_ms=0.22
[2026-03-07T21:15:36.049+0000] {logging_mixin.py:188} INFO - 2026-03-07 21:15:36 [debug    ] Stored to S3                   key=enriched/2026/03/07/CLM-789E510E184E.json
[2026-03-07T21:15:36.089+0000] {logging_mixin.py:188} INFO - 2026-03-07 21:15:36 [debug    ] Lineage event recorded         claim_id=CLM-789E510E184E latency_ms=105.84735870361328 source=tx_enrichment target=sink_s3_datalake
[2026-03-07T21:15:36.144+0000] {logging_mixin.py:188} INFO - 2026-03-07 21:15:36 [debug    ] Stored to PostgreSQL           claim_id=CLM-789E510E184E
[2026-03-07T21:15:36.211+0000] {logging_mixin.py:188} INFO - 2026-03-07 21:15:36 [debug    ] Lineage event recorded         claim_id=CLM-789E510E184E latency_ms=0 source=tx_enrichment target=sink_postgres
[2026-03-07T21:15:36.244+0000] {logging_mixin.py:188} INFO - 2026-03-07 21:15:36 [debug    ] Lineage event recorded         claim_id=CLM-02D3EE676274 latency_ms=0.1862049102783203 source=src_claims_ingestion target=tx_validation
[2026-03-07T21:15:36.244+0000] {logging_mixin.py:188} INFO - 2026-03-07 21:15:36 [info     ] Claim validated                claim_id=CLM-02D3EE676274 errors=0 latency_ms=0.19 valid=True
[2026-03-07T21:15:36.254+0000] {logging_mixin.py:188} INFO - 2026-03-07 21:15:36 [debug    ] Stored to S3                   key=validated/2026/03/07/CLM-02D3EE676274.json
[2026-03-07T21:15:36.292+0000] {logging_mixin.py:188} INFO - 2026-03-07 21:15:36 [debug    ] Lineage event recorded         claim_id=CLM-02D3EE676274 latency_ms=0.20885467529296875 source=tx_validation target=tx_fraud_detection
[2026-03-07T21:15:36.293+0000] {logging_mixin.py:188} INFO - 2026-03-07 21:15:36 [info     ] Claim fraud scored             claim_id=CLM-02D3EE676274 fraud_score=0.2075 risk_level=low rules=['high_amount', 'weekend_filing']
[2026-03-07T21:15:36.302+0000] {logging_mixin.py:188} INFO - 2026-03-07 21:15:36 [debug    ] Stored to S3                   key=scored/2026/03/07/CLM-02D3EE676274.json
[2026-03-07T21:15:36.352+0000] {logging_mixin.py:188} INFO - 2026-03-07 21:15:36 [debug    ] Lineage event recorded         claim_id=CLM-02D3EE676274 latency_ms=0.3387928009033203 source=tx_fraud_detection target=tx_enrichment
[2026-03-07T21:15:36.353+0000] {logging_mixin.py:188} INFO - 2026-03-07 21:15:36 [info     ] Claim enriched                 claim_id=CLM-02D3EE676274 fields=['policy', 'claimant_history', 'geo_risk', 'category_analysis', 'adjuster_recommendation', 'reserve_estimate'] latency_ms=0.34
[2026-03-07T21:15:36.368+0000] {logging_mixin.py:188} INFO - 2026-03-07 21:15:36 [debug    ] Stored to S3                   key=enriched/2026/03/07/CLM-02D3EE676274.json
[2026-03-07T21:15:36.397+0000] {logging_mixin.py:188} INFO - 2026-03-07 21:15:36 [debug    ] Lineage event recorded         claim_id=CLM-02D3EE676274 latency_ms=156.73232078552246 source=tx_enrichment target=sink_s3_datalake
[2026-03-07T21:15:36.422+0000] {logging_mixin.py:188} INFO - 2026-03-07 21:15:36 [debug    ] Stored to PostgreSQL           claim_id=CLM-02D3EE676274
[2026-03-07T21:15:36.445+0000] {logging_mixin.py:188} INFO - 2026-03-07 21:15:36 [debug    ] Lineage event recorded         claim_id=CLM-02D3EE676274 latency_ms=0 source=tx_enrichment target=sink_postgres
[2026-03-07T21:15:36.471+0000] {logging_mixin.py:188} INFO - 2026-03-07 21:15:36 [debug    ] Lineage event recorded         claim_id=CLM-6EBA2F4E3E22 latency_ms=0.1266002655029297 source=src_claims_ingestion target=tx_validation
[2026-03-07T21:15:36.472+0000] {logging_mixin.py:188} INFO - 2026-03-07 21:15:36 [info     ] Claim validated                claim_id=CLM-6EBA2F4E3E22 errors=0 latency_ms=0.13 valid=True
[2026-03-07T21:15:36.480+0000] {logging_mixin.py:188} INFO - 2026-03-07 21:15:36 [debug    ] Stored to S3                   key=validated/2026/03/07/CLM-6EBA2F4E3E22.json
[2026-03-07T21:15:36.510+0000] {logging_mixin.py:188} INFO - 2026-03-07 21:15:36 [debug    ] Lineage event recorded         claim_id=CLM-6EBA2F4E3E22 latency_ms=0.1518726348876953 source=tx_validation target=tx_fraud_detection
[2026-03-07T21:15:36.511+0000] {logging_mixin.py:188} INFO - 2026-03-07 21:15:36 [info     ] Claim fraud scored             claim_id=CLM-6EBA2F4E3E22 fraud_score=0.0953 risk_level=low rules=['weekend_filing', 'late_filing']
[2026-03-07T21:15:36.524+0000] {logging_mixin.py:188} INFO - 2026-03-07 21:15:36 [debug    ] Stored to S3                   key=scored/2026/03/07/CLM-6EBA2F4E3E22.json
[2026-03-07T21:15:36.562+0000] {logging_mixin.py:188} INFO - 2026-03-07 21:15:36 [debug    ] Lineage event recorded         claim_id=CLM-6EBA2F4E3E22 latency_ms=0.3437995910644531 source=tx_fraud_detection target=tx_enrichment
[2026-03-07T21:15:36.564+0000] {logging_mixin.py:188} INFO - 2026-03-07 21:15:36 [info     ] Claim enriched                 claim_id=CLM-6EBA2F4E3E22 fields=['policy', 'claimant_history', 'geo_risk', 'category_analysis', 'adjuster_recommendation', 'reserve_estimate'] latency_ms=0.34
[2026-03-07T21:15:36.576+0000] {logging_mixin.py:188} INFO - 2026-03-07 21:15:36 [debug    ] Stored to S3                   key=enriched/2026/03/07/CLM-6EBA2F4E3E22.json
[2026-03-07T21:15:36.605+0000] {logging_mixin.py:188} INFO - 2026-03-07 21:15:36 [debug    ] Lineage event recorded         claim_id=CLM-6EBA2F4E3E22 latency_ms=130.9642791748047 source=tx_enrichment target=sink_s3_datalake
[2026-03-07T21:15:36.636+0000] {logging_mixin.py:188} INFO - 2026-03-07 21:15:36 [debug    ] Stored to PostgreSQL           claim_id=CLM-6EBA2F4E3E22
[2026-03-07T21:15:36.670+0000] {logging_mixin.py:188} INFO - 2026-03-07 21:15:36 [debug    ] Lineage event recorded         claim_id=CLM-6EBA2F4E3E22 latency_ms=0 source=tx_enrichment target=sink_postgres
[2026-03-07T21:15:36.703+0000] {logging_mixin.py:188} INFO - 2026-03-07 21:15:36 [debug    ] Lineage event recorded         claim_id=CLM-F6870713DB97 latency_ms=0.23674964904785156 source=src_claims_ingestion target=tx_validation
[2026-03-07T21:15:36.705+0000] {logging_mixin.py:188} INFO - 2026-03-07 21:15:36 [info     ] Claim validated                claim_id=CLM-F6870713DB97 errors=0 latency_ms=0.24 valid=True
[2026-03-07T21:15:36.715+0000] {logging_mixin.py:188} INFO - 2026-03-07 21:15:36 [debug    ] Stored to S3                   key=validated/2026/03/07/CLM-F6870713DB97.json
[2026-03-07T21:15:36.747+0000] {logging_mixin.py:188} INFO - 2026-03-07 21:15:36 [debug    ] Lineage event recorded         claim_id=CLM-F6870713DB97 latency_ms=0.2090930938720703 source=tx_validation target=tx_fraud_detection
[2026-03-07T21:15:36.747+0000] {logging_mixin.py:188} INFO - 2026-03-07 21:15:36 [info     ] Claim fraud scored             claim_id=CLM-F6870713DB97 fraud_score=0.1493 risk_level=low rules=['high_amount', 'weekend_filing']
[2026-03-07T21:15:36.755+0000] {logging_mixin.py:188} INFO - 2026-03-07 21:15:36 [debug    ] Stored to S3                   key=scored/2026/03/07/CLM-F6870713DB97.json
[2026-03-07T21:15:36.777+0000] {logging_mixin.py:188} INFO - 2026-03-07 21:15:36 [debug    ] Lineage event recorded         claim_id=CLM-F6870713DB97 latency_ms=0.3654956817626953 source=tx_fraud_detection target=tx_enrichment
[2026-03-07T21:15:36.779+0000] {logging_mixin.py:188} INFO - 2026-03-07 21:15:36 [info     ] Claim enriched                 claim_id=CLM-F6870713DB97 fields=['policy', 'claimant_history', 'geo_risk', 'category_analysis', 'adjuster_recommendation', 'reserve_estimate'] latency_ms=0.37
[2026-03-07T21:15:36.797+0000] {logging_mixin.py:188} INFO - 2026-03-07 21:15:36 [debug    ] Stored to S3                   key=enriched/2026/03/07/CLM-F6870713DB97.json
[2026-03-07T21:15:36.826+0000] {logging_mixin.py:188} INFO - 2026-03-07 21:15:36 [debug    ] Lineage event recorded         claim_id=CLM-F6870713DB97 latency_ms=126.8153190612793 source=tx_enrichment target=sink_s3_datalake
[2026-03-07T21:15:36.852+0000] {logging_mixin.py:188} INFO - 2026-03-07 21:15:36 [debug    ] Stored to PostgreSQL           claim_id=CLM-F6870713DB97
[2026-03-07T21:15:36.882+0000] {logging_mixin.py:188} INFO - 2026-03-07 21:15:36 [debug    ] Lineage event recorded         claim_id=CLM-F6870713DB97 latency_ms=0 source=tx_enrichment target=sink_postgres
[2026-03-07T21:15:36.913+0000] {logging_mixin.py:188} INFO - 2026-03-07 21:15:36 [debug    ] Lineage event recorded         claim_id=CLM-53AF3174164F latency_ms=0.12803077697753906 source=src_claims_ingestion target=tx_validation
[2026-03-07T21:15:36.914+0000] {logging_mixin.py:188} INFO - 2026-03-07 21:15:36 [info     ] Claim validated                claim_id=CLM-53AF3174164F errors=1 latency_ms=0.13 valid=False
[2026-03-07T21:15:36.924+0000] {logging_mixin.py:188} INFO - 2026-03-07 21:15:36 [debug    ] Stored to S3                   key=rejected/2026/03/07/CLM-53AF3174164F.json
[2026-03-07T21:15:36.925+0000] {logging_mixin.py:188} INFO - 2026-03-07 21:15:36 [info     ] Processed 30 claims            throughput=3.92/s
[2026-03-07T21:15:36.954+0000] {logging_mixin.py:188} INFO - 2026-03-07 21:15:36 [debug    ] Lineage event recorded         claim_id=CLM-4AD7D7D59C2A latency_ms=0.11539459228515625 source=src_claims_ingestion target=tx_validation
[2026-03-07T21:15:36.955+0000] {logging_mixin.py:188} INFO - 2026-03-07 21:15:36 [info     ] Claim validated                claim_id=CLM-4AD7D7D59C2A errors=0 latency_ms=0.12 valid=True
[2026-03-07T21:15:36.963+0000] {logging_mixin.py:188} INFO - 2026-03-07 21:15:36 [debug    ] Stored to S3                   key=validated/2026/03/07/CLM-4AD7D7D59C2A.json
[2026-03-07T21:15:36.993+0000] {logging_mixin.py:188} INFO - 2026-03-07 21:15:36 [debug    ] Lineage event recorded         claim_id=CLM-4AD7D7D59C2A latency_ms=0.1480579376220703 source=tx_validation target=tx_fraud_detection
[2026-03-07T21:15:36.994+0000] {logging_mixin.py:188} INFO - 2026-03-07 21:15:36 [info     ] Claim fraud scored             claim_id=CLM-4AD7D7D59C2A fraud_score=0.181 risk_level=low rules=['high_amount', 'weekend_filing', 'late_filing']
[2026-03-07T21:15:37.001+0000] {logging_mixin.py:188} INFO - 2026-03-07 21:15:37 [debug    ] Stored to S3                   key=scored/2026/03/07/CLM-4AD7D7D59C2A.json
[2026-03-07T21:15:37.032+0000] {logging_mixin.py:188} INFO - 2026-03-07 21:15:37 [debug    ] Lineage event recorded         claim_id=CLM-4AD7D7D59C2A latency_ms=0.3802776336669922 source=tx_fraud_detection target=tx_enrichment
[2026-03-07T21:15:37.033+0000] {logging_mixin.py:188} INFO - 2026-03-07 21:15:37 [info     ] Claim enriched                 claim_id=CLM-4AD7D7D59C2A fields=['policy', 'claimant_history', 'geo_risk', 'category_analysis', 'adjuster_recommendation', 'reserve_estimate'] latency_ms=0.38
[2026-03-07T21:15:37.045+0000] {logging_mixin.py:188} INFO - 2026-03-07 21:15:37 [debug    ] Stored to S3                   key=enriched/2026/03/07/CLM-4AD7D7D59C2A.json
[2026-03-07T21:15:37.068+0000] {logging_mixin.py:188} INFO - 2026-03-07 21:15:37 [debug    ] Lineage event recorded         claim_id=CLM-4AD7D7D59C2A latency_ms=119.74883079528809 source=tx_enrichment target=sink_s3_datalake
[2026-03-07T21:15:37.093+0000] {logging_mixin.py:188} INFO - 2026-03-07 21:15:37 [debug    ] Stored to PostgreSQL           claim_id=CLM-4AD7D7D59C2A
[2026-03-07T21:15:37.124+0000] {logging_mixin.py:188} INFO - 2026-03-07 21:15:37 [debug    ] Lineage event recorded         claim_id=CLM-4AD7D7D59C2A latency_ms=0 source=tx_enrichment target=sink_postgres
[2026-03-07T21:15:37.149+0000] {logging_mixin.py:188} INFO - 2026-03-07 21:15:37 [debug    ] Lineage event recorded         claim_id=CLM-F46E54A2412E latency_ms=0.1544952392578125 source=src_claims_ingestion target=tx_validation
[2026-03-07T21:15:37.149+0000] {logging_mixin.py:188} INFO - 2026-03-07 21:15:37 [info     ] Claim validated                claim_id=CLM-F46E54A2412E errors=0 latency_ms=0.15 valid=True
[2026-03-07T21:15:37.156+0000] {logging_mixin.py:188} INFO - 2026-03-07 21:15:37 [debug    ] Stored to S3                   key=validated/2026/03/07/CLM-F46E54A2412E.json
[2026-03-07T21:15:37.188+0000] {logging_mixin.py:188} INFO - 2026-03-07 21:15:37 [debug    ] Lineage event recorded         claim_id=CLM-F46E54A2412E latency_ms=0.1919269561767578 source=tx_validation target=tx_fraud_detection
[2026-03-07T21:15:37.189+0000] {logging_mixin.py:188} INFO - 2026-03-07 21:15:37 [info     ] Claim fraud scored             claim_id=CLM-F46E54A2412E fraud_score=0.4733 risk_level=medium rules=['high_amount', 'weekend_filing', 'late_filing', 'excessive_amount_for_type']
[2026-03-07T21:15:37.200+0000] {logging_mixin.py:188} INFO - 2026-03-07 21:15:37 [debug    ] Stored to S3                   key=scored/2026/03/07/CLM-F46E54A2412E.json
[2026-03-07T21:15:37.226+0000] {logging_mixin.py:188} INFO - 2026-03-07 21:15:37 [debug    ] Lineage event recorded         claim_id=CLM-F46E54A2412E latency_ms=0.40268898010253906 source=tx_fraud_detection target=tx_enrichment
[2026-03-07T21:15:37.227+0000] {logging_mixin.py:188} INFO - 2026-03-07 21:15:37 [info     ] Claim enriched                 claim_id=CLM-F46E54A2412E fields=['policy', 'claimant_history', 'geo_risk', 'category_analysis', 'adjuster_recommendation', 'reserve_estimate'] latency_ms=0.4
[2026-03-07T21:15:37.235+0000] {logging_mixin.py:188} INFO - 2026-03-07 21:15:37 [debug    ] Stored to S3                   key=enriched/2026/03/07/CLM-F46E54A2412E.json
[2026-03-07T21:15:37.262+0000] {logging_mixin.py:188} INFO - 2026-03-07 21:15:37 [debug    ] Lineage event recorded         claim_id=CLM-F46E54A2412E latency_ms=110.25071144104004 source=tx_enrichment target=sink_s3_datalake
[2026-03-07T21:15:37.303+0000] {logging_mixin.py:188} INFO - 2026-03-07 21:15:37 [debug    ] Stored to PostgreSQL           claim_id=CLM-F46E54A2412E
[2026-03-07T21:15:37.344+0000] {logging_mixin.py:188} INFO - 2026-03-07 21:15:37 [debug    ] Lineage event recorded         claim_id=CLM-F46E54A2412E latency_ms=0 source=tx_enrichment target=sink_postgres
[2026-03-07T21:15:37.381+0000] {logging_mixin.py:188} INFO - 2026-03-07 21:15:37 [debug    ] Lineage event recorded         claim_id=CLM-CF9C0B06E5E9 latency_ms=0.2880096435546875 source=src_claims_ingestion target=tx_validation
[2026-03-07T21:15:37.382+0000] {logging_mixin.py:188} INFO - 2026-03-07 21:15:37 [info     ] Claim validated                claim_id=CLM-CF9C0B06E5E9 errors=1 latency_ms=0.29 valid=False
[2026-03-07T21:15:37.389+0000] {logging_mixin.py:188} INFO - 2026-03-07 21:15:37 [debug    ] Stored to S3                   key=rejected/2026/03/07/CLM-CF9C0B06E5E9.json
[2026-03-07T21:15:37.414+0000] {logging_mixin.py:188} INFO - 2026-03-07 21:15:37 [debug    ] Lineage event recorded         claim_id=CLM-D41493BA6C0A latency_ms=0.12135505676269531 source=src_claims_ingestion target=tx_validation
[2026-03-07T21:15:37.414+0000] {logging_mixin.py:188} INFO - 2026-03-07 21:15:37 [info     ] Claim validated                claim_id=CLM-D41493BA6C0A errors=0 latency_ms=0.12 valid=True
[2026-03-07T21:15:37.423+0000] {logging_mixin.py:188} INFO - 2026-03-07 21:15:37 [debug    ] Stored to S3                   key=validated/2026/03/07/CLM-D41493BA6C0A.json
[2026-03-07T21:15:37.449+0000] {logging_mixin.py:188} INFO - 2026-03-07 21:15:37 [debug    ] Lineage event recorded         claim_id=CLM-D41493BA6C0A latency_ms=0.186920166015625 source=tx_validation target=tx_fraud_detection
[2026-03-07T21:15:37.449+0000] {logging_mixin.py:188} INFO - 2026-03-07 21:15:37 [info     ] Claim fraud scored             claim_id=CLM-D41493BA6C0A fraud_score=0.4458 risk_level=medium rules=['high_amount', 'weekend_filing', 'late_filing', 'excessive_amount_for_type']
[2026-03-07T21:15:37.461+0000] {logging_mixin.py:188} INFO - 2026-03-07 21:15:37 [debug    ] Stored to S3                   key=scored/2026/03/07/CLM-D41493BA6C0A.json
[2026-03-07T21:15:37.492+0000] {logging_mixin.py:188} INFO - 2026-03-07 21:15:37 [debug    ] Lineage event recorded         claim_id=CLM-D41493BA6C0A latency_ms=0.3132820129394531 source=tx_fraud_detection target=tx_enrichment
[2026-03-07T21:15:37.493+0000] {logging_mixin.py:188} INFO - 2026-03-07 21:15:37 [info     ] Claim enriched                 claim_id=CLM-D41493BA6C0A fields=['policy', 'claimant_history', 'geo_risk', 'category_analysis', 'adjuster_recommendation', 'reserve_estimate'] latency_ms=0.31
[2026-03-07T21:15:37.501+0000] {logging_mixin.py:188} INFO - 2026-03-07 21:15:37 [debug    ] Stored to S3                   key=enriched/2026/03/07/CLM-D41493BA6C0A.json
[2026-03-07T21:15:37.527+0000] {logging_mixin.py:188} INFO - 2026-03-07 21:15:37 [debug    ] Lineage event recorded         claim_id=CLM-D41493BA6C0A latency_ms=111.40704154968262 source=tx_enrichment target=sink_s3_datalake
[2026-03-07T21:15:37.555+0000] {logging_mixin.py:188} INFO - 2026-03-07 21:15:37 [debug    ] Stored to PostgreSQL           claim_id=CLM-D41493BA6C0A
[2026-03-07T21:15:37.583+0000] {logging_mixin.py:188} INFO - 2026-03-07 21:15:37 [debug    ] Lineage event recorded         claim_id=CLM-D41493BA6C0A latency_ms=0 source=tx_enrichment target=sink_postgres
[2026-03-07T21:15:37.619+0000] {logging_mixin.py:188} INFO - 2026-03-07 21:15:37 [debug    ] Lineage event recorded         claim_id=CLM-664C238433BF latency_ms=0.3552436828613281 source=src_claims_ingestion target=tx_validation
[2026-03-07T21:15:37.620+0000] {logging_mixin.py:188} INFO - 2026-03-07 21:15:37 [info     ] Claim validated                claim_id=CLM-664C238433BF errors=1 latency_ms=0.36 valid=False
[2026-03-07T21:15:37.634+0000] {logging_mixin.py:188} INFO - 2026-03-07 21:15:37 [debug    ] Stored to S3                   key=rejected/2026/03/07/CLM-664C238433BF.json
[2026-03-07T21:15:37.658+0000] {logging_mixin.py:188} INFO - 2026-03-07 21:15:37 [debug    ] Lineage event recorded         claim_id=CLM-191C86F7AA19 latency_ms=0.15044212341308594 source=src_claims_ingestion target=tx_validation
[2026-03-07T21:15:37.659+0000] {logging_mixin.py:188} INFO - 2026-03-07 21:15:37 [info     ] Claim validated                claim_id=CLM-191C86F7AA19 errors=1 latency_ms=0.15 valid=False
[2026-03-07T21:15:37.667+0000] {logging_mixin.py:188} INFO - 2026-03-07 21:15:37 [debug    ] Stored to S3                   key=rejected/2026/03/07/CLM-191C86F7AA19.json
[2026-03-07T21:15:37.703+0000] {logging_mixin.py:188} INFO - 2026-03-07 21:15:37 [debug    ] Lineage event recorded         claim_id=CLM-5F146A6DBC10 latency_ms=0.11134147644042969 source=src_claims_ingestion target=tx_validation
[2026-03-07T21:15:37.704+0000] {logging_mixin.py:188} INFO - 2026-03-07 21:15:37 [info     ] Claim validated                claim_id=CLM-5F146A6DBC10 errors=0 latency_ms=0.11 valid=True
[2026-03-07T21:15:37.712+0000] {logging_mixin.py:188} INFO - 2026-03-07 21:15:37 [debug    ] Stored to S3                   key=validated/2026/03/07/CLM-5F146A6DBC10.json
[2026-03-07T21:15:37.737+0000] {logging_mixin.py:188} INFO - 2026-03-07 21:15:37 [debug    ] Lineage event recorded         claim_id=CLM-5F146A6DBC10 latency_ms=0.110626220703125 source=tx_validation target=tx_fraud_detection
[2026-03-07T21:15:37.738+0000] {logging_mixin.py:188} INFO - 2026-03-07 21:15:37 [info     ] Claim fraud scored             claim_id=CLM-5F146A6DBC10 fraud_score=0.4074 risk_level=medium rules=['high_amount', 'weekend_filing', 'excessive_amount_for_type']
[2026-03-07T21:15:37.746+0000] {logging_mixin.py:188} INFO - 2026-03-07 21:15:37 [debug    ] Stored to S3                   key=scored/2026/03/07/CLM-5F146A6DBC10.json
[2026-03-07T21:15:37.772+0000] {logging_mixin.py:188} INFO - 2026-03-07 21:15:37 [debug    ] Lineage event recorded         claim_id=CLM-5F146A6DBC10 latency_ms=0.25725364685058594 source=tx_fraud_detection target=tx_enrichment
[2026-03-07T21:15:37.773+0000] {logging_mixin.py:188} INFO - 2026-03-07 21:15:37 [info     ] Claim enriched                 claim_id=CLM-5F146A6DBC10 fields=['policy', 'claimant_history', 'geo_risk', 'category_analysis', 'adjuster_recommendation', 'reserve_estimate'] latency_ms=0.26
[2026-03-07T21:15:37.779+0000] {logging_mixin.py:188} INFO - 2026-03-07 21:15:37 [debug    ] Stored to S3                   key=enriched/2026/03/07/CLM-5F146A6DBC10.json
[2026-03-07T21:15:37.804+0000] {logging_mixin.py:188} INFO - 2026-03-07 21:15:37 [debug    ] Lineage event recorded         claim_id=CLM-5F146A6DBC10 latency_ms=111.95063591003418 source=tx_enrichment target=sink_s3_datalake
[2026-03-07T21:15:37.831+0000] {logging_mixin.py:188} INFO - 2026-03-07 21:15:37 [debug    ] Stored to PostgreSQL           claim_id=CLM-5F146A6DBC10
[2026-03-07T21:15:37.856+0000] {logging_mixin.py:188} INFO - 2026-03-07 21:15:37 [debug    ] Lineage event recorded         claim_id=CLM-5F146A6DBC10 latency_ms=0 source=tx_enrichment target=sink_postgres
[2026-03-07T21:15:37.883+0000] {logging_mixin.py:188} INFO - 2026-03-07 21:15:37 [debug    ] Lineage event recorded         claim_id=CLM-C067B1063306 latency_ms=0.12993812561035156 source=src_claims_ingestion target=tx_validation
[2026-03-07T21:15:37.884+0000] {logging_mixin.py:188} INFO - 2026-03-07 21:15:37 [info     ] Claim validated                claim_id=CLM-C067B1063306 errors=0 latency_ms=0.13 valid=True
[2026-03-07T21:15:37.894+0000] {logging_mixin.py:188} INFO - 2026-03-07 21:15:37 [debug    ] Stored to S3                   key=validated/2026/03/07/CLM-C067B1063306.json
[2026-03-07T21:15:37.923+0000] {logging_mixin.py:188} INFO - 2026-03-07 21:15:37 [debug    ] Lineage event recorded         claim_id=CLM-C067B1063306 latency_ms=0.17786026000976562 source=tx_validation target=tx_fraud_detection
[2026-03-07T21:15:37.924+0000] {logging_mixin.py:188} INFO - 2026-03-07 21:15:37 [info     ] Claim fraud scored             claim_id=CLM-C067B1063306 fraud_score=0.0759 risk_level=low rules=['weekend_filing']
[2026-03-07T21:15:37.933+0000] {logging_mixin.py:188} INFO - 2026-03-07 21:15:37 [debug    ] Stored to S3                   key=scored/2026/03/07/CLM-C067B1063306.json
[2026-03-07T21:15:37.959+0000] {logging_mixin.py:188} INFO - 2026-03-07 21:15:37 [debug    ] Lineage event recorded         claim_id=CLM-C067B1063306 latency_ms=0.3199577331542969 source=tx_fraud_detection target=tx_enrichment
[2026-03-07T21:15:37.959+0000] {logging_mixin.py:188} INFO - 2026-03-07 21:15:37 [info     ] Claim enriched                 claim_id=CLM-C067B1063306 fields=['policy', 'claimant_history', 'geo_risk', 'category_analysis', 'adjuster_recommendation', 'reserve_estimate'] latency_ms=0.32
[2026-03-07T21:15:37.967+0000] {logging_mixin.py:188} INFO - 2026-03-07 21:15:37 [debug    ] Stored to S3                   key=enriched/2026/03/07/CLM-C067B1063306.json
[2026-03-07T21:15:37.992+0000] {logging_mixin.py:188} INFO - 2026-03-07 21:15:37 [debug    ] Lineage event recorded         claim_id=CLM-C067B1063306 latency_ms=111.0677719116211 source=tx_enrichment target=sink_s3_datalake
[2026-03-07T21:15:38.014+0000] {logging_mixin.py:188} INFO - 2026-03-07 21:15:38 [debug    ] Stored to PostgreSQL           claim_id=CLM-C067B1063306
[2026-03-07T21:15:38.034+0000] {logging_mixin.py:188} INFO - 2026-03-07 21:15:38 [debug    ] Lineage event recorded         claim_id=CLM-C067B1063306 latency_ms=0 source=tx_enrichment target=sink_postgres
[2026-03-07T21:15:38.067+0000] {logging_mixin.py:188} INFO - 2026-03-07 21:15:38 [debug    ] Lineage event recorded         claim_id=CLM-2FD5C7DA73FD latency_ms=0.17905235290527344 source=src_claims_ingestion target=tx_validation
[2026-03-07T21:15:38.068+0000] {logging_mixin.py:188} INFO - 2026-03-07 21:15:38 [info     ] Claim validated                claim_id=CLM-2FD5C7DA73FD errors=0 latency_ms=0.18 valid=True
[2026-03-07T21:15:38.083+0000] {logging_mixin.py:188} INFO - 2026-03-07 21:15:38 [debug    ] Stored to S3                   key=validated/2026/03/07/CLM-2FD5C7DA73FD.json
[2026-03-07T21:15:38.116+0000] {logging_mixin.py:188} INFO - 2026-03-07 21:15:38 [debug    ] Lineage event recorded         claim_id=CLM-2FD5C7DA73FD latency_ms=0.13518333435058594 source=tx_validation target=tx_fraud_detection
[2026-03-07T21:15:38.118+0000] {logging_mixin.py:188} INFO - 2026-03-07 21:15:38 [info     ] Claim fraud scored             claim_id=CLM-2FD5C7DA73FD fraud_score=0.2206 risk_level=low rules=['high_amount', 'weekend_filing', 'late_filing']
[2026-03-07T21:15:38.137+0000] {logging_mixin.py:188} INFO - 2026-03-07 21:15:38 [debug    ] Stored to S3                   key=scored/2026/03/07/CLM-2FD5C7DA73FD.json
[2026-03-07T21:15:38.179+0000] {logging_mixin.py:188} INFO - 2026-03-07 21:15:38 [debug    ] Lineage event recorded         claim_id=CLM-2FD5C7DA73FD latency_ms=0.316619873046875 source=tx_fraud_detection target=tx_enrichment
[2026-03-07T21:15:38.180+0000] {logging_mixin.py:188} INFO - 2026-03-07 21:15:38 [info     ] Claim enriched                 claim_id=CLM-2FD5C7DA73FD fields=['policy', 'claimant_history', 'geo_risk', 'category_analysis', 'adjuster_recommendation', 'reserve_estimate'] latency_ms=0.32
[2026-03-07T21:15:38.192+0000] {logging_mixin.py:188} INFO - 2026-03-07 21:15:38 [debug    ] Stored to S3                   key=enriched/2026/03/07/CLM-2FD5C7DA73FD.json
[2026-03-07T21:15:38.240+0000] {logging_mixin.py:188} INFO - 2026-03-07 21:15:38 [debug    ] Lineage event recorded         claim_id=CLM-2FD5C7DA73FD latency_ms=157.66406059265137 source=tx_enrichment target=sink_s3_datalake
[2026-03-07T21:15:38.270+0000] {logging_mixin.py:188} INFO - 2026-03-07 21:15:38 [debug    ] Stored to PostgreSQL           claim_id=CLM-2FD5C7DA73FD
[2026-03-07T21:15:38.349+0000] {logging_mixin.py:188} INFO - 2026-03-07 21:15:38 [debug    ] Lineage event recorded         claim_id=CLM-2FD5C7DA73FD latency_ms=0 source=tx_enrichment target=sink_postgres
[2026-03-07T21:15:38.392+0000] {logging_mixin.py:188} INFO - 2026-03-07 21:15:38 [debug    ] Lineage event recorded         claim_id=CLM-1CFDBAE52125 latency_ms=0.2422332763671875 source=src_claims_ingestion target=tx_validation
[2026-03-07T21:15:38.398+0000] {logging_mixin.py:188} INFO - 2026-03-07 21:15:38 [info     ] Claim validated                claim_id=CLM-1CFDBAE52125 errors=0 latency_ms=0.24 valid=True
[2026-03-07T21:15:38.433+0000] {logging_mixin.py:188} INFO - 2026-03-07 21:15:38 [debug    ] Stored to S3                   key=validated/2026/03/07/CLM-1CFDBAE52125.json
[2026-03-07T21:15:38.462+0000] {logging_mixin.py:188} INFO - 2026-03-07 21:15:38 [debug    ] Lineage event recorded         claim_id=CLM-1CFDBAE52125 latency_ms=0.469207763671875 source=tx_validation target=tx_fraud_detection
[2026-03-07T21:15:38.462+0000] {logging_mixin.py:188} INFO - 2026-03-07 21:15:38 [info     ] Claim fraud scored             claim_id=CLM-1CFDBAE52125 fraud_score=0.2889 risk_level=low rules=['high_amount', 'weekend_filing', 'late_filing']
[2026-03-07T21:15:38.471+0000] {logging_mixin.py:188} INFO - 2026-03-07 21:15:38 [debug    ] Stored to S3                   key=scored/2026/03/07/CLM-1CFDBAE52125.json
[2026-03-07T21:15:38.493+0000] {logging_mixin.py:188} INFO - 2026-03-07 21:15:38 [debug    ] Lineage event recorded         claim_id=CLM-1CFDBAE52125 latency_ms=0.5893707275390625 source=tx_fraud_detection target=tx_enrichment
[2026-03-07T21:15:38.494+0000] {logging_mixin.py:188} INFO - 2026-03-07 21:15:38 [info     ] Claim enriched                 claim_id=CLM-1CFDBAE52125 fields=['policy', 'claimant_history', 'geo_risk', 'category_analysis', 'adjuster_recommendation', 'reserve_estimate'] latency_ms=0.59
[2026-03-07T21:15:38.503+0000] {logging_mixin.py:188} INFO - 2026-03-07 21:15:38 [debug    ] Stored to S3                   key=enriched/2026/03/07/CLM-1CFDBAE52125.json
[2026-03-07T21:15:38.529+0000] {logging_mixin.py:188} INFO - 2026-03-07 21:15:38 [debug    ] Lineage event recorded         claim_id=CLM-1CFDBAE52125 latency_ms=150.42352676391602 source=tx_enrichment target=sink_s3_datalake
[2026-03-07T21:15:38.557+0000] {logging_mixin.py:188} INFO - 2026-03-07 21:15:38 [debug    ] Stored to PostgreSQL           claim_id=CLM-1CFDBAE52125
[2026-03-07T21:15:38.585+0000] {logging_mixin.py:188} INFO - 2026-03-07 21:15:38 [debug    ] Lineage event recorded         claim_id=CLM-1CFDBAE52125 latency_ms=0 source=tx_enrichment target=sink_postgres
[2026-03-07T21:15:38.587+0000] {logging_mixin.py:188} INFO - 2026-03-07 21:15:38 [info     ] Processed 40 claims            throughput=4.29/s
[2026-03-07T21:15:38.590+0000] {logging_mixin.py:188} INFO - 2026-03-07 21:15:38 [error    ] Pipeline processing failed     error=1 validation error for InsuranceClaim
claim_amount
  Input should be greater than 0 [type=greater_than, input_value=-100, input_type=int]
    For further information visit https://errors.pydantic.dev/2.5/v/greater_than
[2026-03-07T21:15:38.623+0000] {logging_mixin.py:188} INFO - 2026-03-07 21:15:38 [debug    ] Lineage event recorded         claim_id=CLM-5882452F673F latency_ms=0.1628398895263672 source=src_claims_ingestion target=tx_validation
[2026-03-07T21:15:38.624+0000] {logging_mixin.py:188} INFO - 2026-03-07 21:15:38 [info     ] Claim validated                claim_id=CLM-5882452F673F errors=0 latency_ms=0.16 valid=True
[2026-03-07T21:15:38.635+0000] {logging_mixin.py:188} INFO - 2026-03-07 21:15:38 [debug    ] Stored to S3                   key=validated/2026/03/07/CLM-5882452F673F.json
[2026-03-07T21:15:38.703+0000] {logging_mixin.py:188} INFO - 2026-03-07 21:15:38 [debug    ] Lineage event recorded         claim_id=CLM-5882452F673F latency_ms=0.15306472778320312 source=tx_validation target=tx_fraud_detection
[2026-03-07T21:15:38.704+0000] {logging_mixin.py:188} INFO - 2026-03-07 21:15:38 [info     ] Claim fraud scored             claim_id=CLM-5882452F673F fraud_score=0.3646 risk_level=medium rules=['high_amount', 'weekend_filing', 'late_filing']
[2026-03-07T21:15:38.718+0000] {logging_mixin.py:188} INFO - 2026-03-07 21:15:38 [debug    ] Stored to S3                   key=scored/2026/03/07/CLM-5882452F673F.json
[2026-03-07T21:15:38.755+0000] {logging_mixin.py:188} INFO - 2026-03-07 21:15:38 [debug    ] Lineage event recorded         claim_id=CLM-5882452F673F latency_ms=0.33855438232421875 source=tx_fraud_detection target=tx_enrichment
[2026-03-07T21:15:38.755+0000] {logging_mixin.py:188} INFO - 2026-03-07 21:15:38 [info     ] Claim enriched                 claim_id=CLM-5882452F673F fields=['policy', 'claimant_history', 'geo_risk', 'category_analysis', 'adjuster_recommendation', 'reserve_estimate'] latency_ms=0.34
[2026-03-07T21:15:38.765+0000] {logging_mixin.py:188} INFO - 2026-03-07 21:15:38 [debug    ] Stored to S3                   key=enriched/2026/03/07/CLM-5882452F673F.json
[2026-03-07T21:15:38.799+0000] {logging_mixin.py:188} INFO - 2026-03-07 21:15:38 [debug    ] Lineage event recorded         claim_id=CLM-5882452F673F latency_ms=170.426607131958 source=tx_enrichment target=sink_s3_datalake
[2026-03-07T21:15:38.837+0000] {logging_mixin.py:188} INFO - 2026-03-07 21:15:38 [debug    ] Stored to PostgreSQL           claim_id=CLM-5882452F673F
[2026-03-07T21:15:38.890+0000] {logging_mixin.py:188} INFO - 2026-03-07 21:15:38 [debug    ] Lineage event recorded         claim_id=CLM-5882452F673F latency_ms=0 source=tx_enrichment target=sink_postgres
[2026-03-07T21:15:38.920+0000] {logging_mixin.py:188} INFO - 2026-03-07 21:15:38 [debug    ] Lineage event recorded         claim_id=CLM-EA7C5DD7E0C9 latency_ms=0.13184547424316406 source=src_claims_ingestion target=tx_validation
[2026-03-07T21:15:38.921+0000] {logging_mixin.py:188} INFO - 2026-03-07 21:15:38 [info     ] Claim validated                claim_id=CLM-EA7C5DD7E0C9 errors=0 latency_ms=0.13 valid=True
[2026-03-07T21:15:38.934+0000] {logging_mixin.py:188} INFO - 2026-03-07 21:15:38 [debug    ] Stored to S3                   key=validated/2026/03/07/CLM-EA7C5DD7E0C9.json
[2026-03-07T21:15:38.964+0000] {logging_mixin.py:188} INFO - 2026-03-07 21:15:38 [debug    ] Lineage event recorded         claim_id=CLM-EA7C5DD7E0C9 latency_ms=0.31495094299316406 source=tx_validation target=tx_fraud_detection
[2026-03-07T21:15:38.965+0000] {logging_mixin.py:188} INFO - 2026-03-07 21:15:38 [info     ] Claim fraud scored             claim_id=CLM-EA7C5DD7E0C9 fraud_score=0.0759 risk_level=low rules=['weekend_filing']
[2026-03-07T21:15:38.976+0000] {logging_mixin.py:188} INFO - 2026-03-07 21:15:38 [debug    ] Stored to S3                   key=scored/2026/03/07/CLM-EA7C5DD7E0C9.json
[2026-03-07T21:15:39.030+0000] {logging_mixin.py:188} INFO - 2026-03-07 21:15:39 [debug    ] Lineage event recorded         claim_id=CLM-EA7C5DD7E0C9 latency_ms=0.3592967987060547 source=tx_fraud_detection target=tx_enrichment
[2026-03-07T21:15:39.031+0000] {logging_mixin.py:188} INFO - 2026-03-07 21:15:39 [info     ] Claim enriched                 claim_id=CLM-EA7C5DD7E0C9 fields=['policy', 'claimant_history', 'geo_risk', 'category_analysis', 'adjuster_recommendation', 'reserve_estimate'] latency_ms=0.36
[2026-03-07T21:15:39.045+0000] {logging_mixin.py:188} INFO - 2026-03-07 21:15:39 [debug    ] Stored to S3                   key=enriched/2026/03/07/CLM-EA7C5DD7E0C9.json
[2026-03-07T21:15:39.077+0000] {logging_mixin.py:188} INFO - 2026-03-07 21:15:39 [debug    ] Lineage event recorded         claim_id=CLM-EA7C5DD7E0C9 latency_ms=154.96325492858887 source=tx_enrichment target=sink_s3_datalake
[2026-03-07T21:15:39.126+0000] {logging_mixin.py:188} INFO - 2026-03-07 21:15:39 [debug    ] Stored to PostgreSQL           claim_id=CLM-EA7C5DD7E0C9
[2026-03-07T21:15:39.156+0000] {logging_mixin.py:188} INFO - 2026-03-07 21:15:39 [debug    ] Lineage event recorded         claim_id=CLM-EA7C5DD7E0C9 latency_ms=0 source=tx_enrichment target=sink_postgres
[2026-03-07T21:15:39.201+0000] {logging_mixin.py:188} INFO - 2026-03-07 21:15:39 [debug    ] Lineage event recorded         claim_id=CLM-FE4C02F67491 latency_ms=0.24890899658203125 source=src_claims_ingestion target=tx_validation
[2026-03-07T21:15:39.202+0000] {logging_mixin.py:188} INFO - 2026-03-07 21:15:39 [info     ] Claim validated                claim_id=CLM-FE4C02F67491 errors=0 latency_ms=0.25 valid=True
[2026-03-07T21:15:39.212+0000] {logging_mixin.py:188} INFO - 2026-03-07 21:15:39 [debug    ] Stored to S3                   key=validated/2026/03/07/CLM-FE4C02F67491.json
[2026-03-07T21:15:39.241+0000] {logging_mixin.py:188} INFO - 2026-03-07 21:15:39 [debug    ] Lineage event recorded         claim_id=CLM-FE4C02F67491 latency_ms=0.16450881958007812 source=tx_validation target=tx_fraud_detection
[2026-03-07T21:15:39.241+0000] {logging_mixin.py:188} INFO - 2026-03-07 21:15:39 [info     ] Claim fraud scored             claim_id=CLM-FE4C02F67491 fraud_score=0.1949 risk_level=low rules=['weekend_filing', 'late_filing', 'excessive_amount_for_type']
[2026-03-07T21:15:39.251+0000] {logging_mixin.py:188} INFO - 2026-03-07 21:15:39 [debug    ] Stored to S3                   key=scored/2026/03/07/CLM-FE4C02F67491.json
[2026-03-07T21:15:39.290+0000] {logging_mixin.py:188} INFO - 2026-03-07 21:15:39 [debug    ] Lineage event recorded         claim_id=CLM-FE4C02F67491 latency_ms=0.293731689453125 source=tx_fraud_detection target=tx_enrichment
[2026-03-07T21:15:39.291+0000] {logging_mixin.py:188} INFO - 2026-03-07 21:15:39 [info     ] Claim enriched                 claim_id=CLM-FE4C02F67491 fields=['policy', 'claimant_history', 'geo_risk', 'category_analysis', 'adjuster_recommendation', 'reserve_estimate'] latency_ms=0.29
[2026-03-07T21:15:39.300+0000] {logging_mixin.py:188} INFO - 2026-03-07 21:15:39 [debug    ] Stored to S3                   key=enriched/2026/03/07/CLM-FE4C02F67491.json
[2026-03-07T21:15:39.330+0000] {logging_mixin.py:188} INFO - 2026-03-07 21:15:39 [debug    ] Lineage event recorded         claim_id=CLM-FE4C02F67491 latency_ms=143.71609687805176 source=tx_enrichment target=sink_s3_datalake
[2026-03-07T21:15:39.354+0000] {logging_mixin.py:188} INFO - 2026-03-07 21:15:39 [debug    ] Stored to PostgreSQL           claim_id=CLM-FE4C02F67491
[2026-03-07T21:15:39.381+0000] {logging_mixin.py:188} INFO - 2026-03-07 21:15:39 [debug    ] Lineage event recorded         claim_id=CLM-FE4C02F67491 latency_ms=0 source=tx_enrichment target=sink_postgres
[2026-03-07T21:15:39.410+0000] {logging_mixin.py:188} INFO - 2026-03-07 21:15:39 [debug    ] Lineage event recorded         claim_id=CLM-5A597FC2FD67 latency_ms=0.3535747528076172 source=src_claims_ingestion target=tx_validation
[2026-03-07T21:15:39.411+0000] {logging_mixin.py:188} INFO - 2026-03-07 21:15:39 [info     ] Claim validated                claim_id=CLM-5A597FC2FD67 errors=0 latency_ms=0.35 valid=True
[2026-03-07T21:15:39.420+0000] {logging_mixin.py:188} INFO - 2026-03-07 21:15:39 [debug    ] Stored to S3                   key=validated/2026/03/07/CLM-5A597FC2FD67.json
[2026-03-07T21:15:39.446+0000] {logging_mixin.py:188} INFO - 2026-03-07 21:15:39 [debug    ] Lineage event recorded         claim_id=CLM-5A597FC2FD67 latency_ms=0.1571178436279297 source=tx_validation target=tx_fraud_detection
[2026-03-07T21:15:39.447+0000] {logging_mixin.py:188} INFO - 2026-03-07 21:15:39 [info     ] Claim fraud scored             claim_id=CLM-5A597FC2FD67 fraud_score=0.1152 risk_level=low rules=['weekend_filing', 'late_filing']
[2026-03-07T21:15:39.456+0000] {logging_mixin.py:188} INFO - 2026-03-07 21:15:39 [debug    ] Stored to S3                   key=scored/2026/03/07/CLM-5A597FC2FD67.json
[2026-03-07T21:15:39.480+0000] {logging_mixin.py:188} INFO - 2026-03-07 21:15:39 [debug    ] Lineage event recorded         claim_id=CLM-5A597FC2FD67 latency_ms=0.41484832763671875 source=tx_fraud_detection target=tx_enrichment
[2026-03-07T21:15:39.481+0000] {logging_mixin.py:188} INFO - 2026-03-07 21:15:39 [info     ] Claim enriched                 claim_id=CLM-5A597FC2FD67 fields=['policy', 'claimant_history', 'geo_risk', 'category_analysis', 'adjuster_recommendation', 'reserve_estimate'] latency_ms=0.41
[2026-03-07T21:15:39.489+0000] {logging_mixin.py:188} INFO - 2026-03-07 21:15:39 [debug    ] Stored to S3                   key=enriched/2026/03/07/CLM-5A597FC2FD67.json
[2026-03-07T21:15:39.512+0000] {logging_mixin.py:188} INFO - 2026-03-07 21:15:39 [debug    ] Lineage event recorded         claim_id=CLM-5A597FC2FD67 latency_ms=107.70511627197266 source=tx_enrichment target=sink_s3_datalake
[2026-03-07T21:15:39.534+0000] {logging_mixin.py:188} INFO - 2026-03-07 21:15:39 [debug    ] Stored to PostgreSQL           claim_id=CLM-5A597FC2FD67
[2026-03-07T21:15:39.560+0000] {logging_mixin.py:188} INFO - 2026-03-07 21:15:39 [debug    ] Lineage event recorded         claim_id=CLM-5A597FC2FD67 latency_ms=0 source=tx_enrichment target=sink_postgres
[2026-03-07T21:15:39.582+0000] {logging_mixin.py:188} INFO - 2026-03-07 21:15:39 [debug    ] Lineage event recorded         claim_id=CLM-48ED1D89DB1C latency_ms=0.09608268737792969 source=src_claims_ingestion target=tx_validation
[2026-03-07T21:15:39.583+0000] {logging_mixin.py:188} INFO - 2026-03-07 21:15:39 [info     ] Claim validated                claim_id=CLM-48ED1D89DB1C errors=0 latency_ms=0.1 valid=True
[2026-03-07T21:15:39.592+0000] {logging_mixin.py:188} INFO - 2026-03-07 21:15:39 [debug    ] Stored to S3                   key=validated/2026/03/07/CLM-48ED1D89DB1C.json
[2026-03-07T21:15:39.614+0000] {logging_mixin.py:188} INFO - 2026-03-07 21:15:39 [debug    ] Lineage event recorded         claim_id=CLM-48ED1D89DB1C latency_ms=0.25391578674316406 source=tx_validation target=tx_fraud_detection
[2026-03-07T21:15:39.614+0000] {logging_mixin.py:188} INFO - 2026-03-07 21:15:39 [info     ] Claim fraud scored             claim_id=CLM-48ED1D89DB1C fraud_score=0.3591 risk_level=medium rules=['high_amount', 'weekend_filing', 'excessive_amount_for_type']
[2026-03-07T21:15:39.621+0000] {logging_mixin.py:188} INFO - 2026-03-07 21:15:39 [debug    ] Stored to S3                   key=scored/2026/03/07/CLM-48ED1D89DB1C.json
[2026-03-07T21:15:39.658+0000] {logging_mixin.py:188} INFO - 2026-03-07 21:15:39 [debug    ] Lineage event recorded         claim_id=CLM-48ED1D89DB1C latency_ms=0.20599365234375 source=tx_fraud_detection target=tx_enrichment
[2026-03-07T21:15:39.659+0000] {logging_mixin.py:188} INFO - 2026-03-07 21:15:39 [info     ] Claim enriched                 claim_id=CLM-48ED1D89DB1C fields=['policy', 'claimant_history', 'geo_risk', 'category_analysis', 'adjuster_recommendation', 'reserve_estimate'] latency_ms=0.21
[2026-03-07T21:15:39.670+0000] {logging_mixin.py:188} INFO - 2026-03-07 21:15:39 [debug    ] Stored to S3                   key=enriched/2026/03/07/CLM-48ED1D89DB1C.json
[2026-03-07T21:15:40.309+0000] {logging_mixin.py:188} INFO - 2026-03-07 21:15:40 [debug    ] Lineage event recorded         claim_id=CLM-48ED1D89DB1C latency_ms=110.20588874816895 source=tx_enrichment target=sink_s3_datalake
[2026-03-07T21:15:40.333+0000] {logging_mixin.py:188} INFO - 2026-03-07 21:15:40 [debug    ] Stored to PostgreSQL           claim_id=CLM-48ED1D89DB1C
[2026-03-07T21:15:40.360+0000] {logging_mixin.py:188} INFO - 2026-03-07 21:15:40 [debug    ] Lineage event recorded         claim_id=CLM-48ED1D89DB1C latency_ms=0 source=tx_enrichment target=sink_postgres
[2026-03-07T21:15:40.388+0000] {logging_mixin.py:188} INFO - 2026-03-07 21:15:40 [debug    ] Lineage event recorded         claim_id=CLM-40F948CF9FF8 latency_ms=0.1304149627685547 source=src_claims_ingestion target=tx_validation
[2026-03-07T21:15:40.389+0000] {logging_mixin.py:188} INFO - 2026-03-07 21:15:40 [info     ] Claim validated                claim_id=CLM-40F948CF9FF8 errors=0 latency_ms=0.13 valid=True
[2026-03-07T21:15:40.398+0000] {logging_mixin.py:188} INFO - 2026-03-07 21:15:40 [debug    ] Stored to S3                   key=validated/2026/03/07/CLM-40F948CF9FF8.json
[2026-03-07T21:15:40.417+0000] {logging_mixin.py:188} INFO - 2026-03-07 21:15:40 [debug    ] Lineage event recorded         claim_id=CLM-40F948CF9FF8 latency_ms=0.12111663818359375 source=tx_validation target=tx_fraud_detection
[2026-03-07T21:15:40.418+0000] {logging_mixin.py:188} INFO - 2026-03-07 21:15:40 [info     ] Claim fraud scored             claim_id=CLM-40F948CF9FF8 fraud_score=0.0759 risk_level=low rules=['weekend_filing']
[2026-03-07T21:15:40.424+0000] {logging_mixin.py:188} INFO - 2026-03-07 21:15:40 [debug    ] Stored to S3                   key=scored/2026/03/07/CLM-40F948CF9FF8.json
[2026-03-07T21:15:40.463+0000] {logging_mixin.py:188} INFO - 2026-03-07 21:15:40 [debug    ] Lineage event recorded         claim_id=CLM-40F948CF9FF8 latency_ms=0.232696533203125 source=tx_fraud_detection target=tx_enrichment
[2026-03-07T21:15:40.465+0000] {logging_mixin.py:188} INFO - 2026-03-07 21:15:40 [info     ] Claim enriched                 claim_id=CLM-40F948CF9FF8 fields=['policy', 'claimant_history', 'geo_risk', 'category_analysis', 'adjuster_recommendation', 'reserve_estimate'] latency_ms=0.23
[2026-03-07T21:15:40.472+0000] {logging_mixin.py:188} INFO - 2026-03-07 21:15:40 [debug    ] Stored to S3                   key=enriched/2026/03/07/CLM-40F948CF9FF8.json
[2026-03-07T21:15:40.495+0000] {logging_mixin.py:188} INFO - 2026-03-07 21:15:40 [debug    ] Lineage event recorded         claim_id=CLM-40F948CF9FF8 latency_ms=111.52935028076172 source=tx_enrichment target=sink_s3_datalake
[2026-03-07T21:15:40.513+0000] {logging_mixin.py:188} INFO - 2026-03-07 21:15:40 [debug    ] Stored to PostgreSQL           claim_id=CLM-40F948CF9FF8
[2026-03-07T21:15:40.530+0000] {logging_mixin.py:188} INFO - 2026-03-07 21:15:40 [debug    ] Lineage event recorded         claim_id=CLM-40F948CF9FF8 latency_ms=0 source=tx_enrichment target=sink_postgres
[2026-03-07T21:15:40.549+0000] {logging_mixin.py:188} INFO - 2026-03-07 21:15:40 [debug    ] Lineage event recorded         claim_id=CLM-ACE1B0A834BB latency_ms=0.08082389831542969 source=src_claims_ingestion target=tx_validation
[2026-03-07T21:15:40.549+0000] {logging_mixin.py:188} INFO - 2026-03-07 21:15:40 [info     ] Claim validated                claim_id=CLM-ACE1B0A834BB errors=1 latency_ms=0.08 valid=False
[2026-03-07T21:15:40.556+0000] {logging_mixin.py:188} INFO - 2026-03-07 21:15:40 [debug    ] Stored to S3                   key=rejected/2026/03/07/CLM-ACE1B0A834BB.json
[2026-03-07T21:15:40.576+0000] {logging_mixin.py:188} INFO - 2026-03-07 21:15:40 [debug    ] Lineage event recorded         claim_id=CLM-5EC577FB8CF3 latency_ms=0.10347366333007812 source=src_claims_ingestion target=tx_validation
[2026-03-07T21:15:40.577+0000] {logging_mixin.py:188} INFO - 2026-03-07 21:15:40 [info     ] Claim validated                claim_id=CLM-5EC577FB8CF3 errors=0 latency_ms=0.1 valid=True
[2026-03-07T21:15:40.584+0000] {logging_mixin.py:188} INFO - 2026-03-07 21:15:40 [debug    ] Stored to S3                   key=validated/2026/03/07/CLM-5EC577FB8CF3.json
[2026-03-07T21:15:40.605+0000] {logging_mixin.py:188} INFO - 2026-03-07 21:15:40 [debug    ] Lineage event recorded         claim_id=CLM-5EC577FB8CF3 latency_ms=0.13375282287597656 source=tx_validation target=tx_fraud_detection
[2026-03-07T21:15:40.605+0000] {logging_mixin.py:188} INFO - 2026-03-07 21:15:40 [info     ] Claim fraud scored             claim_id=CLM-5EC577FB8CF3 fraud_score=0.2172 risk_level=low rules=['high_amount', 'weekend_filing', 'late_filing']
[2026-03-07T21:15:40.612+0000] {logging_mixin.py:188} INFO - 2026-03-07 21:15:40 [debug    ] Stored to S3                   key=scored/2026/03/07/CLM-5EC577FB8CF3.json
[2026-03-07T21:15:40.643+0000] {logging_mixin.py:188} INFO - 2026-03-07 21:15:40 [debug    ] Lineage event recorded         claim_id=CLM-5EC577FB8CF3 latency_ms=0.1659393310546875 source=tx_fraud_detection target=tx_enrichment
[2026-03-07T21:15:40.644+0000] {logging_mixin.py:188} INFO - 2026-03-07 21:15:40 [info     ] Claim enriched                 claim_id=CLM-5EC577FB8CF3 fields=['policy', 'claimant_history', 'geo_risk', 'category_analysis', 'adjuster_recommendation', 'reserve_estimate'] latency_ms=0.17
[2026-03-07T21:15:40.650+0000] {logging_mixin.py:188} INFO - 2026-03-07 21:15:40 [debug    ] Stored to S3                   key=enriched/2026/03/07/CLM-5EC577FB8CF3.json
[2026-03-07T21:15:40.667+0000] {logging_mixin.py:188} INFO - 2026-03-07 21:15:40 [debug    ] Lineage event recorded         claim_id=CLM-5EC577FB8CF3 latency_ms=93.26553344726562 source=tx_enrichment target=sink_s3_datalake
[2026-03-07T21:15:40.685+0000] {logging_mixin.py:188} INFO - 2026-03-07 21:15:40 [debug    ] Stored to PostgreSQL           claim_id=CLM-5EC577FB8CF3
[2026-03-07T21:15:40.701+0000] {logging_mixin.py:188} INFO - 2026-03-07 21:15:40 [debug    ] Lineage event recorded         claim_id=CLM-5EC577FB8CF3 latency_ms=0 source=tx_enrichment target=sink_postgres
[2026-03-07T21:15:40.716+0000] {logging_mixin.py:188} INFO - 2026-03-07 21:15:40 [debug    ] Lineage event recorded         claim_id=CLM-22440652F7F8 latency_ms=0.07534027099609375 source=src_claims_ingestion target=tx_validation
[2026-03-07T21:15:40.716+0000] {logging_mixin.py:188} INFO - 2026-03-07 21:15:40 [info     ] Claim validated                claim_id=CLM-22440652F7F8 errors=0 latency_ms=0.08 valid=True
[2026-03-07T21:15:40.721+0000] {logging_mixin.py:188} INFO - 2026-03-07 21:15:40 [debug    ] Stored to S3                   key=validated/2026/03/07/CLM-22440652F7F8.json
[2026-03-07T21:15:40.738+0000] {logging_mixin.py:188} INFO - 2026-03-07 21:15:40 [debug    ] Lineage event recorded         claim_id=CLM-22440652F7F8 latency_ms=0.09655952453613281 source=tx_validation target=tx_fraud_detection
[2026-03-07T21:15:40.738+0000] {logging_mixin.py:188} INFO - 2026-03-07 21:15:40 [info     ] Claim fraud scored             claim_id=CLM-22440652F7F8 fraud_score=0.1465 risk_level=low rules=['weekend_filing', 'late_filing', 'excessive_amount_for_type']
[2026-03-07T21:15:40.743+0000] {logging_mixin.py:188} INFO - 2026-03-07 21:15:40 [debug    ] Stored to S3                   key=scored/2026/03/07/CLM-22440652F7F8.json
[2026-03-07T21:15:40.757+0000] {logging_mixin.py:188} INFO - 2026-03-07 21:15:40 [debug    ] Lineage event recorded         claim_id=CLM-22440652F7F8 latency_ms=0.14853477478027344 source=tx_fraud_detection target=tx_enrichment
[2026-03-07T21:15:40.757+0000] {logging_mixin.py:188} INFO - 2026-03-07 21:15:40 [info     ] Claim enriched                 claim_id=CLM-22440652F7F8 fields=['policy', 'claimant_history', 'geo_risk', 'category_analysis', 'adjuster_recommendation', 'reserve_estimate'] latency_ms=0.15
[2026-03-07T21:15:40.763+0000] {logging_mixin.py:188} INFO - 2026-03-07 21:15:40 [debug    ] Stored to S3                   key=enriched/2026/03/07/CLM-22440652F7F8.json
[2026-03-07T21:15:40.777+0000] {logging_mixin.py:188} INFO - 2026-03-07 21:15:40 [debug    ] Lineage event recorded         claim_id=CLM-22440652F7F8 latency_ms=61.589717864990234 source=tx_enrichment target=sink_s3_datalake
[2026-03-07T21:15:40.796+0000] {logging_mixin.py:188} INFO - 2026-03-07 21:15:40 [debug    ] Stored to PostgreSQL           claim_id=CLM-22440652F7F8
[2026-03-07T21:15:40.810+0000] {logging_mixin.py:188} INFO - 2026-03-07 21:15:40 [debug    ] Lineage event recorded         claim_id=CLM-22440652F7F8 latency_ms=0 source=tx_enrichment target=sink_postgres
[2026-03-07T21:15:40.811+0000] {logging_mixin.py:188} INFO - 2026-03-07 21:15:40 [info     ] Processed 50 claims            throughput=4.33/s
[2026-03-07T21:15:40.818+0000] {logging_mixin.py:188} INFO - 2026-03-07 21:15:40 [info     ] Stream processor stopped. Total processed: 50
[2026-03-07T21:15:40.819+0000] {logging_mixin.py:188} INFO - Stream processing completed for 50 claims
[2026-03-07T21:15:40.820+0000] {python.py:201} INFO - Done. Returned value was: 50
[2026-03-07T21:15:40.847+0000] {taskinstance.py:1138} INFO - Marking task as SUCCESS. dag_id=insurance_claims_pipeline, task_id=stream_processing, execution_date=20260307T210000, start_date=20260307T211528, end_date=20260307T211540
[2026-03-07T21:15:40.907+0000] {local_task_job_runner.py:234} INFO - Task exited with return code 0
[2026-03-07T21:15:40.954+0000] {taskinstance.py:3280} INFO - 2 downstream tasks scheduled from follow-on schedule check
